"filename", "language", "YAML", "Dart", "JSON", "Markdown", "Shell Script", "Ruby", "Gradle", "Java Properties", "XML", "Swift", "C++", "comment", "blank", "total"
"d:\projects\flutter\49-mobile-app\README.md", "Markdown", 0, 0, 0, 10, 0, 0, 0, 0, 0, 0, 0, 0, 7, 17
"d:\projects\flutter\49-mobile-app\analysis_options.yaml", "YAML", 3, 0, 0, 0, 0, 0, 0, 0, 0, 0, 0, 22, 4, 29
"d:\projects\flutter\49-mobile-app\android\app\build.gradle", "Gradle", 0, 0, 0, 0, 0, 0, 61, 0, 0, 0, 0, 8, 15, 84
"d:\projects\flutter\49-mobile-app\android\app\google-services.json", "JSON", 0, 0, 170, 0, 0, 0, 0, 0, 0, 0, 0, 0, 0, 170
"d:\projects\flutter\49-mobile-app\android\app\src\debug\AndroidManifest.xml", "XML", 0, 0, 0, 0, 0, 0, 0, 0, 3, 0, 0, 4, 1, 8
"d:\projects\flutter\49-mobile-app\android\app\src\main\AndroidManifest.xml", "XML", 0, 0, 0, 0, 0, 0, 0, 0, 94, 0, 0, 17, 5, 116
"d:\projects\flutter\49-mobile-app\android\app\src\main\res\drawable-v21\launch_background.xml", "XML", 0, 0, 0, 0, 0, 0, 0, 0, 4, 0, 0, 7, 2, 13
"d:\projects\flutter\49-mobile-app\android\app\src\main\res\drawable\launch_background.xml", "XML", 0, 0, 0, 0, 0, 0, 0, 0, 4, 0, 0, 7, 2, 13
"d:\projects\flutter\49-mobile-app\android\app\src\main\res\values-night\styles.xml", "XML", 0, 0, 0, 0, 0, 0, 0, 0, 9, 0, 0, 9, 1, 19
"d:\projects\flutter\49-mobile-app\android\app\src\main\res\values\strings.xml", "XML", 0, 0, 0, 0, 0, 0, 0, 0, 6, 0, 0, 0, 1, 7
"d:\projects\flutter\49-mobile-app\android\app\src\main\res\values\styles.xml", "XML", 0, 0, 0, 0, 0, 0, 0, 0, 9, 0, 0, 9, 1, 19
"d:\projects\flutter\49-mobile-app\android\app\src\profile\AndroidManifest.xml", "XML", 0, 0, 0, 0, 0, 0, 0, 0, 3, 0, 0, 4, 1, 8
"d:\projects\flutter\49-mobile-app\android\build.gradle", "Gradle", 0, 0, 0, 0, 0, 0, 37, 0, 0, 0, 0, 0, 5, 42
"d:\projects\flutter\49-mobile-app\android\gradle.properties", "Java Properties", 0, 0, 0, 0, 0, 0, 0, 5, 0, 0, 0, 0, 0, 5
"d:\projects\flutter\49-mobile-app\android\gradle\wrapper\gradle-wrapper.properties", "Java Properties", 0, 0, 0, 0, 0, 0, 0, 5, 0, 0, 0, 0, 1, 6
"d:\projects\flutter\49-mobile-app\android\settings.gradle", "Gradle", 0, 0, 0, 0, 0, 0, 23, 0, 0, 0, 0, 2, 5, 30
"d:\projects\flutter\49-mobile-app\assets\icons\camera_icon.svg", "XML", 0, 0, 0, 0, 0, 0, 0, 0, 1, 0, 0, 0, 1, 2
"d:\projects\flutter\49-mobile-app\assets\icons\comment_dots.svg", "XML", 0, 0, 0, 0, 0, 0, 0, 0, 12, 0, 0, 4, 6, 22
"d:\projects\flutter\49-mobile-app\assets\icons\spotlight.svg", "XML", 0, 0, 0, 0, 0, 0, 0, 0, 1, 0, 0, 0, 1, 2
"d:\projects\flutter\49-mobile-app\assets\images\burger_icon.svg", "XML", 0, 0, 0, 0, 0, 0, 0, 0, 7, 0, 0, 0, 1, 8
"d:\projects\flutter\49-mobile-app\assets\images\butterfly.svg", "XML", 0, 0, 0, 0, 0, 0, 0, 0, 1, 0, 0, 0, 0, 1
"d:\projects\flutter\49-mobile-app\assets\images\cheetah.svg", "XML", 0, 0, 0, 0, 0, 0, 0, 0, 1, 0, 0, 0, 0, 1
"d:\projects\flutter\49-mobile-app\assets\images\doctor_icon.svg", "XML", 0, 0, 0, 0, 0, 0, 0, 0, 8, 0, 0, 0, 1, 9
"d:\projects\flutter\49-mobile-app\assets\images\elephant.svg", "XML", 0, 0, 0, 0, 0, 0, 0, 0, 174, 0, 0, 0, 0, 174
"d:\projects\flutter\49-mobile-app\assets\images\flower.svg", "XML", 0, 0, 0, 0, 0, 0, 0, 0, 1, 0, 0, 0, 0, 1
"d:\projects\flutter\49-mobile-app\assets\images\gift.svg", "XML", 0, 0, 0, 0, 0, 0, 0, 0, 20, 0, 0, 1, 0, 21
"d:\projects\flutter\49-mobile-app\assets\images\goods_icon.svg", "XML", 0, 0, 0, 0, 0, 0, 0, 0, 6, 0, 0, 0, 1, 7
"d:\projects\flutter\49-mobile-app\assets\images\lion.svg", "XML", 0, 0, 0, 0, 0, 0, 0, 0, 1, 0, 0, 0, 0, 1
"d:\projects\flutter\49-mobile-app\assets\images\lists_icon.svg", "XML", 0, 0, 0, 0, 0, 0, 0, 0, 8, 0, 0, 0, 1, 9
"d:\projects\flutter\49-mobile-app\assets\images\live.svg", "XML", 0, 0, 0, 0, 0, 0, 0, 0, 11, 0, 0, 0, 0, 11
"d:\projects\flutter\49-mobile-app\assets\images\live_icon.svg", "XML", 0, 0, 0, 0, 0, 0, 0, 0, 18, 0, 0, 0, 1, 19
"d:\projects\flutter\49-mobile-app\assets\images\message.svg", "XML", 0, 0, 0, 0, 0, 0, 0, 0, 6, 0, 0, 0, 1, 7
"d:\projects\flutter\49-mobile-app\assets\images\mobile_icon.svg", "XML", 0, 0, 0, 0, 0, 0, 0, 0, 32, 0, 0, 0, 0, 32
"d:\projects\flutter\49-mobile-app\assets\images\radio.svg", "XML", 0, 0, 0, 0, 0, 0, 0, 0, 15, 0, 0, 0, 0, 15
"d:\projects\flutter\49-mobile-app\assets\images\reel_icon.svg", "XML", 0, 0, 0, 0, 0, 0, 0, 0, 8, 0, 0, 0, 1, 9
"d:\projects\flutter\49-mobile-app\assets\images\ride_icon.svg", "XML", 0, 0, 0, 0, 0, 0, 0, 0, 4, 0, 0, 0, 1, 5
"d:\projects\flutter\49-mobile-app\assets\images\snake.svg", "XML", 0, 0, 0, 0, 0, 0, 0, 0, 275, 0, 0, 0, 0, 275
"d:\projects\flutter\49-mobile-app\assets\images\social.svg", "XML", 0, 0, 0, 0, 0, 0, 0, 0, 6, 0, 0, 0, 1, 7
"d:\projects\flutter\49-mobile-app\assets\images\super_gifts.svg", "XML", 0, 0, 0, 0, 0, 0, 0, 0, 29, 0, 0, 1, 0, 30
"d:\projects\flutter\49-mobile-app\assets\images\three_dots.svg", "XML", 0, 0, 0, 0, 0, 0, 0, 0, 18, 0, 0, 0, 1, 19
"d:\projects\flutter\49-mobile-app\assets\images\tinder.svg", "XML", 0, 0, 0, 0, 0, 0, 0, 0, 6, 0, 0, 0, 1, 7
"d:\projects\flutter\49-mobile-app\assets\images\twitter.svg", "XML", 0, 0, 0, 0, 0, 0, 0, 0, 11, 0, 0, 0, 0, 11
"d:\projects\flutter\49-mobile-app\assets\images\voice_live.svg", "XML", 0, 0, 0, 0, 0, 0, 0, 0, 11, 0, 0, 0, 0, 11
"d:\projects\flutter\49-mobile-app\assets\images\white_board.svg", "XML", 0, 0, 0, 0, 0, 0, 0, 0, 1, 0, 0, 0, 0, 1
"d:\projects\flutter\49-mobile-app\assets\images\zoom.svg", "XML", 0, 0, 0, 0, 0, 0, 0, 0, 11, 0, 0, 0, 0, 11
"d:\projects\flutter\49-mobile-app\assets\images\zoom_icon.svg", "XML", 0, 0, 0, 0, 0, 0, 0, 0, 11, 0, 0, 0, 0, 11
"d:\projects\flutter\49-mobile-app\assets\images\zoom_meeting.svg", "XML", 0, 0, 0, 0, 0, 0, 0, 0, 11, 0, 0, 0, 0, 11
"d:\projects\flutter\49-mobile-app\assets\json\activities.json", "JSON", 0, 0, 18, 0, 0, 0, 0, 0, 0, 0, 0, 0, 0, 18
"d:\projects\flutter\49-mobile-app\assets\json\ad_details.json", "JSON", 0, 0, 61, 0, 0, 0, 0, 0, 0, 0, 0, 0, 4, 65
"d:\projects\flutter\49-mobile-app\assets\json\ad_properties.json", "JSON", 0, 0, 39, 0, 0, 0, 0, 0, 0, 0, 0, 0, 0, 39
"d:\projects\flutter\49-mobile-app\assets\json\ads_list.json", "JSON", 0, 0, 135, 0, 0, 0, 0, 0, 0, 0, 0, 0, 8, 143
"d:\projects\flutter\49-mobile-app\assets\json\auction_categories.json", "JSON", 0, 0, 23, 0, 0, 0, 0, 0, 0, 0, 0, 0, 0, 23
"d:\projects\flutter\49-mobile-app\assets\json\auction_details.json", "JSON", 0, 0, 107, 0, 0, 0, 0, 0, 0, 0, 0, 0, 4, 111
"d:\projects\flutter\49-mobile-app\assets\json\auction_list.json", "JSON", 0, 0, 81, 0, 0, 0, 0, 0, 0, 0, 0, 0, 3, 84
"d:\projects\flutter\49-mobile-app\assets\json\balance_history_list.json", "JSON", 0, 0, 22, 0, 0, 0, 0, 0, 0, 0, 0, 0, 0, 22
"d:\projects\flutter\49-mobile-app\assets\json\cancel_reasons.json", "JSON", 0, 0, 24, 0, 0, 0, 0, 0, 0, 0, 0, 0, 1, 25
"d:\projects\flutter\49-mobile-app\assets\json\car_types.json", "JSON", 0, 0, 32, 0, 0, 0, 0, 0, 0, 0, 0, 0, 0, 32
"d:\projects\flutter\49-mobile-app\assets\json\cities_list.json", "JSON", 0, 0, 24, 0, 0, 0, 0, 0, 0, 0, 0, 0, 0, 24
"d:\projects\flutter\49-mobile-app\assets\json\company_ads.json", "JSON", 0, 0, 40, 0, 0, 0, 0, 0, 0, 0, 0, 0, 2, 42
"d:\projects\flutter\49-mobile-app\assets\json\competitions_list.json", "JSON", 0, 0, 29, 0, 0, 0, 0, 0, 0, 0, 0, 0, 0, 29
"d:\projects\flutter\49-mobile-app\assets\json\doctor_appointments.json", "JSON", 0, 0, 36, 0, 0, 0, 0, 0, 0, 0, 0, 0, 0, 36
"d:\projects\flutter\49-mobile-app\assets\json\doctor_bookings_list.json", "JSON", 0, 0, 60, 0, 0, 0, 0, 0, 0, 0, 0, 0, 2, 62
"d:\projects\flutter\49-mobile-app\assets\json\doctor_details.json", "JSON", 0, 0, 96, 0, 0, 0, 0, 0, 0, 0, 0, 0, 2, 98
"d:\projects\flutter\49-mobile-app\assets\json\doctor_list.json", "JSON", 0, 0, 72, 0, 0, 0, 0, 0, 0, 0, 0, 0, 1, 73
"d:\projects\flutter\49-mobile-app\assets\json\driver.json", "JSON", 0, 0, 39, 0, 0, 0, 0, 0, 0, 0, 0, 0, 1, 40
"d:\projects\flutter\49-mobile-app\assets\json\driver_new_trips.json", "JSON", 0, 0, 75, 0, 0, 0, 0, 0, 0, 0, 0, 0, 4, 79
"d:\projects\flutter\49-mobile-app\assets\json\driver_statistics.json", "JSON", 0, 0, 11, 0, 0, 0, 0, 0, 0, 0, 0, 0, 0, 11
"d:\projects\flutter\49-mobile-app\assets\json\expected_price.json", "JSON", 0, 0, 9, 0, 0, 0, 0, 0, 0, 0, 0, 0, 0, 9
"d:\projects\flutter\49-mobile-app\assets\json\favourite_ads_list.json", "JSON", 0, 0, 75, 0, 0, 0, 0, 0, 0, 0, 0, 0, 3, 78
"d:\projects\flutter\49-mobile-app\assets\json\favourite_categories_list.json", "JSON", 0, 0, 28, 0, 0, 0, 0, 0, 0, 0, 0, 0, 0, 28
"d:\projects\flutter\49-mobile-app\assets\json\favourite_subcategories_list.json", "JSON", 0, 0, 26, 0, 0, 0, 0, 0, 0, 0, 0, 0, 0, 26
"d:\projects\flutter\49-mobile-app\assets\json\feelings.json", "JSON", 0, 0, 18, 0, 0, 0, 0, 0, 0, 0, 0, 0, 0, 18
"d:\projects\flutter\49-mobile-app\assets\json\food_categories_list.json", "JSON", 0, 0, 23, 0, 0, 0, 0, 0, 0, 0, 0, 0, 0, 23
"d:\projects\flutter\49-mobile-app\assets\json\food_orders.json", "JSON", 0, 0, 239, 0, 0, 0, 0, 0, 0, 0, 0, 0, 8, 247
"d:\projects\flutter\49-mobile-app\assets\json\gift_history_list.json", "JSON", 0, 0, 15, 0, 0, 0, 0, 0, 0, 0, 0, 0, 1, 16
"d:\projects\flutter\49-mobile-app\assets\json\installment_details.json", "JSON", 0, 0, 85, 0, 0, 0, 0, 0, 0, 0, 0, 0, 5, 90
"d:\projects\flutter\49-mobile-app\assets\json\installments_list.json", "JSON", 0, 0, 90, 0, 0, 0, 0, 0, 0, 0, 0, 0, 5, 95
"d:\projects\flutter\49-mobile-app\assets\json\main_categories.json", "JSON", 0, 0, 32, 0, 0, 0, 0, 0, 0, 0, 0, 0, 0, 32
"d:\projects\flutter\49-mobile-app\assets\json\offers.json", "JSON", 0, 0, 40, 0, 0, 0, 0, 0, 0, 0, 0, 0, 1, 41
"d:\projects\flutter\49-mobile-app\assets\json\parent_categories.json", "JSON", 0, 0, 46, 0, 0, 0, 0, 0, 0, 0, 0, 0, 0, 46
"d:\projects\flutter\49-mobile-app\assets\json\restaurant_details.json", "JSON", 0, 0, 36, 0, 0, 0, 0, 0, 0, 0, 0, 0, 1, 37
"d:\projects\flutter\49-mobile-app\assets\json\restaurant_meals.json", "JSON", 0, 0, 124, 0, 0, 0, 0, 0, 0, 0, 0, 0, 4, 128
"d:\projects\flutter\49-mobile-app\assets\json\restaurants_list.json", "JSON", 0, 0, 57, 0, 0, 0, 0, 0, 0, 0, 0, 0, 1, 58
"d:\projects\flutter\49-mobile-app\assets\json\shipping_request.json", "JSON", 0, 0, 61, 0, 0, 0, 0, 0, 0, 0, 0, 0, 2, 63
"d:\projects\flutter\49-mobile-app\assets\json\shipping_sub_categories.json", "JSON", 0, 0, 28, 0, 0, 0, 0, 0, 0, 0, 0, 0, 0, 28
"d:\projects\flutter\49-mobile-app\assets\json\slider_items.json", "JSON", 0, 0, 29, 0, 0, 0, 0, 0, 0, 0, 0, 0, 1, 30
"d:\projects\flutter\49-mobile-app\assets\json\states_list.json", "JSON", 0, 0, 28, 0, 0, 0, 0, 0, 0, 0, 0, 0, 0, 28
"d:\projects\flutter\49-mobile-app\assets\json\sub_categories.json", "JSON", 0, 0, 28, 0, 0, 0, 0, 0, 0, 0, 0, 0, 0, 28
"d:\projects\flutter\49-mobile-app\assets\json\trip_details.json", "JSON", 0, 0, 77, 0, 0, 0, 0, 0, 0, 0, 0, 0, 1, 78
"d:\projects\flutter\49-mobile-app\assets\json\trips.json", "JSON", 0, 0, 152, 0, 0, 0, 0, 0, 0, 0, 0, 0, 4, 156
"d:\projects\flutter\49-mobile-app\assets\json\user_ads.json", "JSON", 0, 0, 121, 0, 0, 0, 0, 0, 0, 0, 0, 0, 10, 131
"d:\projects\flutter\49-mobile-app\assets\json\users_list.json", "JSON", 0, 0, 44, 0, 0, 0, 0, 0, 0, 0, 0, 0, 0, 44
"d:\projects\flutter\49-mobile-app\assets\json\wallet_history_list.json", "JSON", 0, 0, 22, 0, 0, 0, 0, 0, 0, 0, 0, 0, 0, 22
"d:\projects\flutter\49-mobile-app\assets\lottie\OMG_reaction.json", "JSON", 0, 0, 1, 0, 0, 0, 0, 0, 0, 0, 0, 0, 0, 1
"d:\projects\flutter\49-mobile-app\assets\lottie\angry_reaction.json", "JSON", 0, 0, 1, 0, 0, 0, 0, 0, 0, 0, 0, 0, 0, 1
"d:\projects\flutter\49-mobile-app\assets\lottie\haaha_reaction.json", "JSON", 0, 0, 1, 0, 0, 0, 0, 0, 0, 0, 0, 0, 0, 1
"d:\projects\flutter\49-mobile-app\assets\lottie\haha_reaction.json", "JSON", 0, 0, 1, 0, 0, 0, 0, 0, 0, 0, 0, 0, 0, 1
"d:\projects\flutter\49-mobile-app\assets\lottie\like_reaction.json", "JSON", 0, 0, 1, 0, 0, 0, 0, 0, 0, 0, 0, 0, 0, 1
"d:\projects\flutter\49-mobile-app\assets\lottie\love_reaction.json", "JSON", 0, 0, 1, 0, 0, 0, 0, 0, 0, 0, 0, 0, 0, 1
"d:\projects\flutter\49-mobile-app\assets\lottie\sad_reaction.json", "JSON", 0, 0, 1, 0, 0, 0, 0, 0, 0, 0, 0, 0, 0, 1
"d:\projects\flutter\49-mobile-app\assets\lottie\warning.json", "JSON", 0, 0, 1, 0, 0, 0, 0, 0, 0, 0, 0, 0, 0, 1
"d:\projects\flutter\49-mobile-app\assets\settings\New folder\contact_us_icon.svg", "XML", 0, 0, 0, 0, 0, 0, 0, 0, 7, 0, 0, 0, 1, 8
"d:\projects\flutter\49-mobile-app\assets\settings\New folder\dashbboard_icon.svg", "XML", 0, 0, 0, 0, 0, 0, 0, 0, 6, 0, 0, 0, 1, 7
"d:\projects\flutter\49-mobile-app\assets\settings\New folder\favorite_ad_icon.svg", "XML", 0, 0, 0, 0, 0, 0, 0, 0, 3, 0, 0, 0, 1, 4
"d:\projects\flutter\49-mobile-app\assets\settings\New folder\favorite_main_category_icon.svg", "XML", 0, 0, 0, 0, 0, 0, 0, 0, 6, 0, 0, 0, 1, 7
"d:\projects\flutter\49-mobile-app\assets\settings\New folder\favorite_sub_category_icon.svg", "XML", 0, 0, 0, 0, 0, 0, 0, 0, 6, 0, 0, 0, 1, 7
"d:\projects\flutter\49-mobile-app\assets\settings\New folder\lists_icon.svg", "XML", 0, 0, 0, 0, 0, 0, 0, 0, 8, 0, 0, 0, 1, 9
"d:\projects\flutter\49-mobile-app\assets\settings\New folder\my_ads_icon.svg", "XML", 0, 0, 0, 0, 0, 0, 0, 0, 6, 0, 0, 0, 1, 7
"d:\projects\flutter\49-mobile-app\assets\settings\New folder\privacy_icon.svg", "XML", 0, 0, 0, 0, 0, 0, 0, 0, 6, 0, 0, 0, 1, 7
"d:\projects\flutter\49-mobile-app\assets\settings\New folder\settings_icon.svg", "XML", 0, 0, 0, 0, 0, 0, 0, 0, 6, 0, 0, 0, 1, 7
"d:\projects\flutter\49-mobile-app\assets\settings\New folder\share_app_icon.svg", "XML", 0, 0, 0, 0, 0, 0, 0, 0, 6, 0, 0, 0, 1, 7
"d:\projects\flutter\49-mobile-app\assets\settings\New folder\sign_out_icon.svg", "XML", 0, 0, 0, 0, 0, 0, 0, 0, 6, 0, 0, 0, 1, 7
"d:\projects\flutter\49-mobile-app\assets\settings\New folder\wallet_icon.svg", "XML", 0, 0, 0, 0, 0, 0, 0, 0, 7, 0, 0, 0, 1, 8
"d:\projects\flutter\49-mobile-app\assets\translations\ar.json", "JSON", 0, 0, 1017, 0, 0, 0, 0, 0, 0, 0, 0, 0, 7, 1024
"d:\projects\flutter\49-mobile-app\assets\translations\en.json", "JSON", 0, 0, 1032, 0, 0, 0, 0, 0, 0, 0, 0, 0, 3, 1035
"d:\projects\flutter\49-mobile-app\devtools_options.yaml", "YAML", 1, 0, 0, 0, 0, 0, 0, 0, 0, 0, 0, 0, 1, 2
"d:\projects\flutter\49-mobile-app\firebase.json", "JSON", 0, 0, 1, 0, 0, 0, 0, 0, 0, 0, 0, 0, 0, 1
"d:\projects\flutter\49-mobile-app\generate.sh", "Shell Script", 0, 0, 0, 0, 2, 0, 0, 0, 0, 0, 0, 8, 6, 16
"d:\projects\flutter\49-mobile-app\ios\Podfile", "Ruby", 0, 0, 0, 0, 0, 36, 0, 0, 0, 0, 0, 2, 10, 48
"d:\projects\flutter\49-mobile-app\ios\RunnerTests\RunnerTests.swift", "Swift", 0, 0, 0, 0, 0, 0, 0, 0, 0, 7, 0, 2, 4, 13
"d:\projects\flutter\49-mobile-app\ios\Runner\AppDelegate.swift", "Swift", 0, 0, 0, 0, 0, 0, 0, 0, 0, 22, 0, 0, 8, 30
"d:\projects\flutter\49-mobile-app\ios\Runner\Assets.xcassets\AppIcon.appiconset\Contents.json", "JSON", 0, 0, 122, 0, 0, 0, 0, 0, 0, 0, 0, 0, 0, 122
"d:\projects\flutter\49-mobile-app\ios\Runner\Assets.xcassets\LaunchImage.imageset\Contents.json", "JSON", 0, 0, 23, 0, 0, 0, 0, 0, 0, 0, 0, 0, 1, 24
"d:\projects\flutter\49-mobile-app\ios\Runner\Assets.xcassets\LaunchImage.imageset\README.md", "Markdown", 0, 0, 0, 3, 0, 0, 0, 0, 0, 0, 0, 0, 2, 5
"d:\projects\flutter\49-mobile-app\ios\Runner\Base.lproj\LaunchScreen.storyboard", "XML", 0, 0, 0, 0, 0, 0, 0, 0, 36, 0, 0, 1, 1, 38
"d:\projects\flutter\49-mobile-app\ios\Runner\Base.lproj\Main.storyboard", "XML", 0, 0, 0, 0, 0, 0, 0, 0, 25, 0, 0, 1, 1, 27
"d:\projects\flutter\49-mobile-app\ios\Runner\Runner-Bridging-Header.h", "C++", 0, 0, 0, 0, 0, 0, 0, 0, 0, 0, 1, 0, 1, 2
"d:\projects\flutter\49-mobile-app\ios\firebase_app_id_file.json", "JSON", 0, 0, 7, 0, 0, 0, 0, 0, 0, 0, 0, 0, 0, 7
"d:\projects\flutter\49-mobile-app\lib\common\functions\global\button_availability.dart", "Dart", 0, 43, 0, 0, 0, 0, 0, 0, 0, 0, 0, 0, 2, 45
"d:\projects\flutter\49-mobile-app\lib\common\functions\global\capitalize_first_letter_of_words.dart", "Dart", 0, 11, 0, 0, 0, 0, 0, 0, 0, 0, 0, 0, 1, 12
"d:\projects\flutter\49-mobile-app\lib\common\functions\global\upload_file.dart", "Dart", 0, 125, 0, 0, 0, 0, 0, 0, 0, 0, 0, 8, 16, 149
"d:\projects\flutter\49-mobile-app\lib\common\functions\helper\auth_helper.dart", "Dart", 0, 7, 0, 0, 0, 0, 0, 0, 0, 0, 0, 0, 3, 10
"d:\projects\flutter\49-mobile-app\lib\common\functions\helper\file_picker_helper.dart", "Dart", 0, 17, 0, 0, 0, 0, 0, 0, 0, 0, 0, 0, 4, 21
"d:\projects\flutter\49-mobile-app\lib\common\functions\helper\lang_helper.dart", "Dart", 0, 14, 0, 0, 0, 0, 0, 0, 0, 0, 0, 2, 6, 22
"d:\projects\flutter\49-mobile-app\lib\common\functions\helper\launch_url.dart", "Dart", 0, 16, 0, 0, 0, 0, 0, 0, 0, 0, 0, 1, 4, 21
"d:\projects\flutter\49-mobile-app\lib\common\functions\helper\local_auth.dart", "Dart", 0, 0, 0, 0, 0, 0, 0, 0, 0, 0, 0, 19, 3, 22
"d:\projects\flutter\49-mobile-app\lib\common\functions\helper\numbers_helper.dart", "Dart", 0, 34, 0, 0, 0, 0, 0, 0, 0, 0, 0, 0, 4, 38
"d:\projects\flutter\49-mobile-app\lib\common\functions\helper\randome_color.dart", "Dart", 0, 11, 0, 0, 0, 0, 0, 0, 0, 0, 0, 0, 2, 13
"d:\projects\flutter\49-mobile-app\lib\common\functions\helper\routing_helper.dart", "Dart", 0, 13, 0, 0, 0, 0, 0, 0, 0, 0, 0, 2, 3, 18
"d:\projects\flutter\49-mobile-app\lib\common\functions\helper\share_helper.dart", "Dart", 0, 9, 0, 0, 0, 0, 0, 0, 0, 0, 0, 0, 2, 11
"d:\projects\flutter\49-mobile-app\lib\common\functions\helper\time_of_day_helper.dart", "Dart", 0, 33, 0, 0, 0, 0, 0, 0, 0, 0, 0, 0, 6, 39
"d:\projects\flutter\49-mobile-app\lib\common\models\public\city_model.dart", "Dart", 0, 14, 0, 0, 0, 0, 0, 0, 0, 0, 0, 0, 1, 15
"d:\projects\flutter\49-mobile-app\lib\common\models\public\pagination_params.dart", "Dart", 0, 15, 0, 0, 0, 0, 0, 0, 0, 0, 0, 0, 4, 19
"d:\projects\flutter\49-mobile-app\lib\common\models\public\state_model.dart", "Dart", 0, 14, 0, 0, 0, 0, 0, 0, 0, 0, 0, 0, 1, 15
"d:\projects\flutter\49-mobile-app\lib\common\other\show_snack_bar.dart", "Dart", 0, 0, 0, 0, 0, 0, 0, 0, 0, 0, 0, 56, 1, 57
"d:\projects\flutter\49-mobile-app\lib\common\statuses\form_submission_status.dart", "Dart", 0, 12, 0, 0, 0, 0, 0, 0, 0, 0, 0, 0, 5, 17
"d:\projects\flutter\49-mobile-app\lib\common\theme\cubit\cubit.dart", "Dart", 0, 22, 0, 0, 0, 0, 0, 0, 0, 0, 0, 0, 6, 28
"d:\projects\flutter\49-mobile-app\lib\common\theme\cubit\states.dart", "Dart", 0, 3, 0, 0, 0, 0, 0, 0, 0, 0, 0, 0, 3, 6
"d:\projects\flutter\49-mobile-app\lib\common\widgets\dialogs\show_bottom_sheet.dart", "Dart", 0, 26, 0, 0, 0, 0, 0, 0, 0, 0, 0, 1, 2, 29
"d:\projects\flutter\49-mobile-app\lib\common\widgets\dynamic\bottom_navigator.dart", "Dart", 0, 197, 0, 0, 0, 0, 0, 0, 0, 0, 0, 4, 21, 222
"d:\projects\flutter\49-mobile-app\lib\common\widgets\dynamic\bottom_painter.dart", "Dart", 0, 29, 0, 0, 0, 0, 0, 0, 0, 0, 0, 0, 7, 36
"d:\projects\flutter\49-mobile-app\lib\common\widgets\dynamic\drawer.dart", "Dart", 0, 628, 0, 0, 0, 0, 0, 0, 0, 0, 0, 37, 28, 693
"d:\projects\flutter\49-mobile-app\lib\common\widgets\dynamic\floating_button.dart", "Dart", 0, 48, 0, 0, 0, 0, 0, 0, 0, 0, 0, 0, 5, 53
"d:\projects\flutter\49-mobile-app\lib\common\widgets\dynamic\google_ads_banner.dart", "Dart", 0, 35, 0, 0, 0, 0, 0, 0, 0, 0, 0, 5, 4, 44
"d:\projects\flutter\49-mobile-app\lib\common\widgets\dynamic\sizer.dart", "Dart", 0, 18, 0, 0, 0, 0, 0, 0, 0, 0, 0, 0, 4, 22
"d:\projects\flutter\49-mobile-app\lib\common\widgets\dynamic\wallet_widget.dart", "Dart", 0, 140, 0, 0, 0, 0, 0, 0, 0, 0, 0, 1, 6, 147
"d:\projects\flutter\49-mobile-app\lib\common\widgets\form\text_fields\abstract\decimal_restriction.dart", "Dart", 0, 10, 0, 0, 0, 0, 0, 0, 0, 0, 0, 2, 2, 14
"d:\projects\flutter\49-mobile-app\lib\common\widgets\form\text_fields\abstract\main_text_form_field.dart", "Dart", 0, 234, 0, 0, 0, 0, 0, 0, 0, 0, 0, 0, 9, 243
"d:\projects\flutter\49-mobile-app\lib\common\widgets\form\text_fields\confirm_password_text_field.dart", "Dart", 0, 60, 0, 0, 0, 0, 0, 0, 0, 0, 0, 0, 8, 68
"d:\projects\flutter\49-mobile-app\lib\common\widgets\form\text_fields\default_text_form_field.dart", "Dart", 0, 47, 0, 0, 0, 0, 0, 0, 0, 0, 0, 24, 3, 74
"d:\projects\flutter\49-mobile-app\lib\common\widgets\form\text_fields\email_text_form_field.dart", "Dart", 0, 29, 0, 0, 0, 0, 0, 0, 0, 0, 0, 0, 3, 32
"d:\projects\flutter\49-mobile-app\lib\common\widgets\form\text_fields\first_name_text_form_field.dart", "Dart", 0, 27, 0, 0, 0, 0, 0, 0, 0, 0, 0, 2, 3, 32
"d:\projects\flutter\49-mobile-app\lib\common\widgets\form\text_fields\form_text_field.dart", "Dart", 0, 171, 0, 0, 0, 0, 0, 0, 0, 0, 0, 8, 6, 185
"d:\projects\flutter\49-mobile-app\lib\common\widgets\form\text_fields\last_name_text_form_field.dart", "Dart", 0, 26, 0, 0, 0, 0, 0, 0, 0, 0, 0, 1, 3, 30
"d:\projects\flutter\49-mobile-app\lib\common\widgets\form\text_fields\new_text_form_filed.dart", "Dart", 0, 0, 0, 0, 0, 0, 0, 0, 0, 0, 0, 11, 4, 15
"d:\projects\flutter\49-mobile-app\lib\common\widgets\form\text_fields\password_text_form_field.dart", "Dart", 0, 50, 0, 0, 0, 0, 0, 0, 0, 0, 0, 0, 8, 58
"d:\projects\flutter\49-mobile-app\lib\common\widgets\form\text_fields\phone_number_text_field.dart", "Dart", 0, 133, 0, 0, 0, 0, 0, 0, 0, 0, 0, 3, 10, 146
"d:\projects\flutter\49-mobile-app\lib\common\widgets\form\text_fields\search_text_form_field.dart", "Dart", 0, 30, 0, 0, 0, 0, 0, 0, 0, 0, 0, 0, 3, 33
"d:\projects\flutter\49-mobile-app\lib\common\widgets\stateful\banners\back_appbar.dart", "Dart", 0, 47, 0, 0, 0, 0, 0, 0, 0, 0, 0, 0, 6, 53
"d:\projects\flutter\49-mobile-app\lib\common\widgets\stateful\banners\main_category_banner.dart", "Dart", 0, 204, 0, 0, 0, 0, 0, 0, 0, 0, 0, 9, 8, 221
"d:\projects\flutter\49-mobile-app\lib\common\widgets\stateful\dynamic\collabsable_info_widget.dart", "Dart", 0, 47, 0, 0, 0, 0, 0, 0, 0, 0, 0, 0, 4, 51
"d:\projects\flutter\49-mobile-app\lib\common\widgets\stateful\dynamic\pagination_view.dart", "Dart", 0, 84, 0, 0, 0, 0, 0, 0, 0, 0, 0, 0, 9, 93
"d:\projects\flutter\49-mobile-app\lib\common\widgets\stateful\dynamic\webview.dart", "Dart", 0, 40, 0, 0, 0, 0, 0, 0, 0, 0, 0, 0, 6, 46
"d:\projects\flutter\49-mobile-app\lib\common\widgets\stateful\maps\map_picker.dart", "Dart", 0, 230, 0, 0, 0, 0, 0, 0, 0, 0, 0, 3, 19, 252
"d:\projects\flutter\49-mobile-app\lib\common\widgets\stateful\maps\static_map.dart", "Dart", 0, 35, 0, 0, 0, 0, 0, 0, 0, 0, 0, 1, 4, 40
"d:\projects\flutter\49-mobile-app\lib\common\widgets\stateful\picker\date_picker.dart", "Dart", 0, 102, 0, 0, 0, 0, 0, 0, 0, 0, 0, 0, 7, 109
"d:\projects\flutter\49-mobile-app\lib\common\widgets\stateful\picker\image_picker.dart", "Dart", 0, 67, 0, 0, 0, 0, 0, 0, 0, 0, 0, 0, 9, 76
"d:\projects\flutter\49-mobile-app\lib\common\widgets\stateful\videos\video_player.dart", "Dart", 0, 221, 0, 0, 0, 0, 0, 0, 0, 0, 0, 8, 25, 254
"d:\projects\flutter\49-mobile-app\lib\common\widgets\stateless\appbar\home_appbar.dart", "Dart", 0, 191, 0, 0, 0, 0, 0, 0, 0, 0, 0, 6, 8, 205
"d:\projects\flutter\49-mobile-app\lib\common\widgets\stateless\appbar\nested_appbar.dart", "Dart", 0, 21, 0, 0, 0, 0, 0, 0, 0, 0, 0, 0, 3, 24
"d:\projects\flutter\49-mobile-app\lib\common\widgets\stateless\appbar\widgets\unread_notifications_builder.dart", "Dart", 0, 33, 0, 0, 0, 0, 0, 0, 0, 0, 0, 6, 4, 43
"d:\projects\flutter\49-mobile-app\lib\common\widgets\stateless\buttons\app_button.dart", "Dart", 0, 77, 0, 0, 0, 0, 0, 0, 0, 0, 0, 0, 4, 81
"d:\projects\flutter\49-mobile-app\lib\common\widgets\stateless\buttons\default_button.dart", "Dart", 0, 171, 0, 0, 0, 0, 0, 0, 0, 0, 0, 0, 13, 184
"d:\projects\flutter\49-mobile-app\lib\common\widgets\stateless\buttons\elevated_button.dart", "Dart", 0, 49, 0, 0, 0, 0, 0, 0, 0, 0, 0, 0, 5, 54
"d:\projects\flutter\49-mobile-app\lib\common\widgets\stateless\buttons\iconAppButton.dart", "Dart", 0, 60, 0, 0, 0, 0, 0, 0, 0, 0, 0, 0, 5, 65
"d:\projects\flutter\49-mobile-app\lib\common\widgets\stateless\buttons\progress_button.dart", "Dart", 0, 99, 0, 0, 0, 0, 0, 0, 0, 0, 0, 0, 10, 109
"d:\projects\flutter\49-mobile-app\lib\common\widgets\stateless\buttons\text_button.dart", "Dart", 0, 43, 0, 0, 0, 0, 0, 0, 0, 0, 0, 0, 5, 48
"d:\projects\flutter\49-mobile-app\lib\common\widgets\stateless\charts\bar_chart.dart", "Dart", 0, 79, 0, 0, 0, 0, 0, 0, 0, 0, 0, 2, 15, 96
"d:\projects\flutter\49-mobile-app\lib\common\widgets\stateless\custom_sheet\custom_vertical_sheet_item.dart", "Dart", 0, 81, 0, 0, 0, 0, 0, 0, 0, 0, 0, 0, 4, 85
"d:\projects\flutter\49-mobile-app\lib\common\widgets\stateless\custom_sheet\sheet_vertical_item.dart", "Dart", 0, 15, 0, 0, 0, 0, 0, 0, 0, 0, 0, 0, 3, 18
"d:\projects\flutter\49-mobile-app\lib\common\widgets\stateless\dynamic\CarouselSlider.dart", "Dart", 0, 64, 0, 0, 0, 0, 0, 0, 0, 0, 0, 0, 9, 73
"d:\projects\flutter\49-mobile-app\lib\common\widgets\stateless\dynamic\are_you_sure.dart", "Dart", 0, 68, 0, 0, 0, 0, 0, 0, 0, 0, 0, 0, 5, 73
"d:\projects\flutter\49-mobile-app\lib\common\widgets\stateless\dynamic\carousel_slider.dart", "Dart", 0, 61, 0, 0, 0, 0, 0, 0, 0, 0, 0, 0, 9, 70
"d:\projects\flutter\49-mobile-app\lib\common\widgets\stateless\dynamic\rating_stars.dart", "Dart", 0, 32, 0, 0, 0, 0, 0, 0, 0, 0, 0, 0, 5, 37
"d:\projects\flutter\49-mobile-app\lib\common\widgets\stateless\dynamic\ratio_widget.dart", "Dart", 0, 35, 0, 0, 0, 0, 0, 0, 0, 0, 0, 0, 5, 40
"d:\projects\flutter\49-mobile-app\lib\common\widgets\stateless\dynamic\review_card.dart", "Dart", 0, 47, 0, 0, 0, 0, 0, 0, 0, 0, 0, 0, 4, 51
"d:\projects\flutter\49-mobile-app\lib\common\widgets\stateless\dynamic\shared_bottom_navigator.dart", "Dart", 0, 35, 0, 0, 0, 0, 0, 0, 0, 0, 0, 0, 4, 39
"d:\projects\flutter\49-mobile-app\lib\common\widgets\stateless\dynamic\shared_scaffold.dart", "Dart", 0, 34, 0, 0, 0, 0, 0, 0, 0, 0, 0, 0, 4, 38
"d:\projects\flutter\49-mobile-app\lib\common\widgets\stateless\images\image_picker_placeholder.dart", "Dart", 0, 67, 0, 0, 0, 0, 0, 0, 0, 0, 0, 13, 8, 88
"d:\projects\flutter\49-mobile-app\lib\common\widgets\stateless\images\image_uploader_widget.dart", "Dart", 0, 53, 0, 0, 0, 0, 0, 0, 0, 0, 0, 0, 5, 58
"d:\projects\flutter\49-mobile-app\lib\common\widgets\stateless\images\profile_image.dart", "Dart", 0, 44, 0, 0, 0, 0, 0, 0, 0, 0, 0, 0, 5, 49
"d:\projects\flutter\49-mobile-app\lib\common\widgets\stateless\images\social_image_viewer.dart", "Dart", 0, 62, 0, 0, 0, 0, 0, 0, 0, 0, 0, 7, 4, 73
"d:\projects\flutter\49-mobile-app\lib\common\widgets\stateless\images\square_image.dart", "Dart", 0, 41, 0, 0, 0, 0, 0, 0, 0, 0, 0, 0, 4, 45
"d:\projects\flutter\49-mobile-app\lib\common\widgets\stateless\labels\badged_label.dart", "Dart", 0, 103, 0, 0, 0, 0, 0, 0, 0, 0, 0, 8, 7, 118
"d:\projects\flutter\49-mobile-app\lib\common\widgets\stateless\labels\info_text.dart", "Dart", 0, 27, 0, 0, 0, 0, 0, 0, 0, 0, 0, 0, 3, 30
"d:\projects\flutter\49-mobile-app\lib\common\widgets\stateless\labels\label.dart", "Dart", 0, 28, 0, 0, 0, 0, 0, 0, 0, 0, 0, 1, 4, 33
"d:\projects\flutter\49-mobile-app\lib\common\widgets\stateless\labels\read_more_label.dart", "Dart", 0, 143, 0, 0, 0, 0, 0, 0, 0, 0, 0, 4, 19, 166
"d:\projects\flutter\49-mobile-app\lib\common\widgets\stateless\pages\empty.dart", "Dart", 0, 27, 0, 0, 0, 0, 0, 0, 0, 0, 0, 0, 4, 31
"d:\projects\flutter\49-mobile-app\lib\core\abstract\base_cubit.dart", "Dart", 0, 9, 0, 0, 0, 0, 0, 0, 0, 0, 0, 0, 2, 11
"d:\projects\flutter\49-mobile-app\lib\core\abstract\use_case.dart", "Dart", 0, 15, 0, 0, 0, 0, 0, 0, 0, 0, 0, 0, 7, 22
"d:\projects\flutter\49-mobile-app\lib\core\animations\create_custom_transition.dart", "Dart", 0, 38, 0, 0, 0, 0, 0, 0, 0, 0, 0, 2, 7, 47
"d:\projects\flutter\49-mobile-app\lib\core\animations\moving_widget_hr.dart", "Dart", 0, 72, 0, 0, 0, 0, 0, 0, 0, 0, 0, 2, 11, 85
"d:\projects\flutter\49-mobile-app\lib\core\constants\constants.dart", "Dart", 0, 11, 0, 0, 0, 0, 0, 0, 0, 0, 0, 0, 1, 12
"d:\projects\flutter\49-mobile-app\lib\core\data\datasources\device_type_data_source.dart", "Dart", 0, 11, 0, 0, 0, 0, 0, 0, 0, 0, 0, 0, 3, 14
"d:\projects\flutter\49-mobile-app\lib\core\data\datasources\json_parser.dart", "Dart", 0, 96, 0, 0, 0, 0, 0, 0, 0, 0, 0, 7, 11, 114
"d:\projects\flutter\49-mobile-app\lib\core\data\datasources\local\database\local_database_data_source.dart", "Dart", 0, 67, 0, 0, 0, 0, 0, 0, 0, 0, 0, 0, 9, 76
"d:\projects\flutter\49-mobile-app\lib\core\data\datasources\local\shared_preferences\local_storage_consumer.dart", "Dart", 0, 59, 0, 0, 0, 0, 0, 0, 0, 0, 0, 0, 12, 71
"d:\projects\flutter\49-mobile-app\lib\core\data\datasources\notification_data_source.dart", "Dart", 0, 27, 0, 0, 0, 0, 0, 0, 0, 0, 0, 0, 8, 35
"d:\projects\flutter\49-mobile-app\lib\core\data\datasources\remote\api\api_client_helper.dart", "Dart", 0, 26, 0, 0, 0, 0, 0, 0, 0, 0, 0, 0, 1, 27
"d:\projects\flutter\49-mobile-app\lib\core\data\datasources\remote\api\api_client_helper_imp.dart", "Dart", 0, 96, 0, 0, 0, 0, 0, 0, 0, 0, 0, 1, 7, 104
"d:\projects\flutter\49-mobile-app\lib\core\data\datasources\remote\api\api_consumer.dart", "Dart", 0, 309, 0, 0, 0, 0, 0, 0, 0, 0, 0, 24, 30, 363
"d:\projects\flutter\49-mobile-app\lib\core\data\datasources\remote\api\end_points.dart", "Dart", 0, 725, 0, 0, 0, 0, 0, 0, 0, 0, 0, 35, 209, 969
"d:\projects\flutter\49-mobile-app\lib\core\data\datasources\remote\api\google_api_consumer.dart", "Dart", 0, 84, 0, 0, 0, 0, 0, 0, 0, 0, 0, 9, 13, 106
"d:\projects\flutter\49-mobile-app\lib\core\data\datasources\remote\api\interceptors\auth_interceptor.dart", "Dart", 0, 14, 0, 0, 0, 0, 0, 0, 0, 0, 0, 0, 2, 16
"d:\projects\flutter\49-mobile-app\lib\core\data\datasources\remote\api\interceptors\language_interceptor.dart", "Dart", 0, 8, 0, 0, 0, 0, 0, 0, 0, 0, 0, 3, 4, 15
"d:\projects\flutter\49-mobile-app\lib\core\data\datasources\remote\api\interceptors\subscription_interceptor.dart", "Dart", 0, 26, 0, 0, 0, 0, 0, 0, 0, 0, 0, 9, 3, 38
"d:\projects\flutter\49-mobile-app\lib\core\data\datasources\remote\socket\socket_data_source.dart", "Dart", 0, 22, 0, 0, 0, 0, 0, 0, 0, 0, 0, 231, 5, 258
"d:\projects\flutter\49-mobile-app\lib\core\data\models\about_you_model.dart", "Dart", 0, 121, 0, 0, 0, 0, 0, 0, 0, 0, 0, 0, 11, 132
"d:\projects\flutter\49-mobile-app\lib\core\data\models\about_you_response_model.dart", "Dart", 0, 162, 0, 0, 0, 0, 0, 0, 0, 0, 0, 0, 31, 193
"d:\projects\flutter\49-mobile-app\lib\core\data\models\add_to_cart_model.dart", "Dart", 0, 73, 0, 0, 0, 0, 0, 0, 0, 0, 0, 0, 11, 84
"d:\projects\flutter\49-mobile-app\lib\core\data\models\brand_model.dart", "Dart", 0, 51, 0, 0, 0, 0, 0, 0, 0, 0, 0, 0, 11, 62
"d:\projects\flutter\49-mobile-app\lib\core\data\models\category_model.dart", "Dart", 0, 51, 0, 0, 0, 0, 0, 0, 0, 0, 0, 0, 11, 62
"d:\projects\flutter\49-mobile-app\lib\core\data\models\contact_us_message_model.dart", "Dart", 0, 81, 0, 0, 0, 0, 0, 0, 0, 0, 0, 0, 11, 92
"d:\projects\flutter\49-mobile-app\lib\core\data\models\home_model.dart", "Dart", 0, 65, 0, 0, 0, 0, 0, 0, 0, 0, 0, 0, 13, 78
"d:\projects\flutter\49-mobile-app\lib\core\data\models\id_name_model.dart", "Dart", 0, 60, 0, 0, 0, 0, 0, 0, 0, 0, 0, 0, 12, 72
"d:\projects\flutter\49-mobile-app\lib\core\data\models\id_name_model_snack_case.dart", "Dart", 0, 65, 0, 0, 0, 0, 0, 0, 0, 0, 0, 0, 11, 76
"d:\projects\flutter\49-mobile-app\lib\core\data\models\intro_banner_model.dart", "Dart", 0, 62, 0, 0, 0, 0, 0, 0, 0, 0, 0, 0, 11, 73
"d:\projects\flutter\49-mobile-app\lib\core\data\models\key_value_model.dart", "Dart", 0, 42, 0, 0, 0, 0, 0, 0, 0, 0, 0, 0, 12, 54
"d:\projects\flutter\49-mobile-app\lib\core\data\models\meeting_error_message_model.dart", "Dart", 0, 23, 0, 0, 0, 0, 0, 0, 0, 0, 0, 0, 5, 28
"d:\projects\flutter\49-mobile-app\lib\core\data\models\notification_model.dart", "Dart", 0, 128, 0, 0, 0, 0, 0, 0, 0, 0, 0, 0, 12, 140
"d:\projects\flutter\49-mobile-app\lib\core\data\models\payment_summary.dart", "Dart", 0, 270, 0, 0, 0, 0, 0, 0, 0, 0, 0, 0, 32, 302
"d:\projects\flutter\49-mobile-app\lib\core\data\models\product_details_model.dart", "Dart", 0, 350, 0, 0, 0, 0, 0, 0, 0, 0, 0, 0, 42, 392
"d:\projects\flutter\49-mobile-app\lib\core\data\models\product_model.dart", "Dart", 0, 81, 0, 0, 0, 0, 0, 0, 0, 0, 0, 0, 11, 92
"d:\projects\flutter\49-mobile-app\lib\core\data\models\product_service_model.dart", "Dart", 0, 219, 0, 0, 0, 0, 0, 0, 0, 0, 0, 0, 34, 253
"d:\projects\flutter\49-mobile-app\lib\core\data\models\shipping_methods_mode.dart", "Dart", 0, 304, 0, 0, 0, 0, 0, 0, 0, 0, 0, 0, 42, 346
"d:\projects\flutter\49-mobile-app\lib\core\data\models\times_options_model.dart", "Dart", 0, 52, 0, 0, 0, 0, 0, 0, 0, 0, 0, 0, 11, 63
"d:\projects\flutter\49-mobile-app\lib\core\data\models\topic_model.dart", "Dart", 0, 64, 0, 0, 0, 0, 0, 0, 0, 0, 0, 0, 11, 75
"d:\projects\flutter\49-mobile-app\lib\core\domain\repositories\click_counter_repository.dart", "Dart", 0, 3, 0, 0, 0, 0, 0, 0, 0, 0, 0, 0, 1, 4
"d:\projects\flutter\49-mobile-app\lib\core\enums\address_type_enum.dart", "Dart", 0, 1, 0, 0, 0, 0, 0, 0, 0, 0, 0, 0, 1, 2
"d:\projects\flutter\49-mobile-app\lib\core\enums\base_status_enum.dart", "Dart", 0, 7, 0, 0, 0, 0, 0, 0, 0, 0, 0, 0, 1, 8
"d:\projects\flutter\49-mobile-app\lib\core\enums\chat_categories.dart", "Dart", 0, 27, 0, 0, 0, 0, 0, 0, 0, 0, 0, 18, 3, 48
"d:\projects\flutter\49-mobile-app\lib\core\enums\club_house_layout_mode_enum.dart", "Dart", 0, 23, 0, 0, 0, 0, 0, 0, 0, 0, 0, 0, 3, 26
"d:\projects\flutter\49-mobile-app\lib\core\enums\file_size.dart", "Dart", 0, 7, 0, 0, 0, 0, 0, 0, 0, 0, 0, 0, 1, 8
"d:\projects\flutter\49-mobile-app\lib\core\enums\gender_type.dart", "Dart", 0, 17, 0, 0, 0, 0, 0, 0, 0, 0, 0, 0, 3, 20
"d:\projects\flutter\49-mobile-app\lib\core\enums\index_name.dart", "Dart", 0, 7, 0, 0, 0, 0, 0, 0, 0, 0, 0, 0, 3, 10
"d:\projects\flutter\49-mobile-app\lib\core\enums\main_services_enum.dart", "Dart", 0, 33, 0, 0, 0, 0, 0, 0, 0, 0, 0, 1, 5, 39
"d:\projects\flutter\49-mobile-app\lib\core\enums\order_reservation_status.dart", "Dart", 0, 7, 0, 0, 0, 0, 0, 0, 0, 0, 0, 0, 2, 9
"d:\projects\flutter\49-mobile-app\lib\core\enums\order_status.dart", "Dart", 0, 13, 0, 0, 0, 0, 0, 0, 0, 0, 0, 0, 2, 15
"d:\projects\flutter\49-mobile-app\lib\core\enums\otp_for.dart", "Dart", 0, 1, 0, 0, 0, 0, 0, 0, 0, 0, 0, 0, 1, 2
"d:\projects\flutter\49-mobile-app\lib\core\enums\otp_status.dart", "Dart", 0, 7, 0, 0, 0, 0, 0, 0, 0, 0, 0, 0, 1, 8
"d:\projects\flutter\49-mobile-app\lib\core\enums\post_type_enum.dart", "Dart", 0, 1, 0, 0, 0, 0, 0, 0, 0, 0, 0, 0, 1, 2
"d:\projects\flutter\49-mobile-app\lib\core\enums\provider_enum.dart", "Dart", 0, 8, 0, 0, 0, 0, 0, 0, 0, 0, 0, 0, 4, 12
"d:\projects\flutter\49-mobile-app\lib\core\enums\reports_enum.dart", "Dart", 0, 61, 0, 0, 0, 0, 0, 0, 0, 0, 0, 1, 8, 70
"d:\projects\flutter\49-mobile-app\lib\core\enums\request_result_enum.dart", "Dart", 0, 4, 0, 0, 0, 0, 0, 0, 0, 0, 0, 0, 1, 5
"d:\projects\flutter\49-mobile-app\lib\core\enums\ride_services_enum.dart", "Dart", 0, 145, 0, 0, 0, 0, 0, 0, 0, 0, 0, 1, 10, 156
"d:\projects\flutter\49-mobile-app\lib\core\enums\sort_type.dart", "Dart", 0, 10, 0, 0, 0, 0, 0, 0, 0, 0, 0, 0, 2, 12
"d:\projects\flutter\49-mobile-app\lib\core\enums\text_position.dart", "Dart", 0, 20, 0, 0, 0, 0, 0, 0, 0, 0, 0, 0, 1, 21
"d:\projects\flutter\49-mobile-app\lib\core\enums\text_size.dart", "Dart", 0, 1, 0, 0, 0, 0, 0, 0, 0, 0, 0, 0, 1, 2
"d:\projects\flutter\49-mobile-app\lib\core\enums\theme_type.dart", "Dart", 0, 1, 0, 0, 0, 0, 0, 0, 0, 0, 0, 0, 1, 2
"d:\projects\flutter\49-mobile-app\lib\core\enums\topic_type.dart", "Dart", 0, 7, 0, 0, 0, 0, 0, 0, 0, 0, 0, 0, 2, 9
"d:\projects\flutter\49-mobile-app\lib\core\enums\user_type.dart", "Dart", 0, 5, 0, 0, 0, 0, 0, 0, 0, 0, 0, 0, 3, 8
"d:\projects\flutter\49-mobile-app\lib\core\enums\wallet_types_enums.dart", "Dart", 0, 39, 0, 0, 0, 0, 0, 0, 0, 0, 0, 0, 5, 44
"d:\projects\flutter\49-mobile-app\lib\core\enums\week_days.dart", "Dart", 0, 45, 0, 0, 0, 0, 0, 0, 0, 0, 0, 0, 4, 49
"d:\projects\flutter\49-mobile-app\lib\core\enums\wheel.dart", "Dart", 0, 1, 0, 0, 0, 0, 0, 0, 0, 0, 0, 0, 1, 2
"d:\projects\flutter\49-mobile-app\lib\core\enums\zego_request_state.dart", "Dart", 0, 6, 0, 0, 0, 0, 0, 0, 0, 0, 0, 0, 1, 7
"d:\projects\flutter\49-mobile-app\lib\core\error\custom_error.dart", "Dart", 0, 16, 0, 0, 0, 0, 0, 0, 0, 0, 0, 0, 4, 20
"d:\projects\flutter\49-mobile-app\lib\core\error\failure.dart", "Dart", 0, 67, 0, 0, 0, 0, 0, 0, 0, 0, 0, 0, 14, 81
"d:\projects\flutter\49-mobile-app\lib\core\exceptions\connection_exception.dart", "Dart", 0, 24, 0, 0, 0, 0, 0, 0, 0, 0, 0, 23, 6, 53
"d:\projects\flutter\49-mobile-app\lib\core\exceptions\exceed_file_size_limit_exception.dart", "Dart", 0, 11, 0, 0, 0, 0, 0, 0, 0, 0, 0, 0, 3, 14
"d:\projects\flutter\49-mobile-app\lib\core\exceptions\launcher_exception.dart", "Dart", 0, 11, 0, 0, 0, 0, 0, 0, 0, 0, 0, 0, 3, 14
"d:\projects\flutter\49-mobile-app\lib\core\exceptions\meeting_exception.dart", "Dart", 0, 5, 0, 0, 0, 0, 0, 0, 0, 0, 0, 0, 3, 8
"d:\projects\flutter\49-mobile-app\lib\core\exceptions\redundant_request_exception.dart", "Dart", 0, 11, 0, 0, 0, 0, 0, 0, 0, 0, 0, 0, 3, 14
"d:\projects\flutter\49-mobile-app\lib\core\exceptions\request_exception.dart", "Dart", 0, 14, 0, 0, 0, 0, 0, 0, 0, 0, 0, 0, 4, 18
"d:\projects\flutter\49-mobile-app\lib\core\exceptions\social_media_login_canceled_exception.dart", "Dart", 0, 11, 0, 0, 0, 0, 0, 0, 0, 0, 0, 0, 3, 14
"d:\projects\flutter\49-mobile-app\lib\core\extensions\context_extension.dart", "Dart", 0, 19, 0, 0, 0, 0, 0, 0, 0, 0, 0, 6, 11, 36
"d:\projects\flutter\49-mobile-app\lib\core\extensions\file_extension.dart", "Dart", 0, 136, 0, 0, 0, 0, 0, 0, 0, 0, 0, 6, 15, 157
"d:\projects\flutter\49-mobile-app\lib\core\extensions\map_extension.dart", "Dart", 0, 3, 0, 0, 0, 0, 0, 0, 0, 0, 0, 0, 1, 4
"d:\projects\flutter\49-mobile-app\lib\core\extensions\string_extension.dart", "Dart", 0, 6, 0, 0, 0, 0, 0, 0, 0, 0, 0, 0, 2, 8
"d:\projects\flutter\49-mobile-app\lib\core\failure\failure.dart", "Dart", 0, 0, 0, 0, 0, 0, 0, 0, 0, 0, 0, 41, 10, 51
"d:\projects\flutter\49-mobile-app\lib\core\loading\custom_loading.dart", "Dart", 0, 8, 0, 0, 0, 0, 0, 0, 0, 0, 0, 0, 3, 11
"d:\projects\flutter\49-mobile-app\lib\core\localization\codegen_loader.g.dart", "Dart", 0, 2101, 0, 0, 0, 0, 0, 0, 0, 0, 0, 2, 7, 2110
"d:\projects\flutter\49-mobile-app\lib\core\localization\locale_keys.g.dart", "Dart", 0, 1029, 0, 0, 0, 0, 0, 0, 0, 0, 0, 1, 2, 1032
"d:\projects\flutter\49-mobile-app\lib\core\localization\locales.dart", "Dart", 0, 5, 0, 0, 0, 0, 0, 0, 0, 0, 0, 0, 2, 7
"d:\projects\flutter\49-mobile-app\lib\core\localization\localization_service.dart", "Dart", 0, 19, 0, 0, 0, 0, 0, 0, 0, 0, 0, 0, 3, 22
"d:\projects\flutter\49-mobile-app\lib\core\messages\messages.dart", "Dart", 0, 247, 0, 0, 0, 0, 0, 0, 0, 0, 0, 0, 8, 255
"d:\projects\flutter\49-mobile-app\lib\core\service\app_info_service.dart", "Dart", 0, 26, 0, 0, 0, 0, 0, 0, 0, 0, 0, 2, 6, 34
"d:\projects\flutter\49-mobile-app\lib\core\service\background_service.dart", "Dart", 0, 25, 0, 0, 0, 0, 0, 0, 0, 0, 0, 0, 4, 29
"d:\projects\flutter\49-mobile-app\lib\core\service\base_repository.dart", "Dart", 0, 29, 0, 0, 0, 0, 0, 0, 0, 0, 0, 4, 6, 39
"d:\projects\flutter\49-mobile-app\lib\core\service\cache_service.dart", "Dart", 0, 382, 0, 0, 0, 0, 0, 0, 0, 0, 0, 52, 93, 527
"d:\projects\flutter\49-mobile-app\lib\core\service\custom_response.dart", "Dart", 0, 14, 0, 0, 0, 0, 0, 0, 0, 0, 0, 0, 3, 17
"d:\projects\flutter\49-mobile-app\lib\core\service\download_and_open_files.dart", "Dart", 0, 25, 0, 0, 0, 0, 0, 0, 0, 0, 0, 4, 7, 36
"d:\projects\flutter\49-mobile-app\lib\core\service\download_service.dart", "Dart", 0, 0, 0, 0, 0, 0, 0, 0, 0, 0, 0, 0, 2, 2
"d:\projects\flutter\49-mobile-app\lib\core\service\get_file_size_format.dart", "Dart", 0, 17, 0, 0, 0, 0, 0, 0, 0, 0, 0, 0, 2, 19
"d:\projects\flutter\49-mobile-app\lib\core\service\image_saver_service.dart", "Dart", 0, 14, 0, 0, 0, 0, 0, 0, 0, 0, 0, 0, 5, 19
"d:\projects\flutter\49-mobile-app\lib\core\service\launcher_service.dart", "Dart", 0, 74, 0, 0, 0, 0, 0, 0, 0, 0, 0, 0, 15, 89
"d:\projects\flutter\49-mobile-app\lib\core\service\notification_service.dart", "Dart", 0, 155, 0, 0, 0, 0, 0, 0, 0, 0, 0, 47, 34, 236
"d:\projects\flutter\49-mobile-app\lib\core\service\share_img_service.dart", "Dart", 0, 0, 0, 0, 0, 0, 0, 0, 0, 0, 0, 15, 4, 19
"d:\projects\flutter\49-mobile-app\lib\core\service\share_service.dart", "Dart", 0, 0, 0, 0, 0, 0, 0, 0, 0, 0, 0, 11, 4, 15
"d:\projects\flutter\49-mobile-app\lib\core\share\context_utilty.dart", "Dart", 0, 8, 0, 0, 0, 0, 0, 0, 0, 0, 0, 0, 4, 12
"d:\projects\flutter\49-mobile-app\lib\core\share\uni_service.dart", "Dart", 0, 60, 0, 0, 0, 0, 0, 0, 0, 0, 0, 194, 9, 263
"d:\projects\flutter\49-mobile-app\lib\core\states\basic_otp_state.dart", "Dart", 0, 44, 0, 0, 0, 0, 0, 0, 0, 0, 0, 0, 7, 51
"d:\projects\flutter\49-mobile-app\lib\core\states\basic_state.dart", "Dart", 0, 38, 0, 0, 0, 0, 0, 0, 0, 0, 0, 0, 10, 48
"d:\projects\flutter\49-mobile-app\lib\core\themes\dark_theme.dart", "Dart", 0, 72, 0, 0, 0, 0, 0, 0, 0, 0, 0, 5, 3, 80
"d:\projects\flutter\49-mobile-app\lib\core\themes\light_theme.dart", "Dart", 0, 65, 0, 0, 0, 0, 0, 0, 0, 0, 0, 11, 3, 79
"d:\projects\flutter\49-mobile-app\lib\core\utils\api_service.dart", "Dart", 0, 60, 0, 0, 0, 0, 0, 0, 0, 0, 0, 8, 7, 75
"d:\projects\flutter\49-mobile-app\lib\core\utils\calendar_event.dart", "Dart", 0, 9, 0, 0, 0, 0, 0, 0, 0, 0, 0, 5, 5, 19
"d:\projects\flutter\49-mobile-app\lib\core\utils\change_react.dart", "Dart", 0, 151, 0, 0, 0, 0, 0, 0, 0, 0, 0, 0, 1, 152
"d:\projects\flutter\49-mobile-app\lib\core\utils\connection_checker.dart", "Dart", 0, 0, 0, 0, 0, 0, 0, 0, 0, 0, 0, 59, 1, 60
"d:\projects\flutter\49-mobile-app\lib\core\utils\const.dart", "Dart", 0, 1, 0, 0, 0, 0, 0, 0, 0, 0, 0, 0, 1, 2
"d:\projects\flutter\49-mobile-app\lib\core\utils\custom_printer.dart", "Dart", 0, 31, 0, 0, 0, 0, 0, 0, 0, 0, 0, 0, 10, 41
"d:\projects\flutter\49-mobile-app\lib\core\utils\custom_show_dialog.dart", "Dart", 0, 70, 0, 0, 0, 0, 0, 0, 0, 0, 0, 0, 5, 75
"d:\projects\flutter\49-mobile-app\lib\core\utils\date_helper.dart", "Dart", 0, 25, 0, 0, 0, 0, 0, 0, 0, 0, 0, 0, 5, 30
"d:\projects\flutter\49-mobile-app\lib\core\utils\device_id.dart", "Dart", 0, 14, 0, 0, 0, 0, 0, 0, 0, 0, 0, 0, 3, 17
"d:\projects\flutter\49-mobile-app\lib\core\utils\duration_helper.dart", "Dart", 0, 25, 0, 0, 0, 0, 0, 0, 0, 0, 0, 0, 3, 28
"d:\projects\flutter\49-mobile-app\lib\core\utils\fcm.dart", "Dart", 0, 8, 0, 0, 0, 0, 0, 0, 0, 0, 0, 0, 2, 10
"d:\projects\flutter\49-mobile-app\lib\core\utils\hex_color_helper.dart", "Dart", 0, 12, 0, 0, 0, 0, 0, 0, 0, 0, 0, 0, 4, 16
"d:\projects\flutter\49-mobile-app\lib\core\utils\localization_helper.dart", "Dart", 0, 38, 0, 0, 0, 0, 0, 0, 0, 0, 0, 5, 13, 56
"d:\projects\flutter\49-mobile-app\lib\core\utils\media_query_values.dart", "Dart", 0, 7, 0, 0, 0, 0, 0, 0, 0, 0, 0, 0, 2, 9
"d:\projects\flutter\49-mobile-app\lib\core\utils\navigator_helper.dart", "Dart", 0, 229, 0, 0, 0, 0, 0, 0, 0, 0, 0, 0, 27, 256
"d:\projects\flutter\49-mobile-app\lib\core\utils\pagination_controller.dart", "Dart", 0, 1, 0, 0, 0, 0, 0, 0, 0, 0, 0, 0, 1, 2
"d:\projects\flutter\49-mobile-app\lib\core\utils\shared_pref.dart", "Dart", 0, 48, 0, 0, 0, 0, 0, 0, 0, 0, 0, 6, 10, 64
"d:\projects\flutter\49-mobile-app\lib\core\utils\theme_service.dart", "Dart", 0, 14, 0, 0, 0, 0, 0, 0, 0, 0, 0, 0, 3, 17
"d:\projects\flutter\49-mobile-app\lib\core\utils\type_defs.dart", "Dart", 0, 8, 0, 0, 0, 0, 0, 0, 0, 0, 0, 0, 2, 10
"d:\projects\flutter\49-mobile-app\lib\core\utils\url_helper.dart", "Dart", 0, 14, 0, 0, 0, 0, 0, 0, 0, 0, 0, 0, 3, 17
"d:\projects\flutter\49-mobile-app\lib\core\utils\validator.dart", "Dart", 0, 83, 0, 0, 0, 0, 0, 0, 0, 0, 0, 0, 14, 97
"d:\projects\flutter\49-mobile-app\lib\core\widget\call_message_buttons.dart", "Dart", 0, 115, 0, 0, 0, 0, 0, 0, 0, 0, 0, 0, 4, 119
"d:\projects\flutter\49-mobile-app\lib\core\widget\custom_text_no_login.dart", "Dart", 0, 40, 0, 0, 0, 0, 0, 0, 0, 0, 0, 0, 4, 44
"d:\projects\flutter\49-mobile-app\lib\core\widget\request_buttons.dart", "Dart", 0, 0, 0, 0, 0, 0, 0, 0, 0, 0, 0, 0, 2, 2
"d:\projects\flutter\49-mobile-app\lib\features\account_taps\account\data\datasources\account_remote_datasource.dart", "Dart", 0, 72, 0, 0, 0, 0, 0, 0, 0, 0, 0, 0, 11, 83
"d:\projects\flutter\49-mobile-app\lib\features\account_taps\account\data\models\favouite_category_model\category_id.dart", "Dart", 0, 22, 0, 0, 0, 0, 0, 0, 0, 0, 0, 0, 4, 26
"d:\projects\flutter\49-mobile-app\lib\features\account_taps\account\data\models\favouite_category_model\favouite_category_model.dart", "Dart", 0, 0, 0, 0, 0, 0, 0, 0, 0, 0, 0, 41, 5, 46
"d:\projects\flutter\49-mobile-app\lib\features\account_taps\account\data\models\favourite_ad_drawer_model.dart", "Dart", 0, 49, 0, 0, 0, 0, 0, 0, 0, 0, 0, 0, 5, 54
"d:\projects\flutter\49-mobile-app\lib\features\account_taps\account\data\models\favourite_ad_model.dart", "Dart", 0, 11, 0, 0, 0, 0, 0, 0, 0, 0, 0, 1, 3, 15
"d:\projects\flutter\49-mobile-app\lib\features\account_taps\account\data\models\favourite_category_model.dart", "Dart", 0, 28, 0, 0, 0, 0, 0, 0, 0, 0, 0, 0, 3, 31
"d:\projects\flutter\49-mobile-app\lib\features\account_taps\account\data\models\favourite_category_model1.dart", "Dart", 0, 19, 0, 0, 0, 0, 0, 0, 0, 0, 0, 0, 3, 22
"d:\projects\flutter\49-mobile-app\lib\features\account_taps\account\data\models\favourite_subcategory_model.dart", "Dart", 0, 19, 0, 0, 0, 0, 0, 0, 0, 0, 0, 0, 3, 22
"d:\projects\flutter\49-mobile-app\lib\features\account_taps\account\data\models\toggle_favourite_model.dart", "Dart", 0, 10, 0, 0, 0, 0, 0, 0, 0, 0, 0, 0, 3, 13
"d:\projects\flutter\49-mobile-app\lib\features\account_taps\account\data\repositories\account_repo_impl.dart", "Dart", 0, 35, 0, 0, 0, 0, 0, 0, 0, 0, 0, 0, 11, 46
"d:\projects\flutter\49-mobile-app\lib\features\account_taps\account\domain\entities\favourite_ad_drawer_entity.dart", "Dart", 0, 38, 0, 0, 0, 0, 0, 0, 0, 0, 0, 0, 4, 42
"d:\projects\flutter\49-mobile-app\lib\features\account_taps\account\domain\entities\favourite_ad_entity.dart", "Dart", 0, 6, 0, 0, 0, 0, 0, 0, 0, 0, 0, 0, 3, 9
"d:\projects\flutter\49-mobile-app\lib\features\account_taps\account\domain\entities\favourite_category_entity.dart", "Dart", 0, 17, 0, 0, 0, 0, 0, 0, 0, 0, 0, 0, 2, 19
"d:\projects\flutter\49-mobile-app\lib\features\account_taps\account\domain\entities\favourite_subcategory_entity.dart", "Dart", 0, 15, 0, 0, 0, 0, 0, 0, 0, 0, 0, 0, 2, 17
"d:\projects\flutter\49-mobile-app\lib\features\account_taps\account\domain\entities\toggle_favourite_entity.dart", "Dart", 0, 5, 0, 0, 0, 0, 0, 0, 0, 0, 0, 0, 2, 7
"d:\projects\flutter\49-mobile-app\lib\features\account_taps\account\domain\repositories\account_repo.dart", "Dart", 0, 16, 0, 0, 0, 0, 0, 0, 0, 0, 0, 0, 5, 21
"d:\projects\flutter\49-mobile-app\lib\features\account_taps\account\domain\usecases\delete_favourite_ads_usecase.dart", "Dart", 0, 12, 0, 0, 0, 0, 0, 0, 0, 0, 0, 0, 3, 15
"d:\projects\flutter\49-mobile-app\lib\features\account_taps\account\domain\usecases\get_drawer_favourite_ads_usecase.dart", "Dart", 0, 14, 0, 0, 0, 0, 0, 0, 0, 0, 0, 0, 2, 16
"d:\projects\flutter\49-mobile-app\lib\features\account_taps\account\domain\usecases\get_favourite_ads_usecase.dart", "Dart", 0, 14, 0, 0, 0, 0, 0, 0, 0, 0, 0, 0, 2, 16
"d:\projects\flutter\49-mobile-app\lib\features\account_taps\account\domain\usecases\get_favourite_categories_usecase.dart", "Dart", 0, 14, 0, 0, 0, 0, 0, 0, 0, 0, 0, 0, 2, 16
"d:\projects\flutter\49-mobile-app\lib\features\account_taps\account\domain\usecases\get_favourite_subcategories_usecase.dart", "Dart", 0, 15, 0, 0, 0, 0, 0, 0, 0, 0, 0, 0, 2, 17
"d:\projects\flutter\49-mobile-app\lib\features\account_taps\account\presentation\cubit\account_cubit.dart", "Dart", 0, 6, 0, 0, 0, 0, 0, 0, 0, 0, 0, 0, 3, 9
"d:\projects\flutter\49-mobile-app\lib\features\account_taps\account\presentation\cubit\account_state.dart", "Dart", 0, 7, 0, 0, 0, 0, 0, 0, 0, 0, 0, 0, 4, 11
"d:\projects\flutter\49-mobile-app\lib\features\account_taps\account\presentation\cubit\cubit\favourite_drawer_cubit.dart", "Dart", 0, 32, 0, 0, 0, 0, 0, 0, 0, 0, 0, 0, 4, 36
"d:\projects\flutter\49-mobile-app\lib\features\account_taps\account\presentation\cubit\cubit\favourite_drawer_state.dart", "Dart", 0, 23, 0, 0, 0, 0, 0, 0, 0, 0, 0, 0, 6, 29
"d:\projects\flutter\49-mobile-app\lib\features\account_taps\account\presentation\cubit\managers\favourite_ads_cubit.dart", "Dart", 0, 29, 0, 0, 0, 0, 0, 0, 0, 0, 0, 0, 6, 35
"d:\projects\flutter\49-mobile-app\lib\features\account_taps\account\presentation\cubit\managers\favourite_categories_cubit.dart", "Dart", 0, 48, 0, 0, 0, 0, 0, 0, 0, 0, 0, 0, 7, 55
"d:\projects\flutter\49-mobile-app\lib\features\account_taps\account\presentation\cubit\managers\favourite_categories_state.dart", "Dart", 0, 18, 0, 0, 0, 0, 0, 0, 0, 0, 0, 0, 2, 20
"d:\projects\flutter\49-mobile-app\lib\features\account_taps\account\presentation\cubit\managers\favourite_sub_categories_state.dart", "Dart", 0, 18, 0, 0, 0, 0, 0, 0, 0, 0, 0, 0, 2, 20
"d:\projects\flutter\49-mobile-app\lib\features\account_taps\account\presentation\cubit\managers\favourite_subcategories_cubit.dart", "Dart", 0, 62, 0, 0, 0, 0, 0, 0, 0, 0, 0, 2, 9, 73
"d:\projects\flutter\49-mobile-app\lib\features\account_taps\account\presentation\features\privacy\presentation\cubit\privacy_cubit.dart", "Dart", 0, 0, 0, 0, 0, 0, 0, 0, 0, 0, 0, 8, 1, 9
"d:\projects\flutter\49-mobile-app\lib\features\account_taps\account\presentation\features\privacy\presentation\cubit\privacy_state.dart", "Dart", 0, 0, 0, 0, 0, 0, 0, 0, 0, 0, 0, 10, 1, 11
"d:\projects\flutter\49-mobile-app\lib\features\account_taps\account\presentation\pages\favourite_category_view.dart", "Dart", 0, 67, 0, 0, 0, 0, 0, 0, 0, 0, 0, 13, 5, 85
"d:\projects\flutter\49-mobile-app\lib\features\account_taps\account\presentation\pages\favourite_subcategory_view.dart", "Dart", 0, 67, 0, 0, 0, 0, 0, 0, 0, 0, 0, 0, 4, 71
"d:\projects\flutter\49-mobile-app\lib\features\account_taps\account\presentation\pages\favourite_view.dart", "Dart", 0, 57, 0, 0, 0, 0, 0, 0, 0, 0, 0, 5, 4, 66
"d:\projects\flutter\49-mobile-app\lib\features\account_taps\account\presentation\pages\widgets\ad_card_drawer_favourite.dart", "Dart", 0, 252, 0, 0, 0, 0, 0, 0, 0, 0, 0, 219, 9, 480
"d:\projects\flutter\49-mobile-app\lib\features\account_taps\account\presentation\pages\widgets\favourite_main_category_banner.dart", "Dart", 0, 165, 0, 0, 0, 0, 0, 0, 0, 0, 0, 11, 5, 181
"d:\projects\flutter\49-mobile-app\lib\features\account_taps\account\presentation\pages\widgets\favourite_sub_category_card.dart", "Dart", 0, 99, 0, 0, 0, 0, 0, 0, 0, 0, 0, 14, 6, 119
"d:\projects\flutter\49-mobile-app\lib\features\account_taps\contact_us\data\datasources\contact_us_remote_datasource.dart", "Dart", 0, 33, 0, 0, 0, 0, 0, 0, 0, 0, 0, 0, 4, 37
"d:\projects\flutter\49-mobile-app\lib\features\account_taps\contact_us\data\models\contact_us_model.dart", "Dart", 0, 11, 0, 0, 0, 0, 0, 0, 0, 0, 0, 0, 4, 15
"d:\projects\flutter\49-mobile-app\lib\features\account_taps\contact_us\data\repositories\contact_us_repo_impl.dart", "Dart", 0, 19, 0, 0, 0, 0, 0, 0, 0, 0, 0, 0, 6, 25
"d:\projects\flutter\49-mobile-app\lib\features\account_taps\contact_us\domain\entities\contact_us_entity.dart", "Dart", 0, 5, 0, 0, 0, 0, 0, 0, 0, 0, 0, 0, 1, 6
"d:\projects\flutter\49-mobile-app\lib\features\account_taps\contact_us\domain\repositories\contact_us_repo.dart", "Dart", 0, 8, 0, 0, 0, 0, 0, 0, 0, 0, 0, 0, 3, 11
"d:\projects\flutter\49-mobile-app\lib\features\account_taps\contact_us\domain\usecases\create_contact_us_usecase.dart", "Dart", 0, 13, 0, 0, 0, 0, 0, 0, 0, 0, 0, 0, 2, 15
"d:\projects\flutter\49-mobile-app\lib\features\account_taps\contact_us\domain\usecases\get_contact_us_messages.dart", "Dart", 0, 13, 0, 0, 0, 0, 0, 0, 0, 0, 0, 0, 2, 15
"d:\projects\flutter\49-mobile-app\lib\features\account_taps\contact_us\presentation\cubit\contact_us_cubit.dart", "Dart", 0, 31, 0, 0, 0, 0, 0, 0, 0, 0, 0, 0, 4, 35
"d:\projects\flutter\49-mobile-app\lib\features\account_taps\contact_us\presentation\cubit\contact_us_state.dart", "Dart", 0, 19, 0, 0, 0, 0, 0, 0, 0, 0, 0, 0, 2, 21
"d:\projects\flutter\49-mobile-app\lib\features\account_taps\contact_us\presentation\pages\contact_us_view.dart", "Dart", 0, 110, 0, 0, 0, 0, 0, 0, 0, 0, 0, 3, 3, 116
"d:\projects\flutter\49-mobile-app\lib\features\account_taps\lists\data\datasources\lists_remote_datasource.dart", "Dart", 0, 77, 0, 0, 0, 0, 0, 0, 0, 0, 0, 0, 10, 87
"d:\projects\flutter\49-mobile-app\lib\features\account_taps\lists\data\models\user_follower_model.dart", "Dart", 0, 16, 0, 0, 0, 0, 0, 0, 0, 0, 0, 0, 3, 19
"d:\projects\flutter\49-mobile-app\lib\features\account_taps\lists\data\models\user_friend_model.dart", "Dart", 0, 44, 0, 0, 0, 0, 0, 0, 0, 0, 0, 0, 3, 47
"d:\projects\flutter\49-mobile-app\lib\features\account_taps\lists\data\models\user_friends_list_model.dart", "Dart", 0, 16, 0, 0, 0, 0, 0, 0, 0, 0, 0, 0, 3, 19
"d:\projects\flutter\49-mobile-app\lib\features\account_taps\lists\data\models\user_request_model.dart", "Dart", 0, 16, 0, 0, 0, 0, 0, 0, 0, 0, 0, 0, 3, 19
"d:\projects\flutter\49-mobile-app\lib\features\account_taps\lists\data\models\users_list_model.dart", "Dart", 0, 9, 0, 0, 0, 0, 0, 0, 0, 0, 0, 0, 2, 11
"d:\projects\flutter\49-mobile-app\lib\features\account_taps\lists\data\repositories\lists_repo_impl.dart", "Dart", 0, 30, 0, 0, 0, 0, 0, 0, 0, 0, 0, 0, 8, 38
"d:\projects\flutter\49-mobile-app\lib\features\account_taps\lists\domain\entities\user_friend_entity.dart", "Dart", 0, 11, 0, 0, 0, 0, 0, 0, 0, 0, 0, 0, 2, 13
"d:\projects\flutter\49-mobile-app\lib\features\account_taps\lists\domain\entities\users_list_entity.dart", "Dart", 0, 9, 0, 0, 0, 0, 0, 0, 0, 0, 0, 0, 2, 11
"d:\projects\flutter\49-mobile-app\lib\features\account_taps\lists\domain\repositories\lists_repo.dart", "Dart", 0, 14, 0, 0, 0, 0, 0, 0, 0, 0, 0, 0, 2, 16
"d:\projects\flutter\49-mobile-app\lib\features\account_taps\lists\domain\usecases\get_blocked_usecase.dart", "Dart", 0, 16, 0, 0, 0, 0, 0, 0, 0, 0, 0, 0, 2, 18
"d:\projects\flutter\49-mobile-app\lib\features\account_taps\lists\domain\usecases\get_followers_usecase.dart", "Dart", 0, 16, 0, 0, 0, 0, 0, 0, 0, 0, 0, 0, 2, 18
"d:\projects\flutter\49-mobile-app\lib\features\account_taps\lists\domain\usecases\get_friend_requests_usecase.dart", "Dart", 0, 16, 0, 0, 0, 0, 0, 0, 0, 0, 0, 0, 2, 18
"d:\projects\flutter\49-mobile-app\lib\features\account_taps\lists\domain\usecases\get_friends_usecase.dart", "Dart", 0, 16, 0, 0, 0, 0, 0, 0, 0, 0, 0, 0, 2, 18
"d:\projects\flutter\49-mobile-app\lib\features\account_taps\lists\presentation\cubit\lists_cubit.dart", "Dart", 0, 226, 0, 0, 0, 0, 0, 0, 0, 0, 0, 0, 20, 246
"d:\projects\flutter\49-mobile-app\lib\features\account_taps\lists\presentation\cubit\lists_state.dart", "Dart", 0, 45, 0, 0, 0, 0, 0, 0, 0, 0, 0, 0, 5, 50
"d:\projects\flutter\49-mobile-app\lib\features\account_taps\lists\presentation\pages\lists_view.dart", "Dart", 0, 426, 0, 0, 0, 0, 0, 0, 0, 0, 0, 7, 22, 455
"d:\projects\flutter\49-mobile-app\lib\features\account_taps\lists\presentation\widgets\list_item_card.dart", "Dart", 0, 194, 0, 0, 0, 0, 0, 0, 0, 0, 0, 0, 7, 201
"d:\projects\flutter\49-mobile-app\lib\features\account_taps\my_adds\data\datasources\my_add_remote_datasource.dart", "Dart", 0, 227, 0, 0, 0, 0, 0, 0, 0, 0, 0, 1, 26, 254
"d:\projects\flutter\49-mobile-app\lib\features\account_taps\my_adds\data\model\category_trip_join_model.dart", "Dart", 0, 16, 0, 0, 0, 0, 0, 0, 0, 0, 0, 0, 3, 19
"d:\projects\flutter\49-mobile-app\lib\features\account_taps\my_adds\data\model\click_model.dart", "Dart", 0, 10, 0, 0, 0, 0, 0, 0, 0, 0, 0, 0, 3, 13
"d:\projects\flutter\49-mobile-app\lib\features\account_taps\my_adds\data\model\docs_trip_join_model.dart", "Dart", 0, 54, 0, 0, 0, 0, 0, 0, 0, 0, 0, 0, 3, 57
"d:\projects\flutter\49-mobile-app\lib\features\account_taps\my_adds\data\model\edit_my_ads_model.dart", "Dart", 0, 45, 0, 0, 0, 0, 0, 0, 0, 0, 0, 0, 3, 48
"d:\projects\flutter\49-mobile-app\lib\features\account_taps\my_adds\data\model\get_all_count_ads_model.dart", "Dart", 0, 22, 0, 0, 0, 0, 0, 0, 0, 0, 0, 0, 3, 25
"d:\projects\flutter\49-mobile-app\lib\features\account_taps\my_adds\data\model\get_all_counts_trip_join_model.dart", "Dart", 0, 32, 0, 0, 0, 0, 0, 0, 0, 0, 0, 0, 3, 35
"d:\projects\flutter\49-mobile-app\lib\features\account_taps\my_adds\data\model\my_ads_auction_model.dart", "Dart", 0, 64, 0, 0, 0, 0, 0, 0, 0, 0, 0, 1, 4, 69
"d:\projects\flutter\49-mobile-app\lib\features\account_taps\my_adds\data\model\my_ads_trip_join_model.dart", "Dart", 0, 17, 0, 0, 0, 0, 0, 0, 0, 0, 0, 0, 4, 21
"d:\projects\flutter\49-mobile-app\lib\features\account_taps\my_adds\data\model\my_auction_image_model.dart", "Dart", 0, 28, 0, 0, 0, 0, 0, 0, 0, 0, 0, 0, 3, 31
"d:\projects\flutter\49-mobile-app\lib\features\account_taps\my_adds\data\model\my_auction_main_category_model.dart", "Dart", 0, 30, 0, 0, 0, 0, 0, 0, 0, 0, 0, 0, 3, 33
"d:\projects\flutter\49-mobile-app\lib\features\account_taps\my_adds\data\model\my_auction_sub_category_model.dart", "Dart", 0, 48, 0, 0, 0, 0, 0, 0, 0, 0, 0, 0, 3, 51
"d:\projects\flutter\49-mobile-app\lib\features\account_taps\my_adds\data\model\props_ads_model.dart", "Dart", 0, 53, 0, 0, 0, 0, 0, 0, 0, 0, 0, 0, 7, 60
"d:\projects\flutter\49-mobile-app\lib\features\account_taps\my_adds\data\model\subscription_ad_auction_model.dart", "Dart", 0, 18, 0, 0, 0, 0, 0, 0, 0, 0, 0, 0, 3, 21
"d:\projects\flutter\49-mobile-app\lib\features\account_taps\my_adds\data\model\user_auction_model.dart", "Dart", 0, 58, 0, 0, 0, 0, 0, 0, 0, 0, 0, 0, 7, 65
"d:\projects\flutter\49-mobile-app\lib\features\account_taps\my_adds\data\model\vehicle_trip_join_model.dart", "Dart", 0, 12, 0, 0, 0, 0, 0, 0, 0, 0, 0, 0, 3, 15
"d:\projects\flutter\49-mobile-app\lib\features\account_taps\my_adds\data\repositories\my_ads_repo_impl.dart", "Dart", 0, 118, 0, 0, 0, 0, 0, 0, 0, 0, 0, 1, 27, 146
"d:\projects\flutter\49-mobile-app\lib\features\account_taps\my_adds\domain\entity\category_trip_join_entity.dart", "Dart", 0, 11, 0, 0, 0, 0, 0, 0, 0, 0, 0, 0, 2, 13
"d:\projects\flutter\49-mobile-app\lib\features\account_taps\my_adds\domain\entity\click_entity.dart", "Dart", 0, 5, 0, 0, 0, 0, 0, 0, 0, 0, 0, 0, 2, 7
"d:\projects\flutter\49-mobile-app\lib\features\account_taps\my_adds\domain\entity\docs_trip_join_entity.dart", "Dart", 0, 50, 0, 0, 0, 0, 0, 0, 0, 0, 0, 0, 3, 53
"d:\projects\flutter\49-mobile-app\lib\features\account_taps\my_adds\domain\entity\edit_my_ads_entity.dart", "Dart", 0, 35, 0, 0, 0, 0, 0, 0, 0, 0, 0, 0, 3, 38
"d:\projects\flutter\49-mobile-app\lib\features\account_taps\my_adds\domain\entity\get_all_count_ads_entity.dart", "Dart", 0, 17, 0, 0, 0, 0, 0, 0, 0, 0, 0, 0, 2, 19
"d:\projects\flutter\49-mobile-app\lib\features\account_taps\my_adds\domain\entity\get_all_counts_trip_join_entity.dart", "Dart", 0, 27, 0, 0, 0, 0, 0, 0, 0, 0, 0, 0, 2, 29
"d:\projects\flutter\49-mobile-app\lib\features\account_taps\my_adds\domain\entity\my_ads_auction.dart", "Dart", 0, 52, 0, 0, 0, 0, 0, 0, 0, 0, 0, 1, 4, 57
"d:\projects\flutter\49-mobile-app\lib\features\account_taps\my_adds\domain\entity\my_ads_trip_join_entity.dart", "Dart", 0, 10, 0, 0, 0, 0, 0, 0, 0, 0, 0, 0, 3, 13
"d:\projects\flutter\49-mobile-app\lib\features\account_taps\my_adds\domain\entity\my_auction_image_entity.dart", "Dart", 0, 23, 0, 0, 0, 0, 0, 0, 0, 0, 0, 0, 2, 25
"d:\projects\flutter\49-mobile-app\lib\features\account_taps\my_adds\domain\entity\my_auction_main_category.dart", "Dart", 0, 25, 0, 0, 0, 0, 0, 0, 0, 0, 0, 0, 2, 27
"d:\projects\flutter\49-mobile-app\lib\features\account_taps\my_adds\domain\entity\my_auction_sub_category_entity.dart", "Dart", 0, 43, 0, 0, 0, 0, 0, 0, 0, 0, 0, 0, 2, 45
"d:\projects\flutter\49-mobile-app\lib\features\account_taps\my_adds\domain\entity\props_ads_entity.dart", "Dart", 0, 64, 0, 0, 0, 0, 0, 0, 0, 0, 0, 0, 8, 72
"d:\projects\flutter\49-mobile-app\lib\features\account_taps\my_adds\domain\entity\subscription_ad_auction_entity.dart", "Dart", 0, 14, 0, 0, 0, 0, 0, 0, 0, 0, 0, 0, 2, 16
"d:\projects\flutter\49-mobile-app\lib\features\account_taps\my_adds\domain\entity\user_auction_entity.dart", "Dart", 0, 44, 0, 0, 0, 0, 0, 0, 0, 0, 0, 0, 6, 50
"d:\projects\flutter\49-mobile-app\lib\features\account_taps\my_adds\domain\entity\vehicle_trip_join_entity.dart", "Dart", 0, 7, 0, 0, 0, 0, 0, 0, 0, 0, 0, 0, 2, 9
"d:\projects\flutter\49-mobile-app\lib\features\account_taps\my_adds\domain\repositories\my_ads_repo.dart", "Dart", 0, 42, 0, 0, 0, 0, 0, 0, 0, 0, 0, 0, 3, 45
"d:\projects\flutter\49-mobile-app\lib\features\account_taps\my_adds\domain\usecases\accept_come_with_me_usecase.dart", "Dart", 0, 12, 0, 0, 0, 0, 0, 0, 0, 0, 0, 0, 2, 14
"d:\projects\flutter\49-mobile-app\lib\features\account_taps\my_adds\domain\usecases\accept_pick_me_usecase.dart", "Dart", 0, 12, 0, 0, 0, 0, 0, 0, 0, 0, 0, 0, 2, 14
"d:\projects\flutter\49-mobile-app\lib\features\account_taps\my_adds\domain\usecases\cancel_ad_usecase.dart", "Dart", 0, 12, 0, 0, 0, 0, 0, 0, 0, 0, 0, 0, 2, 14
"d:\projects\flutter\49-mobile-app\lib\features\account_taps\my_adds\domain\usecases\click_use_case.dart", "Dart", 0, 27, 0, 0, 0, 0, 0, 0, 0, 0, 0, 0, 8, 35
"d:\projects\flutter\49-mobile-app\lib\features\account_taps\my_adds\domain\usecases\delete_come_with_me_usecase.dart", "Dart", 0, 12, 0, 0, 0, 0, 0, 0, 0, 0, 0, 0, 2, 14
"d:\projects\flutter\49-mobile-app\lib\features\account_taps\my_adds\domain\usecases\delete_my_installment_usecase.dart", "Dart", 0, 12, 0, 0, 0, 0, 0, 0, 0, 0, 0, 0, 3, 15
"d:\projects\flutter\49-mobile-app\lib\features\account_taps\my_adds\domain\usecases\delete_my_trip_join_usecase.dart", "Dart", 0, 12, 0, 0, 0, 0, 0, 0, 0, 0, 0, 0, 3, 15
"d:\projects\flutter\49-mobile-app\lib\features\account_taps\my_adds\domain\usecases\delete_pick_me_usecase.dart", "Dart", 0, 12, 0, 0, 0, 0, 0, 0, 0, 0, 0, 0, 2, 14
"d:\projects\flutter\49-mobile-app\lib\features\account_taps\my_adds\domain\usecases\edit_my_ads_use_case.dart", "Dart", 0, 83, 0, 0, 0, 0, 0, 0, 0, 0, 0, 2, 8, 93
"d:\projects\flutter\49-mobile-app\lib\features\account_taps\my_adds\domain\usecases\fetch_my_ads_by_id_usecase.dart", "Dart", 0, 13, 0, 0, 0, 0, 0, 0, 0, 0, 0, 0, 3, 16
"d:\projects\flutter\49-mobile-app\lib\features\account_taps\my_adds\domain\usecases\get_all_counts_ads_usecase.dart", "Dart", 0, 20, 0, 0, 0, 0, 0, 0, 0, 0, 0, 0, 5, 25
"d:\projects\flutter\49-mobile-app\lib\features\account_taps\my_adds\domain\usecases\get_all_counts_usecase.dart", "Dart", 0, 20, 0, 0, 0, 0, 0, 0, 0, 0, 0, 0, 5, 25
"d:\projects\flutter\49-mobile-app\lib\features\account_taps\my_adds\domain\usecases\get_my_ads_usecase.dart", "Dart", 0, 13, 0, 0, 0, 0, 0, 0, 0, 0, 0, 0, 3, 16
"d:\projects\flutter\49-mobile-app\lib\features\account_taps\my_adds\domain\usecases\get_my_auctions_usecase.dart", "Dart", 0, 13, 0, 0, 0, 0, 0, 0, 0, 0, 0, 0, 3, 16
"d:\projects\flutter\49-mobile-app\lib\features\account_taps\my_adds\domain\usecases\get_my_come_with_you_usecase.dart", "Dart", 0, 14, 0, 0, 0, 0, 0, 0, 0, 0, 0, 0, 4, 18
"d:\projects\flutter\49-mobile-app\lib\features\account_taps\my_adds\domain\usecases\get_my_installments_usecase.dart", "Dart", 0, 14, 0, 0, 0, 0, 0, 0, 0, 0, 0, 0, 3, 17
"d:\projects\flutter\49-mobile-app\lib\features\account_taps\my_adds\domain\usecases\get_my_other_ads_usecase.dart", "Dart", 0, 13, 0, 0, 0, 0, 0, 0, 0, 0, 0, 0, 3, 16
"d:\projects\flutter\49-mobile-app\lib\features\account_taps\my_adds\domain\usecases\get_my_pick_me_usecase.dart", "Dart", 0, 14, 0, 0, 0, 0, 0, 0, 0, 0, 0, 0, 3, 17
"d:\projects\flutter\49-mobile-app\lib\features\account_taps\my_adds\domain\usecases\get_my_trip_join_usecase.dart", "Dart", 0, 13, 0, 0, 0, 0, 0, 0, 0, 0, 0, 0, 3, 16
"d:\projects\flutter\49-mobile-app\lib\features\account_taps\my_adds\domain\usecases\reject_come_with_me_usecase.dart", "Dart", 0, 12, 0, 0, 0, 0, 0, 0, 0, 0, 0, 0, 2, 14
"d:\projects\flutter\49-mobile-app\lib\features\account_taps\my_adds\domain\usecases\reject_pick_me_usecase.dart", "Dart", 0, 12, 0, 0, 0, 0, 0, 0, 0, 0, 0, 0, 2, 14
"d:\projects\flutter\49-mobile-app\lib\features\account_taps\my_adds\domain\usecases\update_my_ads_usecase.dart", "Dart", 0, 37, 0, 0, 0, 0, 0, 0, 0, 0, 0, 0, 7, 44
"d:\projects\flutter\49-mobile-app\lib\features\account_taps\my_adds\presentation\cubit\my_adds_cubit.dart", "Dart", 0, 312, 0, 0, 0, 0, 0, 0, 0, 0, 0, 5, 33, 350
"d:\projects\flutter\49-mobile-app\lib\features\account_taps\my_adds\presentation\cubit\my_adds_state.dart", "Dart", 0, 67, 0, 0, 0, 0, 0, 0, 0, 0, 0, 0, 4, 71
"d:\projects\flutter\49-mobile-app\lib\features\account_taps\my_adds\presentation\pages\edit_my_ads.dart", "Dart", 0, 622, 0, 0, 0, 0, 0, 0, 0, 0, 0, 491, 11, 1124
"d:\projects\flutter\49-mobile-app\lib\features\account_taps\my_adds\presentation\pages\my_adds.dart", "Dart", 0, 238, 0, 0, 0, 0, 0, 0, 0, 0, 0, 9, 15, 262
"d:\projects\flutter\49-mobile-app\lib\features\account_taps\my_adds\presentation\pages\my_ads_trip_join.dart", "Dart", 0, 305, 0, 0, 0, 0, 0, 0, 0, 0, 0, 0, 8, 313
"d:\projects\flutter\49-mobile-app\lib\features\account_taps\my_adds\presentation\widgets\build_item_auction_card.dart", "Dart", 0, 374, 0, 0, 0, 0, 0, 0, 0, 0, 0, 29, 11, 414
"d:\projects\flutter\49-mobile-app\lib\features\account_taps\my_adds\presentation\widgets\custom_button_count.dart", "Dart", 0, 107, 0, 0, 0, 0, 0, 0, 0, 0, 0, 0, 5, 112
"d:\projects\flutter\49-mobile-app\lib\features\account_taps\my_adds\presentation\widgets\custom_button_count_ads.dart", "Dart", 0, 100, 0, 0, 0, 0, 0, 0, 0, 0, 0, 0, 5, 105
"d:\projects\flutter\49-mobile-app\lib\features\account_taps\my_adds\presentation\widgets\my_ad_card.dart", "Dart", 0, 284, 0, 0, 0, 0, 0, 0, 0, 0, 0, 3, 8, 295
"d:\projects\flutter\49-mobile-app\lib\features\account_taps\policies\presentation\cubit\policies_cubit.dart", "Dart", 0, 6, 0, 0, 0, 0, 0, 0, 0, 0, 0, 0, 3, 9
"d:\projects\flutter\49-mobile-app\lib\features\account_taps\policies\presentation\cubit\policies_state.dart", "Dart", 0, 7, 0, 0, 0, 0, 0, 0, 0, 0, 0, 0, 4, 11
"d:\projects\flutter\49-mobile-app\lib\features\account_taps\policies\presentation\pages\policy_view.dart", "Dart", 0, 71, 0, 0, 0, 0, 0, 0, 0, 0, 0, 3, 10, 84
"d:\projects\flutter\49-mobile-app\lib\features\account_taps\privacy\data\data_source\privacy_data_source.dart", "Dart", 0, 36, 0, 0, 0, 0, 0, 0, 0, 0, 0, 0, 9, 45
"d:\projects\flutter\49-mobile-app\lib\features\account_taps\privacy\data\models\privacy_model.dart", "Dart", 0, 57, 0, 0, 0, 0, 0, 0, 0, 0, 0, 0, 3, 60
"d:\projects\flutter\49-mobile-app\lib\features\account_taps\privacy\data\repository\privacy_repository_impl.dart", "Dart", 0, 19, 0, 0, 0, 0, 0, 0, 0, 0, 0, 0, 4, 23
"d:\projects\flutter\49-mobile-app\lib\features\account_taps\privacy\domain\entities\privacy_entity.dart", "Dart", 0, 52, 0, 0, 0, 0, 0, 0, 0, 0, 0, 0, 2, 54
"d:\projects\flutter\49-mobile-app\lib\features\account_taps\privacy\domain\entities\privacy_status_enum.dart", "Dart", 0, 39, 0, 0, 0, 0, 0, 0, 0, 0, 0, 0, 4, 43
"d:\projects\flutter\49-mobile-app\lib\features\account_taps\privacy\domain\repository\privacy_repository.dart", "Dart", 0, 9, 0, 0, 0, 0, 0, 0, 0, 0, 0, 0, 3, 12
"d:\projects\flutter\49-mobile-app\lib\features\account_taps\privacy\domain\useCase\fetch_privacy_use_case.dart", "Dart", 0, 13, 0, 0, 0, 0, 0, 0, 0, 0, 0, 0, 3, 16
"d:\projects\flutter\49-mobile-app\lib\features\account_taps\privacy\domain\useCase\update_privacy_use_case.dart", "Dart", 0, 73, 0, 0, 0, 0, 0, 0, 0, 0, 0, 0, 6, 79
"d:\projects\flutter\49-mobile-app\lib\features\account_taps\privacy\presentation\cubit\privacy_cubit.dart", "Dart", 0, 31, 0, 0, 0, 0, 0, 0, 0, 0, 0, 2, 6, 39
"d:\projects\flutter\49-mobile-app\lib\features\account_taps\privacy\presentation\cubit\privacy_state.dart", "Dart", 0, 24, 0, 0, 0, 0, 0, 0, 0, 0, 0, 0, 4, 28
"d:\projects\flutter\49-mobile-app\lib\features\account_taps\privacy\presentation\pages\privacy_view.dart", "Dart", 0, 769, 0, 0, 0, 0, 0, 0, 0, 0, 0, 0, 4, 773
"d:\projects\flutter\49-mobile-app\lib\features\account_taps\privacy\presentation\widgets\privacy_muti_select_item.dart", "Dart", 0, 152, 0, 0, 0, 0, 0, 0, 0, 0, 0, 0, 7, 159
"d:\projects\flutter\49-mobile-app\lib\features\account_taps\privacy\presentation\widgets\privacy_switch_item.dart", "Dart", 0, 63, 0, 0, 0, 0, 0, 0, 0, 0, 0, 0, 4, 67
"d:\projects\flutter\49-mobile-app\lib\features\account_taps\share_app\presentation\cubit\share_app_cubit.dart", "Dart", 0, 26, 0, 0, 0, 0, 0, 0, 0, 0, 0, 0, 10, 36
"d:\projects\flutter\49-mobile-app\lib\features\account_taps\share_app\presentation\cubit\share_app_state.dart", "Dart", 0, 7, 0, 0, 0, 0, 0, 0, 0, 0, 0, 0, 4, 11
"d:\projects\flutter\49-mobile-app\lib\features\account_taps\share_app\presentation\pages\share_the_app.dart", "Dart", 0, 113, 0, 0, 0, 0, 0, 0, 0, 0, 0, 170, 8, 291
"d:\projects\flutter\49-mobile-app\lib\features\account_taps\transfer_money\data\data_source\transfer_money_remote_data_source.dart", "Dart", 0, 41, 0, 0, 0, 0, 0, 0, 0, 0, 0, 0, 9, 50
"d:\projects\flutter\49-mobile-app\lib\features\account_taps\transfer_money\data\model\receiver_user_wallet_model.dart", "Dart", 0, 64, 0, 0, 0, 0, 0, 0, 0, 0, 0, 0, 3, 67
"d:\projects\flutter\49-mobile-app\lib\features\account_taps\transfer_money\data\model\transfer_money_model.dart", "Dart", 0, 27, 0, 0, 0, 0, 0, 0, 0, 0, 0, 0, 3, 30
"d:\projects\flutter\49-mobile-app\lib\features\account_taps\transfer_money\data\model\user_transfer_money_model.dart", "Dart", 0, 19, 0, 0, 0, 0, 0, 0, 0, 0, 0, 4, 3, 26
"d:\projects\flutter\49-mobile-app\lib\features\account_taps\transfer_money\data\repository\transfer_money_repository_impl.dart", "Dart", 0, 20, 0, 0, 0, 0, 0, 0, 0, 0, 0, 0, 8, 28
"d:\projects\flutter\49-mobile-app\lib\features\account_taps\transfer_money\domain\entities\receiver_user_wallet_entity.dart", "Dart", 0, 59, 0, 0, 0, 0, 0, 0, 0, 0, 0, 0, 2, 61
"d:\projects\flutter\49-mobile-app\lib\features\account_taps\transfer_money\domain\entities\transfer_money_entity.dart", "Dart", 0, 22, 0, 0, 0, 0, 0, 0, 0, 0, 0, 0, 2, 24
"d:\projects\flutter\49-mobile-app\lib\features\account_taps\transfer_money\domain\entities\user_transfer_money_entity.dart", "Dart", 0, 14, 0, 0, 0, 0, 0, 0, 0, 0, 0, 4, 2, 20
"d:\projects\flutter\49-mobile-app\lib\features\account_taps\transfer_money\domain\repository\transfer_money_repository.dart", "Dart", 0, 10, 0, 0, 0, 0, 0, 0, 0, 0, 0, 0, 3, 13
"d:\projects\flutter\49-mobile-app\lib\features\account_taps\transfer_money\domain\use_case\fetch_user_use_case.dart", "Dart", 0, 15, 0, 0, 0, 0, 0, 0, 0, 0, 0, 0, 4, 19
"d:\projects\flutter\49-mobile-app\lib\features\account_taps\transfer_money\domain\use_case\transfer_money_use_case.dart", "Dart", 0, 26, 0, 0, 0, 0, 0, 0, 0, 0, 0, 0, 7, 33
"d:\projects\flutter\49-mobile-app\lib\features\account_taps\transfer_money\presentation\cubit\transfer_money_cubit.dart", "Dart", 0, 59, 0, 0, 0, 0, 0, 0, 0, 0, 0, 1, 8, 68
"d:\projects\flutter\49-mobile-app\lib\features\account_taps\transfer_money\presentation\cubit\transfer_money_state.dart", "Dart", 0, 34, 0, 0, 0, 0, 0, 0, 0, 0, 0, 0, 4, 38
"d:\projects\flutter\49-mobile-app\lib\features\account_taps\transfer_money\presentation\pages\transfer_money_success.dart", "Dart", 0, 200, 0, 0, 0, 0, 0, 0, 0, 0, 0, 7, 8, 215
"d:\projects\flutter\49-mobile-app\lib\features\account_taps\transfer_money\presentation\pages\transfer_money_view.dart", "Dart", 0, 232, 0, 0, 0, 0, 0, 0, 0, 0, 0, 2, 9, 243
"d:\projects\flutter\49-mobile-app\lib\features\account_taps\wallet\data\datasources\Gift\gift_remote_data_source.dart", "Dart", 0, 18, 0, 0, 0, 0, 0, 0, 0, 0, 0, 0, 5, 23
"d:\projects\flutter\49-mobile-app\lib\features\account_taps\wallet\data\datasources\balance\balance_remote_data_source.dart", "Dart", 0, 81, 0, 0, 0, 0, 0, 0, 0, 0, 0, 0, 21, 102
"d:\projects\flutter\49-mobile-app\lib\features\account_taps\wallet\data\datasources\wallet_remote_datasource.dart", "Dart", 0, 131, 0, 0, 0, 0, 0, 0, 0, 0, 0, 8, 22, 161
"d:\projects\flutter\49-mobile-app\lib\features\account_taps\wallet\data\models\Gift\gift_model.dart", "Dart", 0, 25, 0, 0, 0, 0, 0, 0, 0, 0, 0, 0, 3, 28
"d:\projects\flutter\49-mobile-app\lib\features\account_taps\wallet\data\models\balance\balance_data_model.dart", "Dart", 0, 32, 0, 0, 0, 0, 0, 0, 0, 0, 0, 0, 3, 35
"d:\projects\flutter\49-mobile-app\lib\features\account_taps\wallet\data\models\balance\balance_history_model.dart", "Dart", 0, 30, 0, 0, 0, 0, 0, 0, 0, 0, 0, 0, 3, 33
"d:\projects\flutter\49-mobile-app\lib\features\account_taps\wallet\data\models\balance\request_withdraw_model.dart", "Dart", 0, 10, 0, 0, 0, 0, 0, 0, 0, 0, 0, 0, 3, 13
"d:\projects\flutter\49-mobile-app\lib\features\account_taps\wallet\data\models\competition_model.dart", "Dart", 0, 18, 0, 0, 0, 0, 0, 0, 0, 0, 0, 0, 2, 20
"d:\projects\flutter\49-mobile-app\lib\features\account_taps\wallet\data\models\competitons_wallet_model.dart", "Dart", 0, 29, 0, 0, 0, 0, 0, 0, 0, 0, 0, 1, 4, 34
"d:\projects\flutter\49-mobile-app\lib\features\account_taps\wallet\data\models\gift_wallet_model.dart", "Dart", 0, 23, 0, 0, 0, 0, 0, 0, 0, 0, 0, 0, 2, 25
"d:\projects\flutter\49-mobile-app\lib\features\account_taps\wallet\data\models\wallet\main_category_model.dart", "Dart", 0, 12, 0, 0, 0, 0, 0, 0, 0, 0, 0, 0, 3, 15
"d:\projects\flutter\49-mobile-app\lib\features\account_taps\wallet\data\models\wallet\main_model.dart", "Dart", 0, 0, 0, 0, 0, 0, 0, 0, 0, 0, 0, 17, 1, 18
"d:\projects\flutter\49-mobile-app\lib\features\account_taps\wallet\data\models\wallet\wallet_history_model.dart", "Dart", 0, 32, 0, 0, 0, 0, 0, 0, 0, 0, 0, 0, 3, 35
"d:\projects\flutter\49-mobile-app\lib\features\account_taps\wallet\data\models\wallet\wallet_model.dart", "Dart", 0, 10, 0, 0, 0, 0, 0, 0, 0, 0, 0, 0, 3, 13
"d:\projects\flutter\49-mobile-app\lib\features\account_taps\wallet\data\models\wallet\wallet_subscription_model.dart", "Dart", 0, 30, 0, 0, 0, 0, 0, 0, 0, 0, 0, 0, 3, 33
"d:\projects\flutter\49-mobile-app\lib\features\account_taps\wallet\data\models\wallet_history_model.dart", "Dart", 0, 15, 0, 0, 0, 0, 0, 0, 0, 0, 0, 0, 2, 17
"d:\projects\flutter\49-mobile-app\lib\features\account_taps\wallet\data\repositories\Gift\gift_repository_impl.dart", "Dart", 0, 13, 0, 0, 0, 0, 0, 0, 0, 0, 0, 0, 4, 17
"d:\projects\flutter\49-mobile-app\lib\features\account_taps\wallet\data\repositories\balance_repository_impl.dart", "Dart", 0, 37, 0, 0, 0, 0, 0, 0, 0, 0, 0, 0, 8, 45
"d:\projects\flutter\49-mobile-app\lib\features\account_taps\wallet\data\repositories\wallet_repo_impl.dart", "Dart", 0, 49, 0, 0, 0, 0, 0, 0, 0, 0, 0, 0, 10, 59
"d:\projects\flutter\49-mobile-app\lib\features\account_taps\wallet\domain\entities\balance\balance_data_entity.dart", "Dart", 0, 28, 0, 0, 0, 0, 0, 0, 0, 0, 0, 0, 2, 30
"d:\projects\flutter\49-mobile-app\lib\features\account_taps\wallet\domain\entities\balance\balance_history_entity.dart", "Dart", 0, 25, 0, 0, 0, 0, 0, 0, 0, 0, 0, 0, 2, 27
"d:\projects\flutter\49-mobile-app\lib\features\account_taps\wallet\domain\entities\balance\request_withdraw_entity.dart", "Dart", 0, 5, 0, 0, 0, 0, 0, 0, 0, 0, 0, 0, 2, 7
"d:\projects\flutter\49-mobile-app\lib\features\account_taps\wallet\domain\entities\competition_entity.dart", "Dart", 0, 14, 0, 0, 0, 0, 0, 0, 0, 0, 0, 0, 1, 15
"d:\projects\flutter\49-mobile-app\lib\features\account_taps\wallet\domain\entities\competitions_wallet_entity.dart", "Dart", 0, 16, 0, 0, 0, 0, 0, 0, 0, 0, 0, 0, 2, 18
"d:\projects\flutter\49-mobile-app\lib\features\account_taps\wallet\domain\entities\gift_entities.dart", "Dart", 0, 18, 0, 0, 0, 0, 0, 0, 0, 0, 0, 0, 3, 21
"d:\projects\flutter\49-mobile-app\lib\features\account_taps\wallet\domain\entities\gift_wallet_entity.dart", "Dart", 0, 18, 0, 0, 0, 0, 0, 0, 0, 0, 0, 0, 2, 20
"d:\projects\flutter\49-mobile-app\lib\features\account_taps\wallet\domain\entities\wallet\main_category_entity.dart", "Dart", 0, 7, 0, 0, 0, 0, 0, 0, 0, 0, 0, 0, 2, 9
"d:\projects\flutter\49-mobile-app\lib\features\account_taps\wallet\domain\entities\wallet\main_entity.dart", "Dart", 0, 0, 0, 0, 0, 0, 0, 0, 0, 0, 0, 7, 1, 8
"d:\projects\flutter\49-mobile-app\lib\features\account_taps\wallet\domain\entities\wallet\wallet_entity.dart", "Dart", 0, 8, 0, 0, 0, 0, 0, 0, 0, 0, 0, 0, 2, 10
"d:\projects\flutter\49-mobile-app\lib\features\account_taps\wallet\domain\entities\wallet\wallet_history_entity.dart", "Dart", 0, 27, 0, 0, 0, 0, 0, 0, 0, 0, 0, 0, 2, 29
"d:\projects\flutter\49-mobile-app\lib\features\account_taps\wallet\domain\entities\wallet\wallet_subscription_entity.dart", "Dart", 0, 25, 0, 0, 0, 0, 0, 0, 0, 0, 0, 0, 2, 27
"d:\projects\flutter\49-mobile-app\lib\features\account_taps\wallet\domain\entities\wallet_history_entity.dart", "Dart", 0, 11, 0, 0, 0, 0, 0, 0, 0, 0, 0, 0, 1, 12
"d:\projects\flutter\49-mobile-app\lib\features\account_taps\wallet\domain\repositories\balance_repository.dart", "Dart", 0, 15, 0, 0, 0, 0, 0, 0, 0, 0, 0, 0, 3, 18
"d:\projects\flutter\49-mobile-app\lib\features\account_taps\wallet\domain\repositories\gift_repository.dart", "Dart", 0, 6, 0, 0, 0, 0, 0, 0, 0, 0, 0, 0, 3, 9
"d:\projects\flutter\49-mobile-app\lib\features\account_taps\wallet\domain\repositories\wallet_repo.dart", "Dart", 0, 24, 0, 0, 0, 0, 0, 0, 0, 0, 0, 0, 2, 26
"d:\projects\flutter\49-mobile-app\lib\features\account_taps\wallet\domain\usecases\add_subscribe_use_case.dart", "Dart", 0, 32, 0, 0, 0, 0, 0, 0, 0, 0, 0, 0, 8, 40
"d:\projects\flutter\49-mobile-app\lib\features\account_taps\wallet\domain\usecases\check_withdraw_balance_use_cse.dart", "Dart", 0, 14, 0, 0, 0, 0, 0, 0, 0, 0, 0, 0, 5, 19
"d:\projects\flutter\49-mobile-app\lib\features\account_taps\wallet\domain\usecases\delete_subscription_use_case.dart", "Dart", 0, 19, 0, 0, 0, 0, 0, 0, 0, 0, 0, 0, 5, 24
"d:\projects\flutter\49-mobile-app\lib\features\account_taps\wallet\domain\usecases\get_balance_history_use_case.dart", "Dart", 0, 20, 0, 0, 0, 0, 0, 0, 0, 0, 0, 0, 6, 26
"d:\projects\flutter\49-mobile-app\lib\features\account_taps\wallet\domain\usecases\get_balance_use_case.dart", "Dart", 0, 13, 0, 0, 0, 0, 0, 0, 0, 0, 0, 0, 4, 17
"d:\projects\flutter\49-mobile-app\lib\features\account_taps\wallet\domain\usecases\get_competitions_usecase.dart", "Dart", 0, 0, 0, 0, 0, 0, 0, 0, 0, 0, 0, 16, 1, 17
"d:\projects\flutter\49-mobile-app\lib\features\account_taps\wallet\domain\usecases\get_subscription_use_case.dart", "Dart", 0, 15, 0, 0, 0, 0, 0, 0, 0, 0, 0, 0, 3, 18
"d:\projects\flutter\49-mobile-app\lib\features\account_taps\wallet\domain\usecases\get_wallet_gifts_use_case.dart", "Dart", 0, 13, 0, 0, 0, 0, 0, 0, 0, 0, 0, 0, 2, 15
"d:\projects\flutter\49-mobile-app\lib\features\account_taps\wallet\domain\usecases\get_wallet_history_use_case.dart", "Dart", 0, 20, 0, 0, 0, 0, 0, 0, 0, 0, 0, 0, 6, 26
"d:\projects\flutter\49-mobile-app\lib\features\account_taps\wallet\domain\usecases\get_wallet_history_usecase.dart", "Dart", 0, 0, 0, 0, 0, 0, 0, 0, 0, 0, 0, 17, 1, 18
"d:\projects\flutter\49-mobile-app\lib\features\account_taps\wallet\domain\usecases\get_wallet_usecase.dart", "Dart", 0, 13, 0, 0, 0, 0, 0, 0, 0, 0, 0, 0, 3, 16
"d:\projects\flutter\49-mobile-app\lib\features\account_taps\wallet\domain\usecases\main_category_use_case.dart", "Dart", 0, 21, 0, 0, 0, 0, 0, 0, 0, 0, 0, 0, 6, 27
"d:\projects\flutter\49-mobile-app\lib\features\account_taps\wallet\domain\usecases\sub_category_use_case.dart", "Dart", 0, 16, 0, 0, 0, 0, 0, 0, 0, 0, 0, 0, 4, 20
"d:\projects\flutter\49-mobile-app\lib\features\account_taps\wallet\domain\usecases\transfer_balance_use_cse.dart", "Dart", 0, 12, 0, 0, 0, 0, 0, 0, 0, 0, 0, 0, 5, 17
"d:\projects\flutter\49-mobile-app\lib\features\account_taps\wallet\domain\usecases\transfer_ten_balance_use_cse.dart", "Dart", 0, 12, 0, 0, 0, 0, 0, 0, 0, 0, 0, 0, 5, 17
"d:\projects\flutter\49-mobile-app\lib\features\account_taps\wallet\domain\usecases\withdraw_balance_use_cse.dart", "Dart", 0, 12, 0, 0, 0, 0, 0, 0, 0, 0, 0, 0, 5, 17
"d:\projects\flutter\49-mobile-app\lib\features\account_taps\wallet\presentation\cubit\Balance_Cubit\balance_cubit.dart", "Dart", 0, 89, 0, 0, 0, 0, 0, 0, 0, 0, 0, 5, 12, 106
"d:\projects\flutter\49-mobile-app\lib\features\account_taps\wallet\presentation\cubit\Balance_Cubit\balance_states.dart", "Dart", 0, 40, 0, 0, 0, 0, 0, 0, 0, 0, 0, 0, 5, 45
"d:\projects\flutter\49-mobile-app\lib\features\account_taps\wallet\presentation\cubit\Gift_Cubit\gift_cubit.dart", "Dart", 0, 39, 0, 0, 0, 0, 0, 0, 0, 0, 0, 1, 7, 47
"d:\projects\flutter\49-mobile-app\lib\features\account_taps\wallet\presentation\cubit\Gift_Cubit\gift_states.dart", "Dart", 0, 28, 0, 0, 0, 0, 0, 0, 0, 0, 0, 0, 4, 32
"d:\projects\flutter\49-mobile-app\lib\features\account_taps\wallet\presentation\cubit\wallet_cubit.dart", "Dart", 0, 120, 0, 0, 0, 0, 0, 0, 0, 0, 0, 2, 11, 133
"d:\projects\flutter\49-mobile-app\lib\features\account_taps\wallet\presentation\cubit\wallet_state.dart", "Dart", 0, 44, 0, 0, 0, 0, 0, 0, 0, 0, 0, 0, 5, 49
"d:\projects\flutter\49-mobile-app\lib\features\account_taps\wallet\presentation\pages\balance_wallet_view.dart", "Dart", 0, 233, 0, 0, 0, 0, 0, 0, 0, 0, 0, 11, 7, 251
"d:\projects\flutter\49-mobile-app\lib\features\account_taps\wallet\presentation\pages\gift_wallet_view.dart", "Dart", 0, 128, 0, 0, 0, 0, 0, 0, 0, 0, 0, 2, 5, 135
"d:\projects\flutter\49-mobile-app\lib\features\account_taps\wallet\presentation\pages\normal_wallet_view.dart", "Dart", 0, 221, 0, 0, 0, 0, 0, 0, 0, 0, 0, 15, 7, 243
"d:\projects\flutter\49-mobile-app\lib\features\account_taps\wallet\presentation\pages\wallet_history.dart", "Dart", 0, 107, 0, 0, 0, 0, 0, 0, 0, 0, 0, 3, 7, 117
"d:\projects\flutter\49-mobile-app\lib\features\account_taps\wallet\presentation\pages\wallet_view.dart", "Dart", 0, 100, 0, 0, 0, 0, 0, 0, 0, 0, 0, 86, 7, 193
"d:\projects\flutter\49-mobile-app\lib\features\account_taps\wallet\presentation\widgets\competition_card.dart", "Dart", 0, 116, 0, 0, 0, 0, 0, 0, 0, 0, 0, 1, 6, 123
"d:\projects\flutter\49-mobile-app\lib\features\account_taps\wallet\presentation\widgets\drop_down_subscription.dart", "Dart", 0, 202, 0, 0, 0, 0, 0, 0, 0, 0, 0, 162, 10, 374
"d:\projects\flutter\49-mobile-app\lib\features\account_taps\wallet\presentation\widgets\semi_circle_indicator.dart", "Dart", 0, 64, 0, 0, 0, 0, 0, 0, 0, 0, 0, 2, 11, 77
"d:\projects\flutter\49-mobile-app\lib\features\account_taps\wallet\presentation\widgets\subscription_widget.dart", "Dart", 0, 174, 0, 0, 0, 0, 0, 0, 0, 0, 0, 2, 8, 184
"d:\projects\flutter\49-mobile-app\lib\features\account_taps\wallet\presentation\widgets\wallet_card_widget.dart", "Dart", 0, 101, 0, 0, 0, 0, 0, 0, 0, 0, 0, 18, 6, 125
"d:\projects\flutter\49-mobile-app\lib\features\account_taps\wallet\presentation\widgets\wallet_history_card.dart", "Dart", 0, 50, 0, 0, 0, 0, 0, 0, 0, 0, 0, 0, 5, 55
"d:\projects\flutter\49-mobile-app\lib\features\ads_feature\ad_details\data\datasources\ad_details_remote_data_source.dart", "Dart", 0, 55, 0, 0, 0, 0, 0, 0, 0, 0, 0, 0, 8, 63
"d:\projects\flutter\49-mobile-app\lib\features\ads_feature\ad_details\data\repositories\ad_details_repo_impl.dart", "Dart", 0, 32, 0, 0, 0, 0, 0, 0, 0, 0, 0, 0, 8, 40
"d:\projects\flutter\49-mobile-app\lib\features\ads_feature\ad_details\domain\repositories\ad_details_repo.dart", "Dart", 0, 15, 0, 0, 0, 0, 0, 0, 0, 0, 0, 0, 3, 18
"d:\projects\flutter\49-mobile-app\lib\features\ads_feature\ad_details\domain\usecases\get_ad_details_usecase.dart", "Dart", 0, 18, 0, 0, 0, 0, 0, 0, 0, 0, 0, 0, 6, 24
"d:\projects\flutter\49-mobile-app\lib\features\ads_feature\ad_details\domain\usecases\get_relevant_ads_usecase.dart", "Dart", 0, 13, 0, 0, 0, 0, 0, 0, 0, 0, 0, 0, 4, 17
"d:\projects\flutter\49-mobile-app\lib\features\ads_feature\ad_details\domain\usecases\make_ad_premium_request_usecase.dart", "Dart", 0, 13, 0, 0, 0, 0, 0, 0, 0, 0, 0, 0, 3, 16
"d:\projects\flutter\49-mobile-app\lib\features\ads_feature\ad_details\domain\usecases\make_ad_request_usecase.dart", "Dart", 0, 21, 0, 0, 0, 0, 0, 0, 0, 0, 0, 0, 4, 25
"d:\projects\flutter\49-mobile-app\lib\features\ads_feature\ad_details\presentation\cubit\ad_details_cubit.dart", "Dart", 0, 52, 0, 0, 0, 0, 0, 0, 0, 0, 0, 10, 8, 70
"d:\projects\flutter\49-mobile-app\lib\features\ads_feature\ad_details\presentation\cubit\ad_details_state.dart", "Dart", 0, 33, 0, 0, 0, 0, 0, 0, 0, 0, 0, 0, 4, 37
"d:\projects\flutter\49-mobile-app\lib\features\ads_feature\ad_details\presentation\pages\ad_details_view.dart", "Dart", 0, 426, 0, 0, 0, 0, 0, 0, 0, 0, 0, 6, 19, 451
"d:\projects\flutter\49-mobile-app\lib\features\ads_feature\ad_requests\data\datasources\ad_requests_remote_data_source.dart", "Dart", 0, 26, 0, 0, 0, 0, 0, 0, 0, 0, 0, 0, 5, 31
"d:\projects\flutter\49-mobile-app\lib\features\ads_feature\ad_requests\data\models\ad_request_model.dart", "Dart", 0, 40, 0, 0, 0, 0, 0, 0, 0, 0, 0, 0, 3, 43
"d:\projects\flutter\49-mobile-app\lib\features\ads_feature\ad_requests\data\repositories\ad_requests_repo_impl.dart", "Dart", 0, 15, 0, 0, 0, 0, 0, 0, 0, 0, 0, 0, 4, 19
"d:\projects\flutter\49-mobile-app\lib\features\ads_feature\ad_requests\domain\entities\ad_request_entity.dart", "Dart", 0, 36, 0, 0, 0, 0, 0, 0, 0, 0, 0, 0, 5, 41
"d:\projects\flutter\49-mobile-app\lib\features\ads_feature\ad_requests\domain\repositories\ad_requests_repo.dart", "Dart", 0, 8, 0, 0, 0, 0, 0, 0, 0, 0, 0, 0, 3, 11
"d:\projects\flutter\49-mobile-app\lib\features\ads_feature\ad_requests\domain\usecases\get_ad_requests_usecase.dart", "Dart", 0, 28, 0, 0, 0, 0, 0, 0, 0, 0, 0, 0, 7, 35
"d:\projects\flutter\49-mobile-app\lib\features\ads_feature\ad_requests\presentation\cubit\ad_requests_cubit.dart", "Dart", 0, 45, 0, 0, 0, 0, 0, 0, 0, 0, 0, 0, 11, 56
"d:\projects\flutter\49-mobile-app\lib\features\ads_feature\ad_requests\presentation\cubit\ad_requests_state.dart", "Dart", 0, 33, 0, 0, 0, 0, 0, 0, 0, 0, 0, 0, 4, 37
"d:\projects\flutter\49-mobile-app\lib\features\ads_feature\ad_requests\presentation\pages\ad_requests_view.dart", "Dart", 0, 189, 0, 0, 0, 0, 0, 0, 0, 0, 0, 2, 14, 205
"d:\projects\flutter\49-mobile-app\lib\features\ads_feature\ads\data\datasources\ads_remote_data_source.dart", "Dart", 0, 80, 0, 0, 0, 0, 0, 0, 0, 0, 0, 0, 11, 91
"d:\projects\flutter\49-mobile-app\lib\features\ads_feature\ads\data\models\Ad_details_model.dart", "Dart", 0, 94, 0, 0, 0, 0, 0, 0, 0, 0, 0, 1, 3, 98
"d:\projects\flutter\49-mobile-app\lib\features\ads_feature\ads\data\models\Ad_model.dart", "Dart", 0, 90, 0, 0, 0, 0, 0, 0, 0, 0, 0, 2, 4, 96
"d:\projects\flutter\49-mobile-app\lib\features\ads_feature\ads\data\models\ad_details_prop_model.dart", "Dart", 0, 16, 0, 0, 0, 0, 0, 0, 0, 0, 0, 0, 2, 18
"d:\projects\flutter\49-mobile-app\lib\features\ads_feature\ads\data\models\ad_selection_model.dart", "Dart", 0, 15, 0, 0, 0, 0, 0, 0, 0, 0, 0, 2, 3, 20
"d:\projects\flutter\49-mobile-app\lib\features\ads_feature\ads\data\models\ad_statistics_model.dart", "Dart", 0, 16, 0, 0, 0, 0, 0, 0, 0, 0, 0, 0, 2, 18
"d:\projects\flutter\49-mobile-app\lib\features\ads_feature\ads\data\models\detail_model.dart", "Dart", 0, 12, 0, 0, 0, 0, 0, 0, 0, 0, 0, 0, 2, 14
"d:\projects\flutter\49-mobile-app\lib\features\ads_feature\ads\data\models\publisher_model.dart", "Dart", 0, 22, 0, 0, 0, 0, 0, 0, 0, 0, 0, 0, 2, 24
"d:\projects\flutter\49-mobile-app\lib\features\ads_feature\ads\data\repositories\ads_repo_impl.dart", "Dart", 0, 42, 0, 0, 0, 0, 0, 0, 0, 0, 0, 0, 10, 52
"d:\projects\flutter\49-mobile-app\lib\features\ads_feature\ads\domain\entities\ad_details_entity.dart", "Dart", 0, 67, 0, 0, 0, 0, 0, 0, 0, 0, 0, 0, 5, 72
"d:\projects\flutter\49-mobile-app\lib\features\ads_feature\ads\domain\entities\ad_details_prop_entity.dart", "Dart", 0, 11, 0, 0, 0, 0, 0, 0, 0, 0, 0, 0, 2, 13
"d:\projects\flutter\49-mobile-app\lib\features\ads_feature\ads\domain\entities\ad_entity.dart", "Dart", 0, 57, 0, 0, 0, 0, 0, 0, 0, 0, 0, 0, 5, 62
"d:\projects\flutter\49-mobile-app\lib\features\ads_feature\ads\domain\entities\ad_selection_entity.dart", "Dart", 0, 6, 0, 0, 0, 0, 0, 0, 0, 0, 0, 0, 3, 9
"d:\projects\flutter\49-mobile-app\lib\features\ads_feature\ads\domain\entities\ad_statistics_entity.dart", "Dart", 0, 11, 0, 0, 0, 0, 0, 0, 0, 0, 0, 0, 1, 12
"d:\projects\flutter\49-mobile-app\lib\features\ads_feature\ads\domain\entities\detail_entity.dart", "Dart", 0, 6, 0, 0, 0, 0, 0, 0, 0, 0, 0, 0, 2, 8
"d:\projects\flutter\49-mobile-app\lib\features\ads_feature\ads\domain\entities\publisher_entity.dart", "Dart", 0, 17, 0, 0, 0, 0, 0, 0, 0, 0, 0, 0, 2, 19
"d:\projects\flutter\49-mobile-app\lib\features\ads_feature\ads\domain\repositories\ads_repo.dart", "Dart", 0, 16, 0, 0, 0, 0, 0, 0, 0, 0, 0, 0, 3, 19
"d:\projects\flutter\49-mobile-app\lib\features\ads_feature\ads\domain\usecases\favourite_ad_usecase.dart", "Dart", 0, 12, 0, 0, 0, 0, 0, 0, 0, 0, 0, 0, 4, 16
"d:\projects\flutter\49-mobile-app\lib\features\ads_feature\ads\domain\usecases\get_ads_usecase.dart", "Dart", 0, 33, 0, 0, 0, 0, 0, 0, 0, 0, 0, 0, 6, 39
"d:\projects\flutter\49-mobile-app\lib\features\ads_feature\ads\domain\usecases\get_all_comewithme_usecase.dart", "Dart", 0, 13, 0, 0, 0, 0, 0, 0, 0, 0, 0, 0, 3, 16
"d:\projects\flutter\49-mobile-app\lib\features\ads_feature\ads\domain\usecases\get_all_pickme_usecase.dart", "Dart", 0, 13, 0, 0, 0, 0, 0, 0, 0, 0, 0, 0, 3, 16
"d:\projects\flutter\49-mobile-app\lib\features\ads_feature\ads\domain\usecases\remove_favourite_ad_usecase.dart", "Dart", 0, 12, 0, 0, 0, 0, 0, 0, 0, 0, 0, 0, 4, 16
"d:\projects\flutter\49-mobile-app\lib\features\ads_feature\ads\domain\usecases\request_come_with_me_usecase.dart", "Dart", 0, 23, 0, 0, 0, 0, 0, 0, 0, 0, 0, 0, 4, 27
"d:\projects\flutter\49-mobile-app\lib\features\ads_feature\ads\domain\usecases\request_pick_me_usecase.dart", "Dart", 0, 13, 0, 0, 0, 0, 0, 0, 0, 0, 0, 0, 2, 15
"d:\projects\flutter\49-mobile-app\lib\features\ads_feature\ads\presentation\cubit\ads_cubit.dart", "Dart", 0, 252, 0, 0, 0, 0, 0, 0, 0, 0, 0, 12, 25, 289
"d:\projects\flutter\49-mobile-app\lib\features\ads_feature\ads\presentation\cubit\ads_state.dart", "Dart", 0, 67, 0, 0, 0, 0, 0, 0, 0, 0, 0, 0, 4, 71
"d:\projects\flutter\49-mobile-app\lib\features\ads_feature\ads\presentation\pages\ads_view.dart", "Dart", 0, 401, 0, 0, 0, 0, 0, 0, 0, 0, 0, 0, 13, 414
"d:\projects\flutter\49-mobile-app\lib\features\ads_feature\ads\presentation\widgets\ad_card.dart", "Dart", 0, 374, 0, 0, 0, 0, 0, 0, 0, 0, 0, 3, 6, 383
"d:\projects\flutter\49-mobile-app\lib\features\ads_feature\ads\presentation\widgets\mobile_ad_card.dart", "Dart", 0, 299, 0, 0, 0, 0, 0, 0, 0, 0, 0, 7, 5, 311
"d:\projects\flutter\49-mobile-app\lib\features\ads_feature\ads\presentation\widgets\premium_request_button.dart", "Dart", 0, 171, 0, 0, 0, 0, 0, 0, 0, 0, 0, 2, 4, 177
"d:\projects\flutter\49-mobile-app\lib\features\ads_feature\ads\presentation\widgets\provider_ads.dart", "Dart", 0, 65, 0, 0, 0, 0, 0, 0, 0, 0, 0, 11, 4, 80
"d:\projects\flutter\49-mobile-app\lib\features\ads_feature\ads\presentation\widgets\provider_ads_view.dart", "Dart", 0, 96, 0, 0, 0, 0, 0, 0, 0, 0, 0, 10, 4, 110
"d:\projects\flutter\49-mobile-app\lib\features\ads_feature\ads\presentation\widgets\provider_filter_ads.dart", "Dart", 0, 74, 0, 0, 0, 0, 0, 0, 0, 0, 0, 1, 6, 81
"d:\projects\flutter\49-mobile-app\lib\features\ads_feature\ads\presentation\widgets\request_button.dart", "Dart", 0, 175, 0, 0, 0, 0, 0, 0, 0, 0, 0, 2, 6, 183
"d:\projects\flutter\49-mobile-app\lib\features\ads_feature\ads\presentation\widgets\user_ads.dart", "Dart", 0, 64, 0, 0, 0, 0, 0, 0, 0, 0, 0, 9, 5, 78
"d:\projects\flutter\49-mobile-app\lib\features\ads_feature\ads\presentation\widgets\user_ads_view.dart", "Dart", 0, 76, 0, 0, 0, 0, 0, 0, 0, 0, 0, 0, 3, 79
"d:\projects\flutter\49-mobile-app\lib\features\ads_feature\ads\presentation\widgets\user_filter_ads.dart", "Dart", 0, 80, 0, 0, 0, 0, 0, 0, 0, 0, 0, 0, 6, 86
"d:\projects\flutter\49-mobile-app\lib\features\ads_feature\create_ad\data\datasources\create_ad_remote_datasource.dart", "Dart", 0, 48, 0, 0, 0, 0, 0, 0, 0, 0, 0, 0, 5, 53
"d:\projects\flutter\49-mobile-app\lib\features\ads_feature\create_ad\data\models\ad_property_model.dart", "Dart", 0, 23, 0, 0, 0, 0, 0, 0, 0, 0, 0, 0, 2, 25
"d:\projects\flutter\49-mobile-app\lib\features\ads_feature\create_ad\data\models\create_ad_model.dart", "Dart", 0, 18, 0, 0, 0, 0, 0, 0, 0, 0, 0, 0, 3, 21
"d:\projects\flutter\49-mobile-app\lib\features\ads_feature\create_ad\data\models\selection_model.dart", "Dart", 0, 11, 0, 0, 0, 0, 0, 0, 0, 0, 0, 0, 2, 13
"d:\projects\flutter\49-mobile-app\lib\features\ads_feature\create_ad\data\repositories\create_ad_repo_impl.dart", "Dart", 0, 25, 0, 0, 0, 0, 0, 0, 0, 0, 0, 0, 7, 32
"d:\projects\flutter\49-mobile-app\lib\features\ads_feature\create_ad\domain\entities\ad_properties_entity.dart", "Dart", 0, 41, 0, 0, 0, 0, 0, 0, 0, 0, 0, 0, 5, 46
"d:\projects\flutter\49-mobile-app\lib\features\ads_feature\create_ad\domain\entities\categorization_entity.dart", "Dart", 0, 7, 0, 0, 0, 0, 0, 0, 0, 0, 0, 0, 3, 10
"d:\projects\flutter\49-mobile-app\lib\features\ads_feature\create_ad\domain\entities\create_ad_entity.dart", "Dart", 0, 14, 0, 0, 0, 0, 0, 0, 0, 0, 0, 0, 4, 18
"d:\projects\flutter\49-mobile-app\lib\features\ads_feature\create_ad\domain\entities\selection_entity.dart", "Dart", 0, 13, 0, 0, 0, 0, 0, 0, 0, 0, 0, 0, 3, 16
"d:\projects\flutter\49-mobile-app\lib\features\ads_feature\create_ad\domain\repositories\create_ad_repo.dart", "Dart", 0, 12, 0, 0, 0, 0, 0, 0, 0, 0, 0, 0, 3, 15
"d:\projects\flutter\49-mobile-app\lib\features\ads_feature\create_ad\domain\usecases\create_ad_usecase.dart", "Dart", 0, 15, 0, 0, 0, 0, 0, 0, 0, 0, 0, 0, 5, 20
"d:\projects\flutter\49-mobile-app\lib\features\ads_feature\create_ad\domain\usecases\filter_ad_usecase.dart", "Dart", 0, 16, 0, 0, 0, 0, 0, 0, 0, 0, 0, 0, 5, 21
"d:\projects\flutter\49-mobile-app\lib\features\ads_feature\create_ad\domain\usecases\get_ad_properties_usecase.dart", "Dart", 0, 15, 0, 0, 0, 0, 0, 0, 0, 0, 0, 0, 4, 19
"d:\projects\flutter\49-mobile-app\lib\features\ads_feature\create_ad\presentation\cubit\create_ad_cubit.dart", "Dart", 0, 304, 0, 0, 0, 0, 0, 0, 0, 0, 0, 2, 30, 336
"d:\projects\flutter\49-mobile-app\lib\features\ads_feature\create_ad\presentation\cubit\create_ad_state.dart", "Dart", 0, 99, 0, 0, 0, 0, 0, 0, 0, 0, 0, 0, 6, 105
"d:\projects\flutter\49-mobile-app\lib\features\ads_feature\create_ad\presentation\pages\create_ad.dart", "Dart", 0, 577, 0, 0, 0, 0, 0, 0, 0, 0, 0, 0, 9, 586
"d:\projects\flutter\49-mobile-app\lib\features\ads_feature\create_ad\presentation\widgets\ad_dynamic_inputs.dart", "Dart", 0, 206, 0, 0, 0, 0, 0, 0, 0, 0, 0, 2, 11, 219
"d:\projects\flutter\49-mobile-app\lib\features\ads_feature\create_ad\presentation\widgets\select_main_category.dart", "Dart", 0, 37, 0, 0, 0, 0, 0, 0, 0, 0, 0, 0, 4, 41
"d:\projects\flutter\49-mobile-app\lib\features\ads_feature\create_ad\presentation\widgets\select_sub_category.dart", "Dart", 0, 37, 0, 0, 0, 0, 0, 0, 0, 0, 0, 0, 5, 42
"d:\projects\flutter\49-mobile-app\lib\features\ads_feature\create_company_ad\data\datasources\company_advertise_data_source.dart", "Dart", 0, 90, 0, 0, 0, 0, 0, 0, 0, 0, 0, 1, 19, 110
"d:\projects\flutter\49-mobile-app\lib\features\ads_feature\create_company_ad\data\models\company_ad_model.dart", "Dart", 0, 32, 0, 0, 0, 0, 0, 0, 0, 0, 0, 0, 3, 35
"d:\projects\flutter\49-mobile-app\lib\features\ads_feature\create_company_ad\data\models\company_ad_option_model.dart", "Dart", 0, 26, 0, 0, 0, 0, 0, 0, 0, 0, 0, 0, 3, 29
"d:\projects\flutter\49-mobile-app\lib\features\ads_feature\create_company_ad\data\models\company_price_model.dart", "Dart", 0, 46, 0, 0, 0, 0, 0, 0, 0, 0, 0, 0, 8, 54
"d:\projects\flutter\49-mobile-app\lib\features\ads_feature\create_company_ad\data\models\fetch_post_company_advertise_params.dart", "Dart", 0, 13, 0, 0, 0, 0, 0, 0, 0, 0, 0, 0, 6, 19
"d:\projects\flutter\49-mobile-app\lib\features\ads_feature\create_company_ad\data\models\media_model.dart", "Dart", 0, 21, 0, 0, 0, 0, 0, 0, 0, 0, 0, 0, 3, 24
"d:\projects\flutter\49-mobile-app\lib\features\ads_feature\create_company_ad\data\models\price_model.dart", "Dart", 0, 18, 0, 0, 0, 0, 0, 0, 0, 0, 0, 0, 3, 21
"d:\projects\flutter\49-mobile-app\lib\features\ads_feature\create_company_ad\data\repositories\company_advertise_repository_impl.dart", "Dart", 0, 37, 0, 0, 0, 0, 0, 0, 0, 0, 0, 0, 7, 44
"d:\projects\flutter\49-mobile-app\lib\features\ads_feature\create_company_ad\domain\entities\company_ad_entity.dart", "Dart", 0, 24, 0, 0, 0, 0, 0, 0, 0, 0, 0, 0, 3, 27
"d:\projects\flutter\49-mobile-app\lib\features\ads_feature\create_company_ad\domain\entities\company_ad_option_entity.dart", "Dart", 0, 21, 0, 0, 0, 0, 0, 0, 0, 0, 0, 0, 2, 23
"d:\projects\flutter\49-mobile-app\lib\features\ads_feature\create_company_ad\domain\entities\media_entity.dart", "Dart", 0, 17, 0, 0, 0, 0, 0, 0, 0, 0, 0, 0, 2, 19
"d:\projects\flutter\49-mobile-app\lib\features\ads_feature\create_company_ad\domain\entities\price_entity.dart", "Dart", 0, 13, 0, 0, 0, 0, 0, 0, 0, 0, 0, 0, 2, 15
"d:\projects\flutter\49-mobile-app\lib\features\ads_feature\create_company_ad\domain\repositories\company_advertise_repository.dart", "Dart", 0, 18, 0, 0, 0, 0, 0, 0, 0, 0, 0, 0, 3, 21
"d:\projects\flutter\49-mobile-app\lib\features\ads_feature\create_company_ad\domain\usecases\delete_company_ad_use_case.dart", "Dart", 0, 18, 0, 0, 0, 0, 0, 0, 0, 0, 0, 0, 6, 24
"d:\projects\flutter\49-mobile-app\lib\features\ads_feature\create_company_ad\domain\usecases\get_company_add_use_case.dart", "Dart", 0, 36, 0, 0, 0, 0, 0, 0, 0, 0, 0, 5, 9, 50
"d:\projects\flutter\49-mobile-app\lib\features\ads_feature\create_company_ad\domain\usecases\get_posts_company_ad_use_case.dart", "Dart", 0, 16, 0, 0, 0, 0, 0, 0, 0, 0, 0, 0, 4, 20
"d:\projects\flutter\49-mobile-app\lib\features\ads_feature\create_company_ad\domain\usecases\get_price_use_case.dart", "Dart", 0, 13, 0, 0, 0, 0, 0, 0, 0, 0, 0, 0, 3, 16
"d:\projects\flutter\49-mobile-app\lib\features\ads_feature\create_company_ad\domain\usecases\pay_company_ad_use_case.dart", "Dart", 0, 21, 0, 0, 0, 0, 0, 0, 0, 0, 0, 0, 7, 28
"d:\projects\flutter\49-mobile-app\lib\features\ads_feature\create_company_ad\presentation\cubit\create_company_ad_cubit.dart", "Dart", 0, 107, 0, 0, 0, 0, 0, 0, 0, 0, 0, 0, 12, 119
"d:\projects\flutter\49-mobile-app\lib\features\ads_feature\create_company_ad\presentation\cubit\create_company_ad_state.dart", "Dart", 0, 34, 0, 0, 0, 0, 0, 0, 0, 0, 0, 0, 3, 37
"d:\projects\flutter\49-mobile-app\lib\features\ads_feature\create_company_ad\presentation\pages\create_company_ad.dart", "Dart", 0, 253, 0, 0, 0, 0, 0, 0, 0, 0, 0, 14, 8, 275
"d:\projects\flutter\49-mobile-app\lib\features\ads_feature\create_company_ad\presentation\pages\create_posts_company.dart", "Dart", 0, 302, 0, 0, 0, 0, 0, 0, 0, 0, 0, 7, 14, 323
"d:\projects\flutter\49-mobile-app\lib\features\ads_feature\create_company_ad\presentation\pages\widgets\build_item_photo_post.dart", "Dart", 0, 166, 0, 0, 0, 0, 0, 0, 0, 0, 0, 2, 6, 174
"d:\projects\flutter\49-mobile-app\lib\features\ads_feature\create_company_ad\presentation\pages\widgets\build_item_photo_text_post.dart", "Dart", 0, 63, 0, 0, 0, 0, 0, 0, 0, 0, 0, 0, 4, 67
"d:\projects\flutter\49-mobile-app\lib\features\ads_feature\create_company_ad\presentation\pages\widgets\build_item_text_post.dart", "Dart", 0, 108, 0, 0, 0, 0, 0, 0, 0, 0, 0, 1, 7, 116
"d:\projects\flutter\49-mobile-app\lib\features\ads_feature\create_company_ad\presentation\pages\widgets\custom_container.dart", "Dart", 0, 114, 0, 0, 0, 0, 0, 0, 0, 0, 0, 1, 6, 121
"d:\projects\flutter\49-mobile-app\lib\features\ads_feature\create_company_ad\presentation\pages\widgets\image_details.dart", "Dart", 0, 81, 0, 0, 0, 0, 0, 0, 0, 0, 0, 0, 8, 89
"d:\projects\flutter\49-mobile-app\lib\features\ads_feature\create_company_ad\presentation\pages\widgets\photo_post_content.dart", "Dart", 0, 71, 0, 0, 0, 0, 0, 0, 0, 0, 0, 1, 4, 76
"d:\projects\flutter\49-mobile-app\lib\features\ads_feature\create_company_ad\presentation\pages\widgets\photo_text_post_content.dart", "Dart", 0, 73, 0, 0, 0, 0, 0, 0, 0, 0, 0, 1, 4, 78
"d:\projects\flutter\49-mobile-app\lib\features\ads_feature\create_company_ad\presentation\pages\widgets\reel_post_content.dart", "Dart", 0, 433, 0, 0, 0, 0, 0, 0, 0, 0, 0, 8, 51, 492
"d:\projects\flutter\49-mobile-app\lib\features\ads_feature\create_company_ad\presentation\pages\widgets\show_post_company_advertise.dart", "Dart", 0, 127, 0, 0, 0, 0, 0, 0, 0, 0, 0, 0, 8, 135
"d:\projects\flutter\49-mobile-app\lib\features\ads_feature\create_company_ad\presentation\pages\widgets\text_post_content.dart", "Dart", 0, 75, 0, 0, 0, 0, 0, 0, 0, 0, 0, 1, 4, 80
"d:\projects\flutter\49-mobile-app\lib\features\ads_feature\filter_ads\data\models\filter_model.dart", "Dart", 0, 38, 0, 0, 0, 0, 0, 0, 0, 0, 0, 0, 3, 41
"d:\projects\flutter\49-mobile-app\lib\features\ads_feature\filter_ads\domain\entities\filter_entity.dart", "Dart", 0, 20, 0, 0, 0, 0, 0, 0, 0, 0, 0, 0, 3, 23
"d:\projects\flutter\49-mobile-app\lib\features\ads_feature\filter_ads\presentation\pages\filter_ads.dart", "Dart", 0, 123, 0, 0, 0, 0, 0, 0, 0, 0, 0, 0, 5, 128
"d:\projects\flutter\49-mobile-app\lib\features\ads_feature\filter_ads\presentation\pages\governorate_filter_ads.dart", "Dart", 0, 155, 0, 0, 0, 0, 0, 0, 0, 0, 0, 0, 6, 161
"d:\projects\flutter\49-mobile-app\lib\features\ads_feature\filter_ads\presentation\pages\widgets\custom_text_field.dart", "Dart", 0, 148, 0, 0, 0, 0, 0, 0, 0, 0, 0, 6, 5, 159
"d:\projects\flutter\49-mobile-app\lib\features\ads_feature\filter_ads\presentation\pages\widgets\filter_ad_dynamic_inputs.dart", "Dart", 0, 248, 0, 0, 0, 0, 0, 0, 0, 0, 0, 2, 10, 260
"d:\projects\flutter\49-mobile-app\lib\features\authentication\data\data_sources\local_data_source\auth_local_data_source.dart", "Dart", 0, 91, 0, 0, 0, 0, 0, 0, 0, 0, 0, 0, 14, 105
"d:\projects\flutter\49-mobile-app\lib\features\authentication\data\data_sources\remote_data_source\auth_remote_data_source.dart", "Dart", 0, 235, 0, 0, 0, 0, 0, 0, 0, 0, 0, 14, 41, 290
"d:\projects\flutter\49-mobile-app\lib\features\authentication\data\data_sources\remote_data_source\user_remote_data_source.dart", "Dart", 0, 24, 0, 0, 0, 0, 0, 0, 0, 0, 0, 1, 7, 32
"d:\projects\flutter\49-mobile-app\lib\features\authentication\data\data_sources\remote_data_source\wallet_data_source.dart", "Dart", 0, 25, 0, 0, 0, 0, 0, 0, 0, 0, 0, 10, 4, 39
"d:\projects\flutter\49-mobile-app\lib\features\authentication\data\data_sources\remote_data_source\wallet_datasource.dart", "Dart", 0, 25, 0, 0, 0, 0, 0, 0, 0, 0, 0, 10, 4, 39
"d:\projects\flutter\49-mobile-app\lib\features\authentication\data\models\base_user_model.dart", "Dart", 0, 17, 0, 0, 0, 0, 0, 0, 0, 0, 0, 0, 3, 20
"d:\projects\flutter\49-mobile-app\lib\features\authentication\data\models\login_model.dart", "Dart", 0, 32, 0, 0, 0, 0, 0, 0, 0, 0, 0, 0, 8, 40
"d:\projects\flutter\49-mobile-app\lib\features\authentication\data\models\user_model.dart", "Dart", 0, 56, 0, 0, 0, 0, 0, 0, 0, 0, 0, 0, 3, 59
"d:\projects\flutter\49-mobile-app\lib\features\authentication\data\models\user_tokens_model.dart", "Dart", 0, 17, 0, 0, 0, 0, 0, 0, 0, 0, 0, 0, 4, 21
"d:\projects\flutter\49-mobile-app\lib\features\authentication\data\models\wallet_model.dart", "Dart", 0, 116, 0, 0, 0, 0, 0, 0, 0, 0, 0, 0, 4, 120
"d:\projects\flutter\49-mobile-app\lib\features\authentication\data\repositories\auth_repository_impl.dart", "Dart", 0, 122, 0, 0, 0, 0, 0, 0, 0, 0, 0, 27, 23, 172
"d:\projects\flutter\49-mobile-app\lib\features\authentication\data\repositories\user_repository_impl.dart", "Dart", 0, 13, 0, 0, 0, 0, 0, 0, 0, 0, 0, 4, 5, 22
"d:\projects\flutter\49-mobile-app\lib\features\authentication\data\repositories\wallet_repository.dart", "Dart", 0, 11, 0, 0, 0, 0, 0, 0, 0, 0, 0, 1, 2, 14
"d:\projects\flutter\49-mobile-app\lib\features\authentication\domain\entities\base_user_entity.dart", "Dart", 0, 21, 0, 0, 0, 0, 0, 0, 0, 0, 0, 0, 5, 26
"d:\projects\flutter\49-mobile-app\lib\features\authentication\domain\entities\user_entity.dart", "Dart", 0, 63, 0, 0, 0, 0, 0, 0, 0, 0, 0, 0, 6, 69
"d:\projects\flutter\49-mobile-app\lib\features\authentication\domain\entities\user_tokens_entity.dart", "Dart", 0, 27, 0, 0, 0, 0, 0, 0, 0, 0, 0, 0, 6, 33
"d:\projects\flutter\49-mobile-app\lib\features\authentication\domain\repositories\auth_repository.dart", "Dart", 0, 31, 0, 0, 0, 0, 0, 0, 0, 0, 0, 2, 7, 40
"d:\projects\flutter\49-mobile-app\lib\features\authentication\domain\repositories\user_repository.dart", "Dart", 0, 7, 0, 0, 0, 0, 0, 0, 0, 0, 0, 0, 4, 11
"d:\projects\flutter\49-mobile-app\lib\features\authentication\domain\use_cases\apple_sign_in_usecase.dart", "Dart", 0, 13, 0, 0, 0, 0, 0, 0, 0, 0, 0, 0, 5, 18
"d:\projects\flutter\49-mobile-app\lib\features\authentication\domain\use_cases\attach_token_use_case.dart", "Dart", 0, 11, 0, 0, 0, 0, 0, 0, 0, 0, 0, 0, 5, 16
"d:\projects\flutter\49-mobile-app\lib\features\authentication\domain\use_cases\create_new_forget_password_use_case.dart", "Dart", 0, 35, 0, 0, 0, 0, 0, 0, 0, 0, 0, 0, 8, 43
"d:\projects\flutter\49-mobile-app\lib\features\authentication\domain\use_cases\facebook_sign_in_use_case.dart", "Dart", 0, 0, 0, 0, 0, 0, 0, 0, 0, 0, 0, 8, 3, 11
"d:\projects\flutter\49-mobile-app\lib\features\authentication\domain\use_cases\get_tokens_use_case.dart", "Dart", 0, 13, 0, 0, 0, 0, 0, 0, 0, 0, 0, 0, 4, 17
"d:\projects\flutter\49-mobile-app\lib\features\authentication\domain\use_cases\get_user_use_case.dart", "Dart", 0, 13, 0, 0, 0, 0, 0, 0, 0, 0, 0, 0, 4, 17
"d:\projects\flutter\49-mobile-app\lib\features\authentication\domain\use_cases\get_wallet_use_case.dart", "Dart", 0, 0, 0, 0, 0, 0, 0, 0, 0, 0, 0, 0, 2, 2
"d:\projects\flutter\49-mobile-app\lib\features\authentication\domain\use_cases\get_welcome_gift_use_case.dart", "Dart", 0, 12, 0, 0, 0, 0, 0, 0, 0, 0, 0, 0, 5, 17
"d:\projects\flutter\49-mobile-app\lib\features\authentication\domain\use_cases\google_sign_in_use_case.dart", "Dart", 0, 25, 0, 0, 0, 0, 0, 0, 0, 0, 0, 1, 9, 35
"d:\projects\flutter\49-mobile-app\lib\features\authentication\domain\use_cases\login_use_case.dart", "Dart", 0, 34, 0, 0, 0, 0, 0, 0, 0, 0, 0, 1, 8, 43
"d:\projects\flutter\49-mobile-app\lib\features\authentication\domain\use_cases\register_use_case.dart", "Dart", 0, 50, 0, 0, 0, 0, 0, 0, 0, 0, 0, 0, 9, 59
"d:\projects\flutter\49-mobile-app\lib\features\authentication\domain\use_cases\resend_otp_use_case.dart", "Dart", 0, 22, 0, 0, 0, 0, 0, 0, 0, 0, 0, 0, 8, 30
"d:\projects\flutter\49-mobile-app\lib\features\authentication\domain\use_cases\save_tokens_use_case.dart", "Dart", 0, 13, 0, 0, 0, 0, 0, 0, 0, 0, 0, 0, 4, 17
"d:\projects\flutter\49-mobile-app\lib\features\authentication\domain\use_cases\send_forget_password_otp_use_case.dart", "Dart", 0, 22, 0, 0, 0, 0, 0, 0, 0, 0, 0, 0, 8, 30
"d:\projects\flutter\49-mobile-app\lib\features\authentication\domain\use_cases\sign_out_usecase.dart", "Dart", 0, 12, 0, 0, 0, 0, 0, 0, 0, 0, 0, 0, 4, 16
"d:\projects\flutter\49-mobile-app\lib\features\authentication\domain\use_cases\verify_forget_password_otp_use_case.dart", "Dart", 0, 31, 0, 0, 0, 0, 0, 0, 0, 0, 0, 0, 8, 39
"d:\projects\flutter\49-mobile-app\lib\features\authentication\domain\use_cases\verify_otp_use_case.dart", "Dart", 0, 31, 0, 0, 0, 0, 0, 0, 0, 0, 0, 0, 8, 39
"d:\projects\flutter\49-mobile-app\lib\features\authentication\presentation\controllers\create_new_forgot_password_cubit\create_new_forgot_password_cubit.dart", "Dart", 0, 34, 0, 0, 0, 0, 0, 0, 0, 0, 0, 0, 6, 40
"d:\projects\flutter\49-mobile-app\lib\features\authentication\presentation\controllers\create_new_forgot_password_cubit\create_new_forgot_password_state.dart", "Dart", 0, 14, 0, 0, 0, 0, 0, 0, 0, 0, 0, 0, 7, 21
"d:\projects\flutter\49-mobile-app\lib\features\authentication\presentation\controllers\forgot_password_cubit\forgot_password_cubit.dart", "Dart", 0, 29, 0, 0, 0, 0, 0, 0, 0, 0, 0, 0, 5, 34
"d:\projects\flutter\49-mobile-app\lib\features\authentication\presentation\controllers\forgot_password_cubit\forgot_password_state.dart", "Dart", 0, 10, 0, 0, 0, 0, 0, 0, 0, 0, 0, 0, 7, 17
"d:\projects\flutter\49-mobile-app\lib\features\authentication\presentation\controllers\login_cubit\login_cubit.dart", "Dart", 0, 91, 0, 0, 0, 0, 0, 0, 0, 0, 0, 187, 23, 301
"d:\projects\flutter\49-mobile-app\lib\features\authentication\presentation\controllers\login_cubit\login_state.dart", "Dart", 0, 34, 0, 0, 0, 0, 0, 0, 0, 0, 0, 23, 12, 69
"d:\projects\flutter\49-mobile-app\lib\features\authentication\presentation\controllers\register_cubit\register_cubit.dart", "Dart", 0, 90, 0, 0, 0, 0, 0, 0, 0, 0, 0, 15, 11, 116
"d:\projects\flutter\49-mobile-app\lib\features\authentication\presentation\controllers\register_cubit\register_state.dart", "Dart", 0, 14, 0, 0, 0, 0, 0, 0, 0, 0, 0, 0, 9, 23
"d:\projects\flutter\49-mobile-app\lib\features\authentication\presentation\controllers\user_cubit\get_wallet_cubit.dart", "Dart", 0, 18, 0, 0, 0, 0, 0, 0, 0, 0, 0, 3, 3, 24
"d:\projects\flutter\49-mobile-app\lib\features\authentication\presentation\controllers\user_cubit\get_wallet_state.dart", "Dart", 0, 8, 0, 0, 0, 0, 0, 0, 0, 0, 0, 0, 6, 14
"d:\projects\flutter\49-mobile-app\lib\features\authentication\presentation\controllers\user_cubit\user_cubit.dart", "Dart", 0, 143, 0, 0, 0, 0, 0, 0, 0, 0, 0, 36, 20, 199
"d:\projects\flutter\49-mobile-app\lib\features\authentication\presentation\controllers\verify_forgot_password_otp\verify_forgot_password_otp_cubit.dart", "Dart", 0, 25, 0, 0, 0, 0, 0, 0, 0, 0, 0, 0, 8, 33
"d:\projects\flutter\49-mobile-app\lib\features\authentication\presentation\controllers\verify_forgot_password_otp\verify_forgot_password_otp_state.dart", "Dart", 0, 14, 0, 0, 0, 0, 0, 0, 0, 0, 0, 0, 7, 21
"d:\projects\flutter\49-mobile-app\lib\features\authentication\presentation\controllers\verify_otp_cubit\verify_otp_cubit.dart", "Dart", 0, 47, 0, 0, 0, 0, 0, 0, 0, 0, 0, 0, 8, 55
"d:\projects\flutter\49-mobile-app\lib\features\authentication\presentation\controllers\verify_otp_cubit\verify_otp_state.dart", "Dart", 0, 19, 0, 0, 0, 0, 0, 0, 0, 0, 0, 0, 12, 31
"d:\projects\flutter\49-mobile-app\lib\features\authentication\presentation\pages\forgot_password\create_new_forget_password_view.dart", "Dart", 0, 81, 0, 0, 0, 0, 0, 0, 0, 0, 0, 5, 6, 92
"d:\projects\flutter\49-mobile-app\lib\features\authentication\presentation\pages\forgot_password\enter_email_forgot_password_view.dart", "Dart", 0, 76, 0, 0, 0, 0, 0, 0, 0, 0, 0, 1, 5, 82
"d:\projects\flutter\49-mobile-app\lib\features\authentication\presentation\pages\forgot_password\forget_password_otp_verification_view.dart", "Dart", 0, 132, 0, 0, 0, 0, 0, 0, 0, 0, 0, 2, 6, 140
"d:\projects\flutter\49-mobile-app\lib\features\authentication\presentation\pages\login_view.dart", "Dart", 0, 632, 0, 0, 0, 0, 0, 0, 0, 0, 0, 205, 33, 870
"d:\projects\flutter\49-mobile-app\lib\features\authentication\presentation\pages\register\register_verify_otp.dart", "Dart", 0, 215, 0, 0, 0, 0, 0, 0, 0, 0, 0, 3, 11, 229
"d:\projects\flutter\49-mobile-app\lib\features\authentication\presentation\pages\register\register_view.dart", "Dart", 0, 0, 0, 0, 0, 0, 0, 0, 0, 0, 0, 249, 1, 250
"d:\projects\flutter\49-mobile-app\lib\features\authentication\presentation\widgets\log_out_widget.dart", "Dart", 0, 70, 0, 0, 0, 0, 0, 0, 0, 0, 0, 1502, 7, 1579
"d:\projects\flutter\49-mobile-app\lib\features\azkaar\presentation\cubit\azkaar_cubit.dart", "Dart", 0, 6, 0, 0, 0, 0, 0, 0, 0, 0, 0, 0, 3, 9
"d:\projects\flutter\49-mobile-app\lib\features\azkaar\presentation\cubit\azkaar_state.dart", "Dart", 0, 7, 0, 0, 0, 0, 0, 0, 0, 0, 0, 0, 4, 11
"d:\projects\flutter\49-mobile-app\lib\features\azkaar\presentation\pages\azkar_view.dart", "Dart", 0, 11, 0, 0, 0, 0, 0, 0, 0, 0, 0, 0, 4, 15
"d:\projects\flutter\49-mobile-app\lib\features\carpool\add_new_route\data\data_source\add_new_route_remote_data_source.dart", "Dart", 0, 35, 0, 0, 0, 0, 0, 0, 0, 0, 0, 0, 5, 40
"d:\projects\flutter\49-mobile-app\lib\features\carpool\add_new_route\data\models\carpool_route_info_model.dart", "Dart", 0, 90, 0, 0, 0, 0, 0, 0, 0, 0, 0, 0, 5, 95
"d:\projects\flutter\49-mobile-app\lib\features\carpool\add_new_route\data\models\map_box_search_model.dart", "Dart", 0, 14, 0, 0, 0, 0, 0, 0, 0, 0, 0, 0, 2, 16
"d:\projects\flutter\49-mobile-app\lib\features\carpool\add_new_route\data\repo\add_new_route_carpool_repo_imp.dart", "Dart", 0, 17, 0, 0, 0, 0, 0, 0, 0, 0, 0, 0, 3, 20
"d:\projects\flutter\49-mobile-app\lib\features\carpool\add_new_route\domain\entities\get_price_carpool_param.dart", "Dart", 0, 27, 0, 0, 0, 0, 0, 0, 0, 0, 0, 0, 3, 30
"d:\projects\flutter\49-mobile-app\lib\features\carpool\add_new_route\domain\repo\add_new_route_carpool_repo.dart", "Dart", 0, 8, 0, 0, 0, 0, 0, 0, 0, 0, 0, 0, 2, 10
"d:\projects\flutter\49-mobile-app\lib\features\carpool\add_new_route\domain\usecases\get_price_carpool_usecase.dart", "Dart", 0, 15, 0, 0, 0, 0, 0, 0, 0, 0, 0, 0, 3, 18
"d:\projects\flutter\49-mobile-app\lib\features\carpool\add_new_route\presentation\cubits\destination_location_carpool\cubit\map_box_dest_cubit_cubit.dart", "Dart", 0, 31, 0, 0, 0, 0, 0, 0, 0, 0, 0, 3, 8, 42
"d:\projects\flutter\49-mobile-app\lib\features\carpool\add_new_route\presentation\cubits\destination_location_carpool\cubit\map_box_dest_cubit_state.dart", "Dart", 0, 19, 0, 0, 0, 0, 0, 0, 0, 0, 0, 0, 10, 29
"d:\projects\flutter\49-mobile-app\lib\features\carpool\add_new_route\presentation\cubits\get_price_carpool\get_price_carpool_cubit.dart", "Dart", 0, 34, 0, 0, 0, 0, 0, 0, 0, 0, 0, 0, 6, 40
"d:\projects\flutter\49-mobile-app\lib\features\carpool\add_new_route\presentation\cubits\get_price_carpool\get_price_carpool_state.dart", "Dart", 0, 12, 0, 0, 0, 0, 0, 0, 0, 0, 0, 0, 8, 20
"d:\projects\flutter\49-mobile-app\lib\features\carpool\add_new_route\presentation\cubits\mapBox_cubit\cubit\map_box_cubit_cubit.dart", "Dart", 0, 32, 0, 0, 0, 0, 0, 0, 0, 0, 0, 6, 10, 48
"d:\projects\flutter\49-mobile-app\lib\features\carpool\add_new_route\presentation\cubits\mapBox_cubit\cubit\map_box_cubit_state.dart", "Dart", 0, 20, 0, 0, 0, 0, 0, 0, 0, 0, 0, 0, 11, 31
"d:\projects\flutter\49-mobile-app\lib\features\carpool\add_new_route\presentation\views\add_new_route_view.dart", "Dart", 0, 33, 0, 0, 0, 0, 0, 0, 0, 0, 0, 0, 3, 36
"d:\projects\flutter\49-mobile-app\lib\features\carpool\add_new_route\presentation\widgets\add_new_route_body.dart", "Dart", 0, 49, 0, 0, 0, 0, 0, 0, 0, 0, 0, 1, 4, 54
"d:\projects\flutter\49-mobile-app\lib\features\carpool\add_new_route\presentation\widgets\car_pool_new_route_info.dart", "Dart", 0, 272, 0, 0, 0, 0, 0, 0, 0, 0, 0, 34, 12, 318
"d:\projects\flutter\49-mobile-app\lib\features\carpool\add_new_route\presentation\widgets\carpool_google_map.dart", "Dart", 0, 190, 0, 0, 0, 0, 0, 0, 0, 0, 0, 6, 17, 213
"d:\projects\flutter\49-mobile-app\lib\features\carpool\add_new_route\presentation\widgets\dest_text_field_googlemap.dart", "Dart", 0, 123, 0, 0, 0, 0, 0, 0, 0, 0, 0, 3, 11, 137
"d:\projects\flutter\49-mobile-app\lib\features\carpool\add_new_route\presentation\widgets\dest_text_field_mapbox.dart", "Dart", 0, 123, 0, 0, 0, 0, 0, 0, 0, 0, 0, 3, 11, 137
"d:\projects\flutter\49-mobile-app\lib\features\carpool\add_new_route\presentation\widgets\map_and_address_finder_car_pool.dart", "Dart", 0, 26, 0, 0, 0, 0, 0, 0, 0, 0, 0, 16, 5, 47
"d:\projects\flutter\49-mobile-app\lib\features\carpool\add_new_route\presentation\widgets\map_for_mapBox.dart", "Dart", 0, 0, 0, 0, 0, 0, 0, 0, 0, 0, 0, 77, 1, 78
"d:\projects\flutter\49-mobile-app\lib\features\carpool\add_new_route\presentation\widgets\start_text_field_mapbox.dart", "Dart", 0, 123, 0, 0, 0, 0, 0, 0, 0, 0, 0, 47, 9, 179
"d:\projects\flutter\49-mobile-app\lib\features\carpool\add_new_route\presentation\widgets\starting_text_field_googlemap.dart", "Dart", 0, 122, 0, 0, 0, 0, 0, 0, 0, 0, 0, 5, 9, 136
"d:\projects\flutter\49-mobile-app\lib\features\carpool\avaliable_routes\data\data_source\get_all_trips_remote_data_source.dart", "Dart", 0, 11, 0, 0, 0, 0, 0, 0, 0, 0, 0, 4, 3, 18
"d:\projects\flutter\49-mobile-app\lib\features\carpool\avaliable_routes\data\repo\get_all_trips_repo_imp.dart", "Dart", 0, 16, 0, 0, 0, 0, 0, 0, 0, 0, 0, 0, 4, 20
"d:\projects\flutter\49-mobile-app\lib\features\carpool\avaliable_routes\domain\entities\available_routes_card_entity.dart", "Dart", 0, 42, 0, 0, 0, 0, 0, 0, 0, 0, 0, 1, 4, 47
"d:\projects\flutter\49-mobile-app\lib\features\carpool\avaliable_routes\domain\entities\get_all_trips_entity.dart", "Dart", 0, 78, 0, 0, 0, 0, 0, 0, 0, 0, 0, 0, 8, 86
"d:\projects\flutter\49-mobile-app\lib\features\carpool\avaliable_routes\domain\repo\get_all_trips_repo.dart", "Dart", 0, 4, 0, 0, 0, 0, 0, 0, 0, 0, 0, 0, 2, 6
"d:\projects\flutter\49-mobile-app\lib\features\carpool\avaliable_routes\domain\use_case\get_all_trips_usecase.dart", "Dart", 0, 9, 0, 0, 0, 0, 0, 0, 0, 0, 0, 0, 4, 13
"d:\projects\flutter\49-mobile-app\lib\features\carpool\avaliable_routes\presentation\cubits\cubit\get_all_trips_cubit.dart", "Dart", 0, 110, 0, 0, 0, 0, 0, 0, 0, 0, 0, 7, 17, 134
"d:\projects\flutter\49-mobile-app\lib\features\carpool\avaliable_routes\presentation\cubits\cubit\get_all_trips_state.dart", "Dart", 0, 12, 0, 0, 0, 0, 0, 0, 0, 0, 0, 0, 8, 20
"d:\projects\flutter\49-mobile-app\lib\features\carpool\avaliable_routes\presentation\cubits\get_currency\cubit\get_currency_cubit.dart", "Dart", 0, 34, 0, 0, 0, 0, 0, 0, 0, 0, 0, 5, 6, 45
"d:\projects\flutter\49-mobile-app\lib\features\carpool\avaliable_routes\presentation\cubits\get_currency\cubit\get_currency_state.dart", "Dart", 0, 14, 0, 0, 0, 0, 0, 0, 0, 0, 0, 0, 8, 22
"d:\projects\flutter\49-mobile-app\lib\features\carpool\avaliable_routes\presentation\views\carpool_view.dart", "Dart", 0, 31, 0, 0, 0, 0, 0, 0, 0, 0, 0, 0, 3, 34
"d:\projects\flutter\49-mobile-app\lib\features\carpool\avaliable_routes\presentation\widgets\address_info_list.dart", "Dart", 0, 54, 0, 0, 0, 0, 0, 0, 0, 0, 0, 0, 3, 57
"d:\projects\flutter\49-mobile-app\lib\features\carpool\avaliable_routes\presentation\widgets\available_rotes_bar_info.dart", "Dart", 0, 74, 0, 0, 0, 0, 0, 0, 0, 0, 0, 0, 4, 78
"d:\projects\flutter\49-mobile-app\lib\features\carpool\avaliable_routes\presentation\widgets\available_routed_builder.dart", "Dart", 0, 238, 0, 0, 0, 0, 0, 0, 0, 0, 0, 48, 9, 295
"d:\projects\flutter\49-mobile-app\lib\features\carpool\avaliable_routes\presentation\widgets\available_routes_card.dart", "Dart", 0, 133, 0, 0, 0, 0, 0, 0, 0, 0, 0, 21, 10, 164
"d:\projects\flutter\49-mobile-app\lib\features\carpool\avaliable_routes\presentation\widgets\available_routes_point_widget.dart", "Dart", 0, 227, 0, 0, 0, 0, 0, 0, 0, 0, 0, 11, 8, 246
"d:\projects\flutter\49-mobile-app\lib\features\carpool\avaliable_routes\presentation\widgets\car_pool_body.dart", "Dart", 0, 140, 0, 0, 0, 0, 0, 0, 0, 0, 0, 1, 8, 149
"d:\projects\flutter\49-mobile-app\lib\features\carpool\avaliable_routes\presentation\widgets\car_pool_floating_action_button.dart", "Dart", 0, 23, 0, 0, 0, 0, 0, 0, 0, 0, 0, 0, 2, 25
"d:\projects\flutter\49-mobile-app\lib\features\carpool\avaliable_routes\presentation\widgets\map_box_location_test.dart", "Dart", 0, 24, 0, 0, 0, 0, 0, 0, 0, 0, 0, 2, 4, 30
"d:\projects\flutter\49-mobile-app\lib\features\carpool\avaliable_routes\presentation\widgets\numberwidget.dart", "Dart", 0, 28, 0, 0, 0, 0, 0, 0, 0, 0, 0, 1, 2, 31
"d:\projects\flutter\49-mobile-app\lib\features\carpool\avaliable_routes\presentation\widgets\show_bottom_sheet.dart", "Dart", 0, 101, 0, 0, 0, 0, 0, 0, 0, 0, 0, 5, 8, 114
"d:\projects\flutter\49-mobile-app\lib\features\carpool\avaliable_routes\presentation\widgets\welcome_text_car_pool.dart", "Dart", 0, 22, 0, 0, 0, 0, 0, 0, 0, 0, 0, 1, 2, 25
"d:\projects\flutter\49-mobile-app\lib\features\carpool\create_carpool\data\data_source\create_carpool_remote_datasource.dart", "Dart", 0, 30, 0, 0, 0, 0, 0, 0, 0, 0, 0, 3, 7, 40
"d:\projects\flutter\49-mobile-app\lib\features\carpool\create_carpool\data\models\create_carpool_model.dart", "Dart", 0, 24, 0, 0, 0, 0, 0, 0, 0, 0, 0, 2, 4, 30
"d:\projects\flutter\49-mobile-app\lib\features\carpool\create_carpool\data\repo\create_carpool_repo_imp.dart", "Dart", 0, 16, 0, 0, 0, 0, 0, 0, 0, 0, 0, 0, 4, 20
"d:\projects\flutter\49-mobile-app\lib\features\carpool\create_carpool\domain\entities\create_carpool.dart", "Dart", 0, 50, 0, 0, 0, 0, 0, 0, 0, 0, 0, 0, 3, 53
"d:\projects\flutter\49-mobile-app\lib\features\carpool\create_carpool\domain\repo\create_carpool_repo.dart", "Dart", 0, 8, 0, 0, 0, 0, 0, 0, 0, 0, 0, 0, 2, 10
"d:\projects\flutter\49-mobile-app\lib\features\carpool\create_carpool\domain\usecases\create_carpool_usecase.dart", "Dart", 0, 16, 0, 0, 0, 0, 0, 0, 0, 0, 0, 0, 3, 19
"d:\projects\flutter\49-mobile-app\lib\features\carpool\create_carpool\presentation\cubits\cubit\create_car_pool_cubit.dart", "Dart", 0, 26, 0, 0, 0, 0, 0, 0, 0, 0, 0, 0, 6, 32
"d:\projects\flutter\49-mobile-app\lib\features\carpool\create_carpool\presentation\cubits\cubit\create_car_pool_state.dart", "Dart", 0, 12, 0, 0, 0, 0, 0, 0, 0, 0, 0, 0, 8, 20
"d:\projects\flutter\49-mobile-app\lib\features\carpool\join_trip\data\data_source\join_trip_remote_data_source.dart", "Dart", 0, 31, 0, 0, 0, 0, 0, 0, 0, 0, 0, 4, 6, 41
"d:\projects\flutter\49-mobile-app\lib\features\carpool\join_trip\data\models\join_trip_carpool_model.dart", "Dart", 0, 20, 0, 0, 0, 0, 0, 0, 0, 0, 0, 2, 4, 26
"d:\projects\flutter\49-mobile-app\lib\features\carpool\join_trip\data\repo\join_trip_carpool_repo_imp.dart", "Dart", 0, 17, 0, 0, 0, 0, 0, 0, 0, 0, 0, 0, 3, 20
"d:\projects\flutter\49-mobile-app\lib\features\carpool\join_trip\domain\entities\join_trip_entity.dart", "Dart", 0, 20, 0, 0, 0, 0, 0, 0, 0, 0, 0, 0, 1, 21
"d:\projects\flutter\49-mobile-app\lib\features\carpool\join_trip\domain\repo\join_trip_carpool_repo.dart", "Dart", 0, 8, 0, 0, 0, 0, 0, 0, 0, 0, 0, 0, 2, 10
"d:\projects\flutter\49-mobile-app\lib\features\carpool\join_trip\domain\usecases\join_trip_carpool_usecase.dart", "Dart", 0, 15, 0, 0, 0, 0, 0, 0, 0, 0, 0, 0, 5, 20
"d:\projects\flutter\49-mobile-app\lib\features\carpool\join_trip\presentation\cubits\cubit\join_trip_car_pool_cubit.dart", "Dart", 0, 28, 0, 0, 0, 0, 0, 0, 0, 0, 0, 0, 5, 33
"d:\projects\flutter\49-mobile-app\lib\features\carpool\join_trip\presentation\cubits\cubit\join_trip_car_pool_state.dart", "Dart", 0, 12, 0, 0, 0, 0, 0, 0, 0, 0, 0, 0, 8, 20
"d:\projects\flutter\49-mobile-app\lib\features\carpool\join_trip\presentation\widgets\show_bottom_sheet.dart", "Dart", 0, 193, 0, 0, 0, 0, 0, 0, 0, 0, 0, 28, 13, 234
"d:\projects\flutter\49-mobile-app\lib\features\chance_feature\data\data_source\chance_remote_data_source.dart", "Dart", 0, 132, 0, 0, 0, 0, 0, 0, 0, 0, 0, 17, 17, 166
"d:\projects\flutter\49-mobile-app\lib\features\chance_feature\data\model\chance_model.dart", "Dart", 0, 33, 0, 0, 0, 0, 0, 0, 0, 0, 0, 0, 4, 37
"d:\projects\flutter\49-mobile-app\lib\features\chance_feature\data\model\chance_rate_model.dart", "Dart", 0, 15, 0, 0, 0, 0, 0, 0, 0, 0, 0, 0, 3, 18
"d:\projects\flutter\49-mobile-app\lib\features\chance_feature\data\model\image_chance_model.dart", "Dart", 0, 16, 0, 0, 0, 0, 0, 0, 0, 0, 0, 0, 3, 19
"d:\projects\flutter\49-mobile-app\lib\features\chance_feature\data\model\main_category_drop_model.dart", "Dart", 0, 25, 0, 0, 0, 0, 0, 0, 0, 0, 0, 0, 3, 28
"d:\projects\flutter\49-mobile-app\lib\features\chance_feature\data\model\main_category_mpdel.dart", "Dart", 0, 17, 0, 0, 0, 0, 0, 0, 0, 0, 0, 0, 3, 20
"d:\projects\flutter\49-mobile-app\lib\features\chance_feature\data\model\sub_category_drop_model.dart", "Dart", 0, 25, 0, 0, 0, 0, 0, 0, 0, 0, 0, 0, 2, 27
"d:\projects\flutter\49-mobile-app\lib\features\chance_feature\data\model\sup_category_model.dart", "Dart", 0, 17, 0, 0, 0, 0, 0, 0, 0, 0, 0, 0, 3, 20
"d:\projects\flutter\49-mobile-app\lib\features\chance_feature\data\model\user_chance_model.dart", "Dart", 0, 20, 0, 0, 0, 0, 0, 0, 0, 0, 0, 0, 3, 23
"d:\projects\flutter\49-mobile-app\lib\features\chance_feature\data\repository\chance_repository_impl.dart", "Dart", 0, 39, 0, 0, 0, 0, 0, 0, 0, 0, 0, 0, 11, 50
"d:\projects\flutter\49-mobile-app\lib\features\chance_feature\domain\entity\cahnce_rate_entity.dart", "Dart", 0, 14, 0, 0, 0, 0, 0, 0, 0, 0, 0, 0, 4, 18
"d:\projects\flutter\49-mobile-app\lib\features\chance_feature\domain\entity\chance_entity.dart", "Dart", 0, 24, 0, 0, 0, 0, 0, 0, 0, 0, 0, 0, 3, 27
"d:\projects\flutter\49-mobile-app\lib\features\chance_feature\domain\entity\image_chance_entity.dart", "Dart", 0, 11, 0, 0, 0, 0, 0, 0, 0, 0, 0, 0, 2, 13
"d:\projects\flutter\49-mobile-app\lib\features\chance_feature\domain\entity\main_category_drop_entity.dart", "Dart", 0, 20, 0, 0, 0, 0, 0, 0, 0, 0, 0, 0, 2, 22
"d:\projects\flutter\49-mobile-app\lib\features\chance_feature\domain\entity\main_categry_entity.dart", "Dart", 0, 12, 0, 0, 0, 0, 0, 0, 0, 0, 0, 0, 2, 14
"d:\projects\flutter\49-mobile-app\lib\features\chance_feature\domain\entity\sub_category_drop_entity.dart", "Dart", 0, 20, 0, 0, 0, 0, 0, 0, 0, 0, 0, 0, 2, 22
"d:\projects\flutter\49-mobile-app\lib\features\chance_feature\domain\entity\sup_category_entity.dart", "Dart", 0, 12, 0, 0, 0, 0, 0, 0, 0, 0, 0, 0, 2, 14
"d:\projects\flutter\49-mobile-app\lib\features\chance_feature\domain\entity\user_chance_entity.dart", "Dart", 0, 15, 0, 0, 0, 0, 0, 0, 0, 0, 0, 0, 2, 17
"d:\projects\flutter\49-mobile-app\lib\features\chance_feature\domain\repository\chance_repository.dart", "Dart", 0, 20, 0, 0, 0, 0, 0, 0, 0, 0, 0, 0, 3, 23
"d:\projects\flutter\49-mobile-app\lib\features\chance_feature\domain\use_case\add_chance_data.dart", "Dart", 0, 53, 0, 0, 0, 0, 0, 0, 0, 0, 0, 0, 10, 63
"d:\projects\flutter\49-mobile-app\lib\features\chance_feature\domain\use_case\fetch_chance_rate_use_case.dart", "Dart", 0, 18, 0, 0, 0, 0, 0, 0, 0, 0, 0, 0, 6, 24
"d:\projects\flutter\49-mobile-app\lib\features\chance_feature\domain\use_case\fetch_chance_use_case.dart", "Dart", 0, 12, 0, 0, 0, 0, 0, 0, 0, 0, 0, 0, 5, 17
"d:\projects\flutter\49-mobile-app\lib\features\chance_feature\domain\use_case\fetch_main_category.dart", "Dart", 0, 20, 0, 0, 0, 0, 0, 0, 0, 0, 0, 0, 6, 26
"d:\projects\flutter\49-mobile-app\lib\features\chance_feature\domain\use_case\fetch_sub_category.dart", "Dart", 0, 21, 0, 0, 0, 0, 0, 0, 0, 0, 0, 0, 6, 27
"d:\projects\flutter\49-mobile-app\lib\features\chance_feature\presentation\controller\cubit\chance_cubit.dart", "Dart", 0, 97, 0, 0, 0, 0, 0, 0, 0, 0, 0, 17, 9, 123
"d:\projects\flutter\49-mobile-app\lib\features\chance_feature\presentation\controller\cubit\chance_states.dart", "Dart", 0, 42, 0, 0, 0, 0, 0, 0, 0, 0, 0, 0, 11, 53
"d:\projects\flutter\49-mobile-app\lib\features\chance_feature\presentation\pages\chance_details_view.dart", "Dart", 0, 157, 0, 0, 0, 0, 0, 0, 0, 0, 0, 0, 8, 165
"d:\projects\flutter\49-mobile-app\lib\features\chance_feature\presentation\pages\chance_view.dart", "Dart", 0, 19, 0, 0, 0, 0, 0, 0, 0, 0, 0, 0, 4, 23
"d:\projects\flutter\49-mobile-app\lib\features\chance_feature\presentation\pages\create_chance_view.dart", "Dart", 0, 26, 0, 0, 0, 0, 0, 0, 0, 0, 0, 0, 4, 30
"d:\projects\flutter\49-mobile-app\lib\features\chance_feature\presentation\widgets\LIst_view_card.dart", "Dart", 0, 52, 0, 0, 0, 0, 0, 0, 0, 0, 0, 0, 4, 56
"d:\projects\flutter\49-mobile-app\lib\features\chance_feature\presentation\widgets\add_image_widget.dart", "Dart", 0, 44, 0, 0, 0, 0, 0, 0, 0, 0, 0, 0, 4, 48
"d:\projects\flutter\49-mobile-app\lib\features\chance_feature\presentation\widgets\card_details_widget_of_details_view.dart", "Dart", 0, 81, 0, 0, 0, 0, 0, 0, 0, 0, 0, 0, 4, 85
"d:\projects\flutter\49-mobile-app\lib\features\chance_feature\presentation\widgets\chance_card_widget.dart", "Dart", 0, 98, 0, 0, 0, 0, 0, 0, 0, 0, 0, 1, 7, 106
"d:\projects\flutter\49-mobile-app\lib\features\chance_feature\presentation\widgets\chance_view_body.dart", "Dart", 0, 43, 0, 0, 0, 0, 0, 0, 0, 0, 0, 0, 3, 46
"d:\projects\flutter\49-mobile-app\lib\features\chance_feature\presentation\widgets\counter_money_widget.dart", "Dart", 0, 86, 0, 0, 0, 0, 0, 0, 0, 0, 0, 0, 4, 90
"d:\projects\flutter\49-mobile-app\lib\features\chance_feature\presentation\widgets\create_chance_view_body.dart", "Dart", 0, 390, 0, 0, 0, 0, 0, 0, 0, 0, 0, 4, 12, 406
"d:\projects\flutter\49-mobile-app\lib\features\chance_feature\presentation\widgets\drop_down_widget.dart", "Dart", 0, 184, 0, 0, 0, 0, 0, 0, 0, 0, 0, 4, 9, 197
"d:\projects\flutter\49-mobile-app\lib\features\chance_feature\presentation\widgets\floating_action_button_widget.dart", "Dart", 0, 23, 0, 0, 0, 0, 0, 0, 0, 0, 0, 0, 4, 27
"d:\projects\flutter\49-mobile-app\lib\features\chance_feature\presentation\widgets\image_card_widget.dart", "Dart", 0, 23, 0, 0, 0, 0, 0, 0, 0, 0, 0, 0, 3, 26
"d:\projects\flutter\49-mobile-app\lib\features\chance_feature\presentation\widgets\rate_product_widget.dart", "Dart", 0, 36, 0, 0, 0, 0, 0, 0, 0, 0, 0, 0, 5, 41
"d:\projects\flutter\49-mobile-app\lib\features\chance_feature\presentation\widgets\subscribe_button_widget.dart", "Dart", 0, 28, 0, 0, 0, 0, 0, 0, 0, 0, 0, 0, 4, 32
"d:\projects\flutter\49-mobile-app\lib\features\chance_feature\presentation\widgets\subscribe_widget_in_card.dart", "Dart", 0, 32, 0, 0, 0, 0, 0, 0, 0, 0, 0, 0, 2, 34
"d:\projects\flutter\49-mobile-app\lib\features\competition\data\models\competion_model.dart", "Dart", 0, 85, 0, 0, 0, 0, 0, 0, 0, 0, 0, 0, 12, 97
"d:\projects\flutter\49-mobile-app\lib\features\competition\data\models\winners_model.dart", "Dart", 0, 161, 0, 0, 0, 0, 0, 0, 0, 0, 0, 0, 24, 185
"d:\projects\flutter\49-mobile-app\lib\features\competition\data\repository\competition_repo.dart", "Dart", 0, 8, 0, 0, 0, 0, 0, 0, 0, 0, 0, 0, 3, 11
"d:\projects\flutter\49-mobile-app\lib\features\competition\data\repository\competition_repo_impl.dart", "Dart", 0, 47, 0, 0, 0, 0, 0, 0, 0, 0, 0, 4, 10, 61
"d:\projects\flutter\49-mobile-app\lib\features\competition\presentation\cubit\competition_cubit\competition_cubit.dart", "Dart", 0, 20, 0, 0, 0, 0, 0, 0, 0, 0, 0, 16, 7, 43
"d:\projects\flutter\49-mobile-app\lib\features\competition\presentation\cubit\competition_cubit\competition_state.dart", "Dart", 0, 12, 0, 0, 0, 0, 0, 0, 0, 0, 0, 0, 8, 20
"d:\projects\flutter\49-mobile-app\lib\features\competition\presentation\cubit\winner_cubit\winner_cubit.dart", "Dart", 0, 18, 0, 0, 0, 0, 0, 0, 0, 0, 0, 22, 9, 49
"d:\projects\flutter\49-mobile-app\lib\features\competition\presentation\cubit\winner_cubit\winner_state.dart", "Dart", 0, 12, 0, 0, 0, 0, 0, 0, 0, 0, 0, 0, 8, 20
"d:\projects\flutter\49-mobile-app\lib\features\competition\presentation\pages\competition_view.dart", "Dart", 0, 203, 0, 0, 0, 0, 0, 0, 0, 0, 0, 2, 9, 214
"d:\projects\flutter\49-mobile-app\lib\features\competition\presentation\pages\winners.dart", "Dart", 0, 48, 0, 0, 0, 0, 0, 0, 0, 0, 0, 0, 4, 52
"d:\projects\flutter\49-mobile-app\lib\features\competition\presentation\view\special_ads_view.dart", "Dart", 0, 35, 0, 0, 0, 0, 0, 0, 0, 0, 0, 0, 4, 39
"d:\projects\flutter\49-mobile-app\lib\features\competition\presentation\view\widgets\build_item_list_view.dart", "Dart", 0, 95, 0, 0, 0, 0, 0, 0, 0, 0, 0, 5, 6, 106
"d:\projects\flutter\49-mobile-app\lib\features\competition\presentation\view\widgets\donut_chart_painter.dart", "Dart", 0, 72, 0, 0, 0, 0, 0, 0, 0, 0, 0, 5, 14, 91
"d:\projects\flutter\49-mobile-app\lib\features\competition\presentation\view\widgets\special_ads_body.dart", "Dart", 0, 57, 0, 0, 0, 0, 0, 0, 0, 0, 0, 1, 5, 63
"d:\projects\flutter\49-mobile-app\lib\features\competition\presentation\view\widgets\winner_card.dart", "Dart", 0, 67, 0, 0, 0, 0, 0, 0, 0, 0, 0, 7, 5, 79
"d:\projects\flutter\49-mobile-app\lib\features\custom_page\data\data_source\custom_page_remote_data_source.dart", "Dart", 0, 123, 0, 0, 0, 0, 0, 0, 0, 0, 0, 0, 25, 148
"d:\projects\flutter\49-mobile-app\lib\features\custom_page\data\model\activate_model.dart", "Dart", 0, 12, 0, 0, 0, 0, 0, 0, 0, 0, 0, 0, 3, 15
"d:\projects\flutter\49-mobile-app\lib\features\custom_page\data\model\favourite_cat_model.dart", "Dart", 0, 104, 0, 0, 0, 0, 0, 0, 0, 0, 0, 0, 3, 107
"d:\projects\flutter\49-mobile-app\lib\features\custom_page\data\model\navigate_bar_model.dart", "Dart", 0, 36, 0, 0, 0, 0, 0, 0, 0, 0, 0, 0, 3, 39
"d:\projects\flutter\49-mobile-app\lib\features\custom_page\data\model\social_page_model.dart", "Dart", 0, 16, 0, 0, 0, 0, 0, 0, 0, 0, 0, 0, 3, 19
"d:\projects\flutter\49-mobile-app\lib\features\custom_page\data\model\sub_tab_model.dart", "Dart", 0, 22, 0, 0, 0, 0, 0, 0, 0, 0, 0, 0, 3, 25
"d:\projects\flutter\49-mobile-app\lib\features\custom_page\data\reposiory\custom_page_repository_impl.dart", "Dart", 0, 57, 0, 0, 0, 0, 0, 0, 0, 0, 0, 0, 13, 70
"d:\projects\flutter\49-mobile-app\lib\features\custom_page\domain\entity\activate_entity.dart", "Dart", 0, 7, 0, 0, 0, 0, 0, 0, 0, 0, 0, 0, 2, 9
"d:\projects\flutter\49-mobile-app\lib\features\custom_page\domain\entity\favourite_categ_entity.dart", "Dart", 0, 99, 0, 0, 0, 0, 0, 0, 0, 0, 0, 0, 2, 101
"d:\projects\flutter\49-mobile-app\lib\features\custom_page\domain\entity\navigate_bar_entity.dart", "Dart", 0, 31, 0, 0, 0, 0, 0, 0, 0, 0, 0, 0, 2, 33
"d:\projects\flutter\49-mobile-app\lib\features\custom_page\domain\entity\social_page_entity.dart", "Dart", 0, 11, 0, 0, 0, 0, 0, 0, 0, 0, 0, 0, 2, 13
"d:\projects\flutter\49-mobile-app\lib\features\custom_page\domain\entity\sub_tab_entity.dart", "Dart", 0, 17, 0, 0, 0, 0, 0, 0, 0, 0, 0, 0, 2, 19
"d:\projects\flutter\49-mobile-app\lib\features\custom_page\domain\reposiory\custom_page_repository.dart", "Dart", 0, 23, 0, 0, 0, 0, 0, 0, 0, 0, 0, 0, 3, 26
"d:\projects\flutter\49-mobile-app\lib\features\custom_page\domain\use_case\fetch_activate_use_case.dart", "Dart", 0, 13, 0, 0, 0, 0, 0, 0, 0, 0, 0, 0, 4, 17
"d:\projects\flutter\49-mobile-app\lib\features\custom_page\domain\use_case\fetch_favourite_cat_use_case.dart", "Dart", 0, 13, 0, 0, 0, 0, 0, 0, 0, 0, 0, 0, 5, 18
"d:\projects\flutter\49-mobile-app\lib\features\custom_page\domain\use_case\fetch_navigate_bar_use_case.dart", "Dart", 0, 13, 0, 0, 0, 0, 0, 0, 0, 0, 0, 0, 5, 18
"d:\projects\flutter\49-mobile-app\lib\features\custom_page\domain\use_case\fetch_social_page_use_case.dart", "Dart", 0, 13, 0, 0, 0, 0, 0, 0, 0, 0, 0, 0, 4, 17
"d:\projects\flutter\49-mobile-app\lib\features\custom_page\domain\use_case\fetch_sub_tab_use_case.dart", "Dart", 0, 13, 0, 0, 0, 0, 0, 0, 0, 0, 0, 0, 5, 18
"d:\projects\flutter\49-mobile-app\lib\features\custom_page\domain\use_case\update_activate_use_case.dart", "Dart", 0, 12, 0, 0, 0, 0, 0, 0, 0, 0, 0, 0, 5, 17
"d:\projects\flutter\49-mobile-app\lib\features\custom_page\domain\use_case\update_favourite_cat_use_case.dart", "Dart", 0, 157, 0, 0, 0, 0, 0, 0, 0, 0, 0, 0, 8, 165
"d:\projects\flutter\49-mobile-app\lib\features\custom_page\domain\use_case\update_navigate_bar_use_case.dart", "Dart", 0, 55, 0, 0, 0, 0, 0, 0, 0, 0, 0, 0, 8, 63
"d:\projects\flutter\49-mobile-app\lib\features\custom_page\domain\use_case\update_social_page_use_case.dart", "Dart", 0, 21, 0, 0, 0, 0, 0, 0, 0, 0, 0, 1, 9, 31
"d:\projects\flutter\49-mobile-app\lib\features\custom_page\domain\use_case\update_sub_tab_use_case.dart", "Dart", 0, 32, 0, 0, 0, 0, 0, 0, 0, 0, 0, 0, 8, 40
"d:\projects\flutter\49-mobile-app\lib\features\custom_page\presentation\cubit\custom_page_cubit.dart", "Dart", 0, 118, 0, 0, 0, 0, 0, 0, 0, 0, 0, 10, 19, 147
"d:\projects\flutter\49-mobile-app\lib\features\custom_page\presentation\cubit\custom_page_states.dart", "Dart", 0, 43, 0, 0, 0, 0, 0, 0, 0, 0, 0, 0, 5, 48
"d:\projects\flutter\49-mobile-app\lib\features\custom_page\presentation\page\custom_page.dart", "Dart", 0, 113, 0, 0, 0, 0, 0, 0, 0, 0, 0, 0, 6, 119
"d:\projects\flutter\49-mobile-app\lib\features\custom_page\presentation\page\widget\custom_page_botton_nav_bar.dart", "Dart", 0, 257, 0, 0, 0, 0, 0, 0, 0, 0, 0, 15, 22, 294
"d:\projects\flutter\49-mobile-app\lib\features\custom_page\presentation\page\widget\edit_page.dart", "Dart", 0, 82, 0, 0, 0, 0, 0, 0, 0, 0, 0, 0, 4, 86
"d:\projects\flutter\49-mobile-app\lib\features\custom_page\presentation\page\widget\favourite_category.dart", "Dart", 0, 221, 0, 0, 0, 0, 0, 0, 0, 0, 0, 6, 10, 237
"d:\projects\flutter\49-mobile-app\lib\features\custom_page\presentation\page\widget\navigate_bar.dart", "Dart", 0, 160, 0, 0, 0, 0, 0, 0, 0, 0, 0, 2, 6, 168
"d:\projects\flutter\49-mobile-app\lib\features\custom_page\presentation\page\widget\page_preview.dart", "Dart", 0, 82, 0, 0, 0, 0, 0, 0, 0, 0, 0, 0, 4, 86
"d:\projects\flutter\49-mobile-app\lib\features\custom_page\presentation\page\widget\service_page_preview copy.dart", "Dart", 0, 529, 0, 0, 0, 0, 0, 0, 0, 0, 0, 27, 16, 572
"d:\projects\flutter\49-mobile-app\lib\features\custom_page\presentation\page\widget\social_page.dart", "Dart", 0, 109, 0, 0, 0, 0, 0, 0, 0, 0, 0, 5, 9, 123
"d:\projects\flutter\49-mobile-app\lib\features\custom_page\presentation\page\widget\sub_tab.dart", "Dart", 0, 120, 0, 0, 0, 0, 0, 0, 0, 0, 0, 4, 8, 132
"d:\projects\flutter\49-mobile-app\lib\features\favorites\presentation\cubit\favorites_cubit.dart", "Dart", 0, 6, 0, 0, 0, 0, 0, 0, 0, 0, 0, 0, 3, 9
"d:\projects\flutter\49-mobile-app\lib\features\favorites\presentation\cubit\favorites_state.dart", "Dart", 0, 7, 0, 0, 0, 0, 0, 0, 0, 0, 0, 0, 4, 11
"d:\projects\flutter\49-mobile-app\lib\features\food_feature\create_restaurant\cubit\create_menu_cubit\create_menu_cubit.dart", "Dart", 0, 93, 0, 0, 0, 0, 0, 0, 0, 0, 0, 2, 16, 111
"d:\projects\flutter\49-mobile-app\lib\features\food_feature\create_restaurant\cubit\create_menu_cubit\create_menu_state.dart", "Dart", 0, 21, 0, 0, 0, 0, 0, 0, 0, 0, 0, 0, 12, 33
"d:\projects\flutter\49-mobile-app\lib\features\food_feature\create_restaurant\cubit\create_resturant_cubit.dart", "Dart", 0, 274, 0, 0, 0, 0, 0, 0, 0, 0, 0, 99, 47, 420
"d:\projects\flutter\49-mobile-app\lib\features\food_feature\create_restaurant\cubit\create_resturant_state.dart", "Dart", 0, 113, 0, 0, 0, 0, 0, 0, 0, 0, 0, 0, 33, 146
"d:\projects\flutter\49-mobile-app\lib\features\food_feature\create_restaurant\views\create_resturant_view.dart", "Dart", 0, 168, 0, 0, 0, 0, 0, 0, 0, 0, 0, 10, 8, 186
"d:\projects\flutter\49-mobile-app\lib\features\food_feature\create_restaurant\views\widgets\edit_food_view.dart", "Dart", 0, 355, 0, 0, 0, 0, 0, 0, 0, 0, 0, 887, 30, 1272
"d:\projects\flutter\49-mobile-app\lib\features\food_feature\create_restaurant\views\widgets\location\cities_dropdowns.dart", "Dart", 0, 90, 0, 0, 0, 0, 0, 0, 0, 0, 0, 7, 3, 100
"d:\projects\flutter\49-mobile-app\lib\features\food_feature\create_restaurant\views\widgets\location\governorate_dropdown.dart", "Dart", 0, 107, 0, 0, 0, 0, 0, 0, 0, 0, 0, 0, 2, 109
"d:\projects\flutter\49-mobile-app\lib\features\food_feature\create_restaurant\views\widgets\mneu\name\food_name_text_form_field.dart", "Dart", 0, 25, 0, 0, 0, 0, 0, 0, 0, 0, 0, 0, 2, 27
"d:\projects\flutter\49-mobile-app\lib\features\food_feature\create_restaurant\views\widgets\mneu\name\price_text_form_field.dart", "Dart", 0, 25, 0, 0, 0, 0, 0, 0, 0, 0, 0, 0, 2, 27
"d:\projects\flutter\49-mobile-app\lib\features\food_feature\create_restaurant\views\widgets\mneu\show_menu.dart", "Dart", 0, 295, 0, 0, 0, 0, 0, 0, 0, 0, 0, 25, 11, 331
"d:\projects\flutter\49-mobile-app\lib\features\food_feature\create_restaurant\views\widgets\name\name_filed.dart", "Dart", 0, 160, 0, 0, 0, 0, 0, 0, 0, 0, 0, 10, 5, 175
"d:\projects\flutter\49-mobile-app\lib\features\food_feature\create_restaurant\views\widgets\photo\license_photo_picker.dart", "Dart", 0, 139, 0, 0, 0, 0, 0, 0, 0, 0, 0, 0, 4, 143
"d:\projects\flutter\49-mobile-app\lib\features\food_feature\create_restaurant\views\widgets\photo\restaurant_photo_picker.dart", "Dart", 0, 86, 0, 0, 0, 0, 0, 0, 0, 0, 0, 0, 6, 92
"d:\projects\flutter\49-mobile-app\lib\features\food_feature\create_restaurant\views\widgets\subcategory.dart", "Dart", 0, 98, 0, 0, 0, 0, 0, 0, 0, 0, 0, 4, 4, 106
"d:\projects\flutter\49-mobile-app\lib\features\food_feature\create_restaurant\views\widgets\submit_button.dart", "Dart", 0, 30, 0, 0, 0, 0, 0, 0, 0, 0, 0, 3, 4, 37
"d:\projects\flutter\49-mobile-app\lib\features\food_feature\cusine_restaurants\presentation\cubit\cusine_restaurants_cubit.dart", "Dart", 0, 24, 0, 0, 0, 0, 0, 0, 0, 0, 0, 0, 8, 32
"d:\projects\flutter\49-mobile-app\lib\features\food_feature\cusine_restaurants\presentation\cubit\cusine_restaurants_state.dart", "Dart", 0, 29, 0, 0, 0, 0, 0, 0, 0, 0, 0, 0, 5, 34
"d:\projects\flutter\49-mobile-app\lib\features\food_feature\cusine_restaurants\presentation\pages\cusine_restaurants_view.dart", "Dart", 0, 30, 0, 0, 0, 0, 0, 0, 0, 0, 0, 1, 4, 35
"d:\projects\flutter\49-mobile-app\lib\features\food_feature\food_cart\data\datasources\food_cart_remote_datasource.dart", "Dart", 0, 38, 0, 0, 0, 0, 0, 0, 0, 0, 0, 0, 5, 43
"d:\projects\flutter\49-mobile-app\lib\features\food_feature\food_cart\data\models\cart_item_model.dart", "Dart", 0, 24, 0, 0, 0, 0, 0, 0, 0, 0, 0, 0, 3, 27
"d:\projects\flutter\49-mobile-app\lib\features\food_feature\food_cart\data\models\cart_model.dart", "Dart", 0, 12, 0, 0, 0, 0, 0, 0, 0, 0, 0, 0, 3, 15
"d:\projects\flutter\49-mobile-app\lib\features\food_feature\food_cart\data\models\food_cart_model.dart", "Dart", 0, 18, 0, 0, 0, 0, 0, 0, 0, 0, 0, 0, 2, 20
"d:\projects\flutter\49-mobile-app\lib\features\food_feature\food_cart\data\models\master_model.dart", "Dart", 0, 10, 0, 0, 0, 0, 0, 0, 0, 0, 0, 0, 2, 12
"d:\projects\flutter\49-mobile-app\lib\features\food_feature\food_cart\data\repositories\food_cart_repo_impl.dart", "Dart", 0, 23, 0, 0, 0, 0, 0, 0, 0, 0, 0, 0, 8, 31
"d:\projects\flutter\49-mobile-app\lib\features\food_feature\food_cart\domain\entities\cart_entity.dart", "Dart", 0, 6, 0, 0, 0, 0, 0, 0, 0, 0, 0, 0, 2, 8
"d:\projects\flutter\49-mobile-app\lib\features\food_feature\food_cart\domain\entities\cart_item_entity.dart", "Dart", 0, 15, 0, 0, 0, 0, 0, 0, 0, 0, 0, 0, 3, 18
"d:\projects\flutter\49-mobile-app\lib\features\food_feature\food_cart\domain\entities\food_cart_entity.dart", "Dart", 0, 11, 0, 0, 0, 0, 0, 0, 0, 0, 0, 0, 4, 15
"d:\projects\flutter\49-mobile-app\lib\features\food_feature\food_cart\domain\entities\master_entity.dart", "Dart", 0, 5, 0, 0, 0, 0, 0, 0, 0, 0, 0, 0, 1, 6
"d:\projects\flutter\49-mobile-app\lib\features\food_feature\food_cart\domain\repositories\food_cart_repo.dart", "Dart", 0, 12, 0, 0, 0, 0, 0, 0, 0, 0, 0, 0, 3, 15
"d:\projects\flutter\49-mobile-app\lib\features\food_feature\food_cart\domain\usecases\get_cart_usecase.dart", "Dart", 0, 13, 0, 0, 0, 0, 0, 0, 0, 0, 0, 0, 2, 15
"d:\projects\flutter\49-mobile-app\lib\features\food_feature\food_cart\domain\usecases\place_order_usecase.dart", "Dart", 0, 12, 0, 0, 0, 0, 0, 0, 0, 0, 0, 0, 2, 14
"d:\projects\flutter\49-mobile-app\lib\features\food_feature\food_cart\domain\usecases\remove_from_cart_usecase.dart", "Dart", 0, 19, 0, 0, 0, 0, 0, 0, 0, 0, 0, 0, 3, 22
"d:\projects\flutter\49-mobile-app\lib\features\food_feature\food_cart\presentation\cubit\food_cart_cubit.dart", "Dart", 0, 32, 0, 0, 0, 0, 0, 0, 0, 0, 0, 0, 5, 37
"d:\projects\flutter\49-mobile-app\lib\features\food_feature\food_cart\presentation\pages\cart_view.dart", "Dart", 0, 544, 0, 0, 0, 0, 0, 0, 0, 0, 0, 29, 36, 609
"d:\projects\flutter\49-mobile-app\lib\features\food_feature\food_cart\presentation\pages\restaurant_orders.dart", "Dart", 0, 14, 0, 0, 0, 0, 0, 0, 0, 0, 0, 0, 3, 17
"d:\projects\flutter\49-mobile-app\lib\features\food_feature\restaurant_dashboard\data\datasources\restaurant_dashboard_remote_datasource.dart", "Dart", 0, 38, 0, 0, 0, 0, 0, 0, 0, 0, 0, 0, 7, 45
"d:\projects\flutter\49-mobile-app\lib\features\food_feature\restaurant_dashboard\data\models\restaurant_orders_model.dart", "Dart", 0, 171, 0, 0, 0, 0, 0, 0, 0, 0, 0, 6, 24, 201
"d:\projects\flutter\49-mobile-app\lib\features\food_feature\restaurant_dashboard\data\repositories\restaurant_dashboard_repo_impl.dart", "Dart", 0, 25, 0, 0, 0, 0, 0, 0, 0, 0, 0, 0, 8, 33
"d:\projects\flutter\49-mobile-app\lib\features\food_feature\restaurant_dashboard\domain\repositories\restaurant_dashboard_repo.dart", "Dart", 0, 9, 0, 0, 0, 0, 0, 0, 0, 0, 0, 0, 3, 12
"d:\projects\flutter\49-mobile-app\lib\features\food_feature\restaurant_dashboard\domain\usecases\get_restaurant_orders_usecase.dart", "Dart", 0, 14, 0, 0, 0, 0, 0, 0, 0, 0, 0, 0, 5, 19
"d:\projects\flutter\49-mobile-app\lib\features\food_feature\restaurant_dashboard\presentation\cubit\restaurant_dashboard_cubit.dart", "Dart", 0, 130, 0, 0, 0, 0, 0, 0, 0, 0, 0, 21, 37, 188
"d:\projects\flutter\49-mobile-app\lib\features\food_feature\restaurant_dashboard\presentation\cubit\restaurant_dashboard_state.dart", "Dart", 0, 28, 0, 0, 0, 0, 0, 0, 0, 0, 0, 0, 3, 31
"d:\projects\flutter\49-mobile-app\lib\features\food_feature\restaurant_dashboard\presentation\cubit\restaurant_statistics_cubit.dart", "Dart", 0, 87, 0, 0, 0, 0, 0, 0, 0, 0, 0, 4, 21, 112
"d:\projects\flutter\49-mobile-app\lib\features\food_feature\restaurant_dashboard\presentation\pages\restaurant_dashboard_view.dart", "Dart", 0, 286, 0, 0, 0, 0, 0, 0, 0, 0, 0, 0, 14, 300
"d:\projects\flutter\49-mobile-app\lib\features\food_feature\restaurant_dashboard\presentation\widgets\restaurant_order_card.dart", "Dart", 0, 228, 0, 0, 0, 0, 0, 0, 0, 0, 0, 157, 19, 404
"d:\projects\flutter\49-mobile-app\lib\features\food_feature\restaurant_dashboard\presentation\widgets\restaurant_statistics_view.dart", "Dart", 0, 85, 0, 0, 0, 0, 0, 0, 0, 0, 0, 29, 5, 119
"d:\projects\flutter\49-mobile-app\lib\features\food_feature\restaurant_details\data\datasources\restaurant_details_remote_data_source.dart", "Dart", 0, 55, 0, 0, 0, 0, 0, 0, 0, 0, 0, 0, 6, 61
"d:\projects\flutter\49-mobile-app\lib\features\food_feature\restaurant_details\data\models\cart_model.dart", "Dart", 0, 142, 0, 0, 0, 0, 0, 0, 0, 0, 0, 0, 18, 160
"d:\projects\flutter\49-mobile-app\lib\features\food_feature\restaurant_details\data\models\meal_model.dart", "Dart", 0, 35, 0, 0, 0, 0, 0, 0, 0, 0, 0, 0, 3, 38
"d:\projects\flutter\49-mobile-app\lib\features\food_feature\restaurant_details\data\models\option_model.dart", "Dart", 0, 11, 0, 0, 0, 0, 0, 0, 0, 0, 0, 0, 2, 13
"d:\projects\flutter\49-mobile-app\lib\features\food_feature\restaurant_details\data\models\selected_meal_model.dart", "Dart", 0, 20, 0, 0, 0, 0, 0, 0, 0, 0, 0, 0, 3, 23
"d:\projects\flutter\49-mobile-app\lib\features\food_feature\restaurant_details\data\models\selected_variation_model.dart", "Dart", 0, 12, 0, 0, 0, 0, 0, 0, 0, 0, 0, 0, 4, 16
"d:\projects\flutter\49-mobile-app\lib\features\food_feature\restaurant_details\data\models\variation_model.dart", "Dart", 0, 15, 0, 0, 0, 0, 0, 0, 0, 0, 0, 0, 2, 17
"d:\projects\flutter\49-mobile-app\lib\features\food_feature\restaurant_details\data\repositories\restaurant_details_repo_impl.dart", "Dart", 0, 32, 0, 0, 0, 0, 0, 0, 0, 0, 0, 0, 5, 37
"d:\projects\flutter\49-mobile-app\lib\features\food_feature\restaurant_details\domain\entities\meal_entity.dart", "Dart", 0, 24, 0, 0, 0, 0, 0, 0, 0, 0, 0, 0, 3, 27
"d:\projects\flutter\49-mobile-app\lib\features\food_feature\restaurant_details\domain\entities\option_entity.dart", "Dart", 0, 6, 0, 0, 0, 0, 0, 0, 0, 0, 0, 0, 1, 7
"d:\projects\flutter\49-mobile-app\lib\features\food_feature\restaurant_details\domain\entities\selected_meal_entity.dart", "Dart", 0, 27, 0, 0, 0, 0, 0, 0, 0, 0, 0, 0, 4, 31
"d:\projects\flutter\49-mobile-app\lib\features\food_feature\restaurant_details\domain\entities\variation_entity.dart", "Dart", 0, 11, 0, 0, 0, 0, 0, 0, 0, 0, 0, 0, 2, 13
"d:\projects\flutter\49-mobile-app\lib\features\food_feature\restaurant_details\domain\repositories\restaurant_details_repo.dart", "Dart", 0, 15, 0, 0, 0, 0, 0, 0, 0, 0, 0, 0, 3, 18
"d:\projects\flutter\49-mobile-app\lib\features\food_feature\restaurant_details\domain\usecases\add_to_cart_usecase.dart", "Dart", 0, 15, 0, 0, 0, 0, 0, 0, 0, 0, 0, 0, 4, 19
"d:\projects\flutter\49-mobile-app\lib\features\food_feature\restaurant_details\domain\usecases\get_meals_usecase.dart", "Dart", 0, 13, 0, 0, 0, 0, 0, 0, 0, 0, 0, 0, 4, 17
"d:\projects\flutter\49-mobile-app\lib\features\food_feature\restaurant_details\domain\usecases\get_restaurant_details_usecase.dart", "Dart", 0, 13, 0, 0, 0, 0, 0, 0, 0, 0, 0, 0, 4, 17
"d:\projects\flutter\49-mobile-app\lib\features\food_feature\restaurant_details\presentation\cubit\restaurant_details_cubit.dart", "Dart", 0, 226, 0, 0, 0, 0, 0, 0, 0, 0, 0, 99, 44, 369
"d:\projects\flutter\49-mobile-app\lib\features\food_feature\restaurant_details\presentation\cubit\restaurant_details_state.dart", "Dart", 0, 39, 0, 0, 0, 0, 0, 0, 0, 0, 0, 0, 8, 47
"d:\projects\flutter\49-mobile-app\lib\features\food_feature\restaurant_details\presentation\pages\restaurant_details_view.dart", "Dart", 0, 100, 0, 0, 0, 0, 0, 0, 0, 0, 0, 251, 8, 359
"d:\projects\flutter\49-mobile-app\lib\features\food_feature\restaurant_details\presentation\widgets\build_food_list.dart", "Dart", 0, 34, 0, 0, 0, 0, 0, 0, 0, 0, 0, 0, 6, 40
"d:\projects\flutter\49-mobile-app\lib\features\food_feature\restaurant_details\presentation\widgets\cart_item_card.dart", "Dart", 0, 72, 0, 0, 0, 0, 0, 0, 0, 0, 0, 0, 4, 76
"d:\projects\flutter\49-mobile-app\lib\features\food_feature\restaurant_details\presentation\widgets\item_card.dart", "Dart", 0, 156, 0, 0, 0, 0, 0, 0, 0, 0, 0, 346, 13, 515
"d:\projects\flutter\49-mobile-app\lib\features\food_feature\restaurant_details\presentation\widgets\restaurant_header.dart", "Dart", 0, 80, 0, 0, 0, 0, 0, 0, 0, 0, 0, 138, 9, 227
"d:\projects\flutter\49-mobile-app\lib\features\food_feature\restaurants_list\data\datasources\restaurants_remote_data_source.dart", "Dart", 0, 203, 0, 0, 0, 0, 0, 0, 0, 0, 0, 0, 17, 220
"d:\projects\flutter\49-mobile-app\lib\features\food_feature\restaurants_list\data\models\city_model.dart", "Dart", 0, 13, 0, 0, 0, 0, 0, 0, 0, 0, 0, 0, 4, 17
"d:\projects\flutter\49-mobile-app\lib\features\food_feature\restaurants_list\data\models\city_model.g.dart", "Dart", 0, 9, 0, 0, 0, 0, 0, 0, 0, 0, 0, 4, 5, 18
"d:\projects\flutter\49-mobile-app\lib\features\food_feature\restaurants_list\data\models\cuisine_model.dart", "Dart", 0, 16, 0, 0, 0, 0, 0, 0, 0, 0, 0, 0, 4, 20
"d:\projects\flutter\49-mobile-app\lib\features\food_feature\restaurants_list\data\models\expired_requests_model.dart", "Dart", 0, 237, 0, 0, 0, 0, 0, 0, 0, 0, 0, 9, 36, 282
"d:\projects\flutter\49-mobile-app\lib\features\food_feature\restaurants_list\data\models\food_category_model.dart", "Dart", 0, 20, 0, 0, 0, 0, 0, 0, 0, 0, 0, 0, 5, 25
"d:\projects\flutter\49-mobile-app\lib\features\food_feature\restaurants_list\data\models\food_category_model.g.dart", "Dart", 0, 28, 0, 0, 0, 0, 0, 0, 0, 0, 0, 4, 6, 38
"d:\projects\flutter\49-mobile-app\lib\features\food_feature\restaurants_list\data\models\government_model.dart", "Dart", 0, 13, 0, 0, 0, 0, 0, 0, 0, 0, 0, 0, 4, 17
"d:\projects\flutter\49-mobile-app\lib\features\food_feature\restaurants_list\data\models\government_model.g.dart", "Dart", 0, 11, 0, 0, 0, 0, 0, 0, 0, 0, 0, 4, 5, 20
"d:\projects\flutter\49-mobile-app\lib\features\food_feature\restaurants_list\data\models\is_restaurant_model.dart", "Dart", 0, 83, 0, 0, 0, 0, 0, 0, 0, 0, 0, 11, 19, 113
"d:\projects\flutter\49-mobile-app\lib\features\food_feature\restaurants_list\data\models\restaurant_2_model.dart", "Dart", 0, 33, 0, 0, 0, 0, 0, 0, 0, 0, 0, 37, 7, 77
"d:\projects\flutter\49-mobile-app\lib\features\food_feature\restaurants_list\data\models\restaurant_2_model.g.dart", "Dart", 0, 55, 0, 0, 0, 0, 0, 0, 0, 0, 0, 4, 5, 64
"d:\projects\flutter\49-mobile-app\lib\features\food_feature\restaurants_list\data\models\restaurant_location_model.dart", "Dart", 0, 16, 0, 0, 0, 0, 0, 0, 0, 0, 0, 0, 2, 18
"d:\projects\flutter\49-mobile-app\lib\features\food_feature\restaurants_list\data\models\restaurant_media_model.dart", "Dart", 0, 13, 0, 0, 0, 0, 0, 0, 0, 0, 0, 0, 5, 18
"d:\projects\flutter\49-mobile-app\lib\features\food_feature\restaurants_list\data\models\restaurant_media_model.g.dart", "Dart", 0, 13, 0, 0, 0, 0, 0, 0, 0, 0, 0, 4, 5, 22
"d:\projects\flutter\49-mobile-app\lib\features\food_feature\restaurants_list\data\models\restaurant_mneu_model.dart", "Dart", 0, 82, 0, 0, 0, 0, 0, 0, 0, 0, 0, 0, 14, 96
"d:\projects\flutter\49-mobile-app\lib\features\food_feature\restaurants_list\data\models\restaurant_model.dart", "Dart", 0, 82, 0, 0, 0, 0, 0, 0, 0, 0, 0, 0, 6, 88
"d:\projects\flutter\49-mobile-app\lib\features\food_feature\restaurants_list\data\repositories\restaurant_list_repo_impl.dart", "Dart", 0, 78, 0, 0, 0, 0, 0, 0, 0, 0, 0, 0, 15, 93
"d:\projects\flutter\49-mobile-app\lib\features\food_feature\restaurants_list\domain\entities\city.dart", "Dart", 0, 17, 0, 0, 0, 0, 0, 0, 0, 0, 0, 0, 2, 19
"d:\projects\flutter\49-mobile-app\lib\features\food_feature\restaurants_list\domain\entities\cusine_entity.dart", "Dart", 0, 5, 0, 0, 0, 0, 0, 0, 0, 0, 0, 0, 2, 7
"d:\projects\flutter\49-mobile-app\lib\features\food_feature\restaurants_list\domain\entities\food_category_entity.dart", "Dart", 0, 46, 0, 0, 0, 0, 0, 0, 0, 0, 0, 0, 4, 50
"d:\projects\flutter\49-mobile-app\lib\features\food_feature\restaurants_list\domain\entities\government.dart", "Dart", 0, 17, 0, 0, 0, 0, 0, 0, 0, 0, 0, 0, 3, 20
"d:\projects\flutter\49-mobile-app\lib\features\food_feature\restaurants_list\domain\entities\restaurant.dart", "Dart", 0, 95, 0, 0, 0, 0, 0, 0, 0, 0, 0, 220, 24, 339
"d:\projects\flutter\49-mobile-app\lib\features\food_feature\restaurants_list\domain\entities\restaurant_entity.dart", "Dart", 0, 34, 0, 0, 0, 0, 0, 0, 0, 0, 0, 0, 3, 37
"d:\projects\flutter\49-mobile-app\lib\features\food_feature\restaurants_list\domain\entities\restaurant_location_entity.dart", "Dart", 0, 11, 0, 0, 0, 0, 0, 0, 0, 0, 0, 0, 2, 13
"d:\projects\flutter\49-mobile-app\lib\features\food_feature\restaurants_list\domain\entities\restaurant_media.dart", "Dart", 0, 17, 0, 0, 0, 0, 0, 0, 0, 0, 0, 0, 2, 19
"d:\projects\flutter\49-mobile-app\lib\features\food_feature\restaurants_list\domain\entities\restaurant_mneu.dart", "Dart", 0, 30, 0, 0, 0, 0, 0, 0, 0, 0, 0, 0, 2, 32
"d:\projects\flutter\49-mobile-app\lib\features\food_feature\restaurants_list\domain\repositories\resturant_list_repo.dart", "Dart", 0, 38, 0, 0, 0, 0, 0, 0, 0, 0, 0, 0, 5, 43
"d:\projects\flutter\49-mobile-app\lib\features\food_feature\restaurants_list\domain\usecases\change_connectivity_use_case.dart", "Dart", 0, 11, 0, 0, 0, 0, 0, 0, 0, 0, 0, 0, 3, 14
"d:\projects\flutter\49-mobile-app\lib\features\food_feature\restaurants_list\domain\usecases\create_restaurant.dart", "Dart", 0, 208, 0, 0, 0, 0, 0, 0, 0, 0, 0, 0, 17, 225
"d:\projects\flutter\49-mobile-app\lib\features\food_feature\restaurants_list\domain\usecases\get_all_restaurant_use_case.dart", "Dart", 0, 13, 0, 0, 0, 0, 0, 0, 0, 0, 0, 0, 4, 17
"d:\projects\flutter\49-mobile-app\lib\features\food_feature\restaurants_list\domain\usecases\get_expired_orders_use_case.dart", "Dart", 0, 13, 0, 0, 0, 0, 0, 0, 0, 0, 0, 0, 3, 16
"d:\projects\flutter\49-mobile-app\lib\features\food_feature\restaurants_list\domain\usecases\get_meal_categories_with_count_restaurants_use_case.dart", "Dart", 0, 13, 0, 0, 0, 0, 0, 0, 0, 0, 0, 0, 4, 17
"d:\projects\flutter\49-mobile-app\lib\features\food_feature\restaurants_list\domain\usecases\get_nearby_restaurants_usecase.dart", "Dart", 0, 19, 0, 0, 0, 0, 0, 0, 0, 0, 0, 0, 4, 23
"d:\projects\flutter\49-mobile-app\lib\features\food_feature\restaurants_list\domain\usecases\get_num_of_resturant_use_case.dart", "Dart", 0, 10, 0, 0, 0, 0, 0, 0, 0, 0, 0, 0, 4, 14
"d:\projects\flutter\49-mobile-app\lib\features\food_feature\restaurants_list\domain\usecases\get_trending_restaurants_usecase.dart", "Dart", 0, 15, 0, 0, 0, 0, 0, 0, 0, 0, 0, 0, 3, 18
"d:\projects\flutter\49-mobile-app\lib\features\food_feature\restaurants_list\domain\usecases\getsubcategory_restaurants_usecase.dart", "Dart", 0, 14, 0, 0, 0, 0, 0, 0, 0, 0, 0, 0, 4, 18
"d:\projects\flutter\49-mobile-app\lib\features\food_feature\restaurants_list\domain\usecases\is_resturant_usecase.dart", "Dart", 0, 13, 0, 0, 0, 0, 0, 0, 0, 0, 0, 0, 4, 17
"d:\projects\flutter\49-mobile-app\lib\features\food_feature\restaurants_list\domain\usecases\restaurant_shared_data.dart", "Dart", 0, 8, 0, 0, 0, 0, 0, 0, 0, 0, 0, 0, 4, 12
"d:\projects\flutter\49-mobile-app\lib\features\food_feature\restaurants_list\domain\usecases\search_restaurants_use_case.dart", "Dart", 0, 21, 0, 0, 0, 0, 0, 0, 0, 0, 0, 0, 3, 24
"d:\projects\flutter\49-mobile-app\lib\features\food_feature\restaurants_list\presentation\cubit\create_resturant_cubit.dart", "Dart", 0, 271, 0, 0, 0, 0, 0, 0, 0, 0, 0, 6, 37, 314
"d:\projects\flutter\49-mobile-app\lib\features\food_feature\restaurants_list\presentation\cubit\create_resturant_state.dart", "Dart", 0, 64, 0, 0, 0, 0, 0, 0, 0, 0, 0, 0, 20, 84
"d:\projects\flutter\49-mobile-app\lib\features\food_feature\restaurants_list\presentation\cubit\meal_cubit\restaurants_meal_list_cubit.dart", "Dart", 0, 0, 0, 0, 0, 0, 0, 0, 0, 0, 0, 249, 1, 250
"d:\projects\flutter\49-mobile-app\lib\features\food_feature\restaurants_list\presentation\cubit\meal_cubit\restaurants_meal_list_state.dart", "Dart", 0, 0, 0, 0, 0, 0, 0, 0, 0, 0, 0, 82, 1, 83
"d:\projects\flutter\49-mobile-app\lib\features\food_feature\restaurants_list\presentation\cubit\restaurants_list_cubit.dart", "Dart", 0, 195, 0, 0, 0, 0, 0, 0, 0, 0, 0, 268, 25, 488
"d:\projects\flutter\49-mobile-app\lib\features\food_feature\restaurants_list\presentation\cubit\restaurants_list_state.dart", "Dart", 0, 86, 0, 0, 0, 0, 0, 0, 0, 0, 0, 0, 12, 98
"d:\projects\flutter\49-mobile-app\lib\features\food_feature\restaurants_list\presentation\cubit\search_cubit\search_cubit.dart", "Dart", 0, 226, 0, 0, 0, 0, 0, 0, 0, 0, 0, 0, 21, 247
"d:\projects\flutter\49-mobile-app\lib\features\food_feature\restaurants_list\presentation\cubit\search_cubit\search_state.dart", "Dart", 0, 108, 0, 0, 0, 0, 0, 0, 0, 0, 0, 0, 5, 113
"d:\projects\flutter\49-mobile-app\lib\features\food_feature\restaurants_list\presentation\pages\create_resturant_view.dart", "Dart", 0, 124, 0, 0, 0, 0, 0, 0, 0, 0, 0, 0, 5, 129
"d:\projects\flutter\49-mobile-app\lib\features\food_feature\restaurants_list\presentation\pages\expired_request_view.dart", "Dart", 0, 203, 0, 0, 0, 0, 0, 0, 0, 0, 0, 0, 17, 220
"d:\projects\flutter\49-mobile-app\lib\features\food_feature\restaurants_list\presentation\pages\restaurant_for_meal.dart", "Dart", 0, 65, 0, 0, 0, 0, 0, 0, 0, 0, 0, 147, 7, 219
"d:\projects\flutter\49-mobile-app\lib\features\food_feature\restaurants_list\presentation\pages\restaurants_lists_view.dart", "Dart", 0, 448, 0, 0, 0, 0, 0, 0, 0, 0, 0, 8, 21, 477
"d:\projects\flutter\49-mobile-app\lib\features\food_feature\restaurants_list\presentation\pages\searsh_view.dart", "Dart", 0, 305, 0, 0, 0, 0, 0, 0, 0, 0, 0, 59, 11, 375
"d:\projects\flutter\49-mobile-app\lib\features\food_feature\restaurants_list\presentation\pages\widgets\banner.dart", "Dart", 0, 49, 0, 0, 0, 0, 0, 0, 0, 0, 0, 0, 3, 52
"d:\projects\flutter\49-mobile-app\lib\features\food_feature\restaurants_list\presentation\pages\widgets\meal_categories.dart", "Dart", 0, 49, 0, 0, 0, 0, 0, 0, 0, 0, 0, 0, 4, 53
"d:\projects\flutter\49-mobile-app\lib\features\food_feature\restaurants_list\presentation\pages\widgets\meal_category_card.dart", "Dart", 0, 96, 0, 0, 0, 0, 0, 0, 0, 0, 0, 0, 4, 100
"d:\projects\flutter\49-mobile-app\lib\features\food_feature\restaurants_list\presentation\pages\widgets\restaurant_list\banner.dart", "Dart", 0, 88, 0, 0, 0, 0, 0, 0, 0, 0, 0, 1, 4, 93
"d:\projects\flutter\49-mobile-app\lib\features\food_feature\restaurants_list\presentation\pages\widgets\restaurant_list\meal_categories.dart", "Dart", 0, 98, 0, 0, 0, 0, 0, 0, 0, 0, 0, 67, 7, 172
"d:\projects\flutter\49-mobile-app\lib\features\food_feature\restaurants_list\presentation\pages\widgets\restaurant_list\meal_category_card.dart", "Dart", 0, 93, 0, 0, 0, 0, 0, 0, 0, 0, 0, 45, 4, 142
"d:\projects\flutter\49-mobile-app\lib\features\food_feature\restaurants_list\presentation\pages\widgets\restaurant_list\resturant_dashboard_banner.dart", "Dart", 0, 26, 0, 0, 0, 0, 0, 0, 0, 0, 0, 17, 5, 48
"d:\projects\flutter\49-mobile-app\lib\features\food_feature\restaurants_list\presentation\pages\widgets\resturant_dashboard_banner.dart", "Dart", 0, 25, 0, 0, 0, 0, 0, 0, 0, 0, 0, 0, 3, 28
"d:\projects\flutter\49-mobile-app\lib\features\food_feature\restaurants_list\presentation\widgets\Images_profile_for_restaurant.dart", "Dart", 0, 65, 0, 0, 0, 0, 0, 0, 0, 0, 0, 0, 3, 68
"d:\projects\flutter\49-mobile-app\lib\features\food_feature\restaurants_list\presentation\widgets\offer_card.dart", "Dart", 0, 41, 0, 0, 0, 0, 0, 0, 0, 0, 0, 0, 4, 45
"d:\projects\flutter\49-mobile-app\lib\features\food_feature\restaurants_list\presentation\widgets\restaurant_card.dart", "Dart", 0, 134, 0, 0, 0, 0, 0, 0, 0, 0, 0, 0, 5, 139
"d:\projects\flutter\49-mobile-app\lib\features\food_feature\restaurants_list\presentation\widgets\search_restaurant_card.dart", "Dart", 0, 70, 0, 0, 0, 0, 0, 0, 0, 0, 0, 77, 5, 152
"d:\projects\flutter\49-mobile-app\lib\features\food_feature\restaurants_list\presentation\widgets\subcatigories_restaurant_card.dart", "Dart", 0, 447, 0, 0, 0, 0, 0, 0, 0, 0, 0, 711, 35, 1193
"d:\projects\flutter\49-mobile-app\lib\features\fourty_nine\data\data_sources\remote_data_source\fourty_nine_remote_data_source.dart", "Dart", 0, 140, 0, 0, 0, 0, 0, 0, 0, 0, 0, 0, 19, 159
"d:\projects\flutter\49-mobile-app\lib\features\fourty_nine\data\models\banner_model.dart", "Dart", 0, 18, 0, 0, 0, 0, 0, 0, 0, 0, 0, 0, 4, 22
"d:\projects\flutter\49-mobile-app\lib\features\fourty_nine\data\models\banner_model.g.dart", "Dart", 0, 20, 0, 0, 0, 0, 0, 0, 0, 0, 0, 4, 5, 29
"d:\projects\flutter\49-mobile-app\lib\features\fourty_nine\data\models\main_category_model.dart", "Dart", 0, 34, 0, 0, 0, 0, 0, 0, 0, 0, 0, 0, 4, 38
"d:\projects\flutter\49-mobile-app\lib\features\fourty_nine\data\models\parent_main_category_model.dart", "Dart", 0, 21, 0, 0, 0, 0, 0, 0, 0, 0, 0, 0, 4, 25
"d:\projects\flutter\49-mobile-app\lib\features\fourty_nine\data\models\slider_item_model.dart", "Dart", 0, 18, 0, 0, 0, 0, 0, 0, 0, 0, 0, 0, 2, 20
"d:\projects\flutter\49-mobile-app\lib\features\fourty_nine\data\models\wallet_home_model.dart", "Dart", 0, 17, 0, 0, 0, 0, 0, 0, 0, 0, 0, 0, 3, 20
"d:\projects\flutter\49-mobile-app\lib\features\fourty_nine\data\repositories\fourty_nine_repository_impl.dart", "Dart", 0, 57, 0, 0, 0, 0, 0, 0, 0, 0, 0, 0, 14, 71
"d:\projects\flutter\49-mobile-app\lib\features\fourty_nine\domain\entities\banner.dart", "Dart", 0, 37, 0, 0, 0, 0, 0, 0, 0, 0, 0, 0, 2, 39
"d:\projects\flutter\49-mobile-app\lib\features\fourty_nine\domain\entities\main_category_entity.dart", "Dart", 0, 48, 0, 0, 0, 0, 0, 0, 0, 0, 0, 0, 6, 54
"d:\projects\flutter\49-mobile-app\lib\features\fourty_nine\domain\entities\parent_main_category_entity.dart", "Dart", 0, 21, 0, 0, 0, 0, 0, 0, 0, 0, 0, 0, 5, 26
"d:\projects\flutter\49-mobile-app\lib\features\fourty_nine\domain\entities\slider_item_entity.dart", "Dart", 0, 13, 0, 0, 0, 0, 0, 0, 0, 0, 0, 0, 1, 14
"d:\projects\flutter\49-mobile-app\lib\features\fourty_nine\domain\entities\wallet_home_entity.dart", "Dart", 0, 12, 0, 0, 0, 0, 0, 0, 0, 0, 0, 0, 2, 14
"d:\projects\flutter\49-mobile-app\lib\features\fourty_nine\domain\repositories\fourty_nine_repository.dart", "Dart", 0, 22, 0, 0, 0, 0, 0, 0, 0, 0, 0, 0, 9, 31
"d:\projects\flutter\49-mobile-app\lib\features\fourty_nine\domain\use_cases\add_main_category_to_favorites_usecase.dart", "Dart", 0, 12, 0, 0, 0, 0, 0, 0, 0, 0, 0, 0, 4, 16
"d:\projects\flutter\49-mobile-app\lib\features\fourty_nine\domain\use_cases\get_banner_by_id_use_case.dart", "Dart", 0, 11, 0, 0, 0, 0, 0, 0, 0, 0, 0, 0, 3, 14
"d:\projects\flutter\49-mobile-app\lib\features\fourty_nine\domain\use_cases\get_currency_use_case.dart", "Dart", 0, 12, 0, 0, 0, 0, 0, 0, 0, 0, 0, 0, 4, 16
"d:\projects\flutter\49-mobile-app\lib\features\fourty_nine\domain\use_cases\get_main_categories_use_case.dart", "Dart", 0, 28, 0, 0, 0, 0, 0, 0, 0, 0, 0, 0, 7, 35
"d:\projects\flutter\49-mobile-app\lib\features\fourty_nine\domain\use_cases\get_main_category_details_usecase.dart", "Dart", 0, 14, 0, 0, 0, 0, 0, 0, 0, 0, 0, 0, 2, 16
"d:\projects\flutter\49-mobile-app\lib\features\fourty_nine\domain\use_cases\get_parent_main_categories_use_case.dart", "Dart", 0, 16, 0, 0, 0, 0, 0, 0, 0, 0, 0, 0, 5, 21
"d:\projects\flutter\49-mobile-app\lib\features\fourty_nine\domain\use_cases\get_slider_items_usecase.dart", "Dart", 0, 15, 0, 0, 0, 0, 0, 0, 0, 0, 0, 0, 5, 20
"d:\projects\flutter\49-mobile-app\lib\features\fourty_nine\domain\use_cases\get_wallet_home_use_case.dart", "Dart", 0, 13, 0, 0, 0, 0, 0, 0, 0, 0, 0, 0, 4, 17
"d:\projects\flutter\49-mobile-app\lib\features\fourty_nine\domain\use_cases\remove_main_category_to_favorites_usecase.dart", "Dart", 0, 12, 0, 0, 0, 0, 0, 0, 0, 0, 0, 0, 4, 16
"d:\projects\flutter\49-mobile-app\lib\features\fourty_nine\domain\use_cases\toggle_sub_category_to_favorites_usecase.dart", "Dart", 0, 12, 0, 0, 0, 0, 0, 0, 0, 0, 0, 0, 4, 16
"d:\projects\flutter\49-mobile-app\lib\features\fourty_nine\presentation\controllers\main_categories_cubit\main_categories_cubit.dart", "Dart", 0, 113, 0, 0, 0, 0, 0, 0, 0, 0, 0, 7, 11, 131
"d:\projects\flutter\49-mobile-app\lib\features\fourty_nine\presentation\controllers\main_categories_cubit\main_categories_state.dart", "Dart", 0, 33, 0, 0, 0, 0, 0, 0, 0, 0, 0, 0, 3, 36
"d:\projects\flutter\49-mobile-app\lib\features\fourty_nine\presentation\controllers\main_categories_taps_cubit\main_categories_taps_cubit.dart", "Dart", 0, 79, 0, 0, 0, 0, 0, 0, 0, 0, 0, 0, 11, 90
"d:\projects\flutter\49-mobile-app\lib\features\fourty_nine\presentation\controllers\main_categories_taps_cubit\main_categories_taps_state.dart", "Dart", 0, 23, 0, 0, 0, 0, 0, 0, 0, 0, 0, 0, 4, 27
"d:\projects\flutter\49-mobile-app\lib\features\fourty_nine\presentation\controllers\shared\fourty_nine_shared_data.dart", "Dart", 0, 8, 0, 0, 0, 0, 0, 0, 0, 0, 0, 0, 5, 13
"d:\projects\flutter\49-mobile-app\lib\features\fourty_nine\presentation\controllers\slider_cubit.dart\slider_cubit.dart", "Dart", 0, 35, 0, 0, 0, 0, 0, 0, 0, 0, 0, 0, 6, 41
"d:\projects\flutter\49-mobile-app\lib\features\fourty_nine\presentation\controllers\thumbnails\thumbnails_cubit.dart", "Dart", 0, 29, 0, 0, 0, 0, 0, 0, 0, 0, 0, 0, 6, 35
"d:\projects\flutter\49-mobile-app\lib\features\fourty_nine\presentation\pages\fourty_nine.dart", "Dart", 0, 558, 0, 0, 0, 0, 0, 0, 0, 0, 0, 38, 18, 614
"d:\projects\flutter\49-mobile-app\lib\features\fourty_nine\presentation\pages\main_categories_cards_view.dart", "Dart", 0, 109, 0, 0, 0, 0, 0, 0, 0, 0, 0, 9, 3, 121
"d:\projects\flutter\49-mobile-app\lib\features\fourty_nine\presentation\pages\main_categories_taps_view.dart", "Dart", 0, 141, 0, 0, 0, 0, 0, 0, 0, 0, 0, 5, 7, 153
"d:\projects\flutter\49-mobile-app\lib\features\fourty_nine\presentation\widgets\ads_text_banner.dart", "Dart", 0, 25, 0, 0, 0, 0, 0, 0, 0, 0, 0, 0, 4, 29
"d:\projects\flutter\49-mobile-app\lib\features\fourty_nine\presentation\widgets\advertise_your_company.dart", "Dart", 0, 53, 0, 0, 0, 0, 0, 0, 0, 0, 0, 0, 4, 57
"d:\projects\flutter\49-mobile-app\lib\features\fourty_nine\presentation\widgets\announce_widget.dart", "Dart", 0, 76, 0, 0, 0, 0, 0, 0, 0, 0, 0, 1, 4, 81
"d:\projects\flutter\49-mobile-app\lib\features\fourty_nine\presentation\widgets\main_category_card.dart", "Dart", 0, 109, 0, 0, 0, 0, 0, 0, 0, 0, 0, 0, 4, 113
"d:\projects\flutter\49-mobile-app\lib\features\fourty_nine\presentation\widgets\register_options.dart", "Dart", 0, 0, 0, 0, 0, 0, 0, 0, 0, 0, 0, 0, 2, 2
"d:\projects\flutter\49-mobile-app\lib\features\health_feature\booking\data\datasources\book_doctor_appointment_remote_datasource.dart", "Dart", 0, 35, 0, 0, 0, 0, 0, 0, 0, 0, 0, 0, 8, 43
"d:\projects\flutter\49-mobile-app\lib\features\health_feature\booking\data\repositories\book_doctor_appointment_repo_impl.dart", "Dart", 0, 19, 0, 0, 0, 0, 0, 0, 0, 0, 0, 0, 6, 25
"d:\projects\flutter\49-mobile-app\lib\features\health_feature\booking\domain\repositories\book_doctor_appointment_repo.dart", "Dart", 0, 9, 0, 0, 0, 0, 0, 0, 0, 0, 0, 0, 4, 13
"d:\projects\flutter\49-mobile-app\lib\features\health_feature\booking\domain\usecases\book_premium_appointment.dart", "Dart", 0, 14, 0, 0, 0, 0, 0, 0, 0, 0, 0, 0, 2, 16
"d:\projects\flutter\49-mobile-app\lib\features\health_feature\booking\domain\usecases\book_regular_appointment.dart", "Dart", 0, 29, 0, 0, 0, 0, 0, 0, 0, 0, 0, 0, 6, 35
"d:\projects\flutter\49-mobile-app\lib\features\health_feature\booking\presentation\cubit\book_doctor_appointment_cubit.dart", "Dart", 0, 82, 0, 0, 0, 0, 0, 0, 0, 0, 0, 0, 16, 98
"d:\projects\flutter\49-mobile-app\lib\features\health_feature\booking\presentation\cubit\book_doctor_appointment_state.dart", "Dart", 0, 14, 0, 0, 0, 0, 0, 0, 0, 0, 0, 0, 7, 21
"d:\projects\flutter\49-mobile-app\lib\features\health_feature\booking\presentation\pages\visita_booking.dart", "Dart", 0, 118, 0, 0, 0, 0, 0, 0, 0, 0, 0, 3, 10, 131
"d:\projects\flutter\49-mobile-app\lib\features\health_feature\booking\presentation\widgets\doctor_profile.dart", "Dart", 0, 50, 0, 0, 0, 0, 0, 0, 0, 0, 0, 0, 3, 53
"d:\projects\flutter\49-mobile-app\lib\features\health_feature\booking\presentation\widgets\info.dart", "Dart", 0, 51, 0, 0, 0, 0, 0, 0, 0, 0, 0, 0, 3, 54
"d:\projects\flutter\49-mobile-app\lib\features\health_feature\booking\presentation\widgets\location.dart", "Dart", 0, 27, 0, 0, 0, 0, 0, 0, 0, 0, 0, 0, 3, 30
"d:\projects\flutter\49-mobile-app\lib\features\health_feature\booking\presentation\widgets\patient_info.dart", "Dart", 0, 119, 0, 0, 0, 0, 0, 0, 0, 0, 0, 0, 9, 128
"d:\projects\flutter\49-mobile-app\lib\features\health_feature\booking\presentation\widgets\price.dart", "Dart", 0, 24, 0, 0, 0, 0, 0, 0, 0, 0, 0, 0, 3, 27
"d:\projects\flutter\49-mobile-app\lib\features\health_feature\booking\presentation\widgets\time.dart", "Dart", 0, 29, 0, 0, 0, 0, 0, 0, 0, 0, 0, 0, 3, 32
"d:\projects\flutter\49-mobile-app\lib\features\health_feature\create_doctor\data\datasources\create_doctor_remote_datasource.dart", "Dart", 0, 50, 0, 0, 0, 0, 0, 0, 0, 0, 0, 0, 10, 60
"d:\projects\flutter\49-mobile-app\lib\features\health_feature\create_doctor\data\models\city_model.dart", "Dart", 0, 18, 0, 0, 0, 0, 0, 0, 0, 0, 0, 0, 4, 22
"d:\projects\flutter\49-mobile-app\lib\features\health_feature\create_doctor\data\models\doctor_address.dart", "Dart", 0, 21, 0, 0, 0, 0, 0, 0, 0, 0, 0, 0, 4, 25
"d:\projects\flutter\49-mobile-app\lib\features\health_feature\create_doctor\data\models\doctor_day_model.dart", "Dart", 0, 30, 0, 0, 0, 0, 0, 0, 0, 0, 0, 0, 5, 35
"d:\projects\flutter\49-mobile-app\lib\features\health_feature\create_doctor\data\models\governrate_model.dart", "Dart", 0, 18, 0, 0, 0, 0, 0, 0, 0, 0, 0, 0, 4, 22
"d:\projects\flutter\49-mobile-app\lib\features\health_feature\create_doctor\data\repositories\create_repo_doctor_imp.dart", "Dart", 0, 23, 0, 0, 0, 0, 0, 0, 0, 0, 0, 0, 6, 29
"d:\projects\flutter\49-mobile-app\lib\features\health_feature\create_doctor\domain\entities\city.dart", "Dart", 0, 6, 0, 0, 0, 0, 0, 0, 0, 0, 0, 0, 2, 8
"d:\projects\flutter\49-mobile-app\lib\features\health_feature\create_doctor\domain\entities\doctor_address.dart", "Dart", 0, 9, 0, 0, 0, 0, 0, 0, 0, 0, 0, 0, 1, 10
"d:\projects\flutter\49-mobile-app\lib\features\health_feature\create_doctor\domain\entities\doctor_day_entity.dart", "Dart", 0, 14, 0, 0, 0, 0, 0, 0, 0, 0, 0, 0, 3, 17
"d:\projects\flutter\49-mobile-app\lib\features\health_feature\create_doctor\domain\entities\doctor_locatoin.dart", "Dart", 0, 10, 0, 0, 0, 0, 0, 0, 0, 0, 0, 0, 2, 12
"d:\projects\flutter\49-mobile-app\lib\features\health_feature\create_doctor\domain\entities\governorate_entity.dart", "Dart", 0, 7, 0, 0, 0, 0, 0, 0, 0, 0, 0, 0, 2, 9
"d:\projects\flutter\49-mobile-app\lib\features\health_feature\create_doctor\domain\repositories\create_doctor_repo.dart", "Dart", 0, 10, 0, 0, 0, 0, 0, 0, 0, 0, 0, 0, 2, 12
"d:\projects\flutter\49-mobile-app\lib\features\health_feature\create_doctor\domain\usecases\create_doctor.dart", "Dart", 0, 158, 0, 0, 0, 0, 0, 0, 0, 0, 0, 2, 19, 179
"d:\projects\flutter\49-mobile-app\lib\features\health_feature\create_doctor\domain\usecases\get_cities.dart", "Dart", 0, 13, 0, 0, 0, 0, 0, 0, 0, 0, 0, 0, 4, 17
"d:\projects\flutter\49-mobile-app\lib\features\health_feature\create_doctor\domain\usecases\get_governorates.dart", "Dart", 0, 14, 0, 0, 0, 0, 0, 0, 0, 0, 0, 0, 4, 18
"d:\projects\flutter\49-mobile-app\lib\features\health_feature\create_doctor\presentation\cubit\create_doctor_cubit.dart", "Dart", 0, 283, 0, 0, 0, 0, 0, 0, 0, 0, 0, 6, 38, 327
"d:\projects\flutter\49-mobile-app\lib\features\health_feature\create_doctor\presentation\cubit\create_doctor_state.dart", "Dart", 0, 62, 0, 0, 0, 0, 0, 0, 0, 0, 0, 0, 20, 82
"d:\projects\flutter\49-mobile-app\lib\features\health_feature\create_doctor\presentation\pages\create_doctor_view.dart", "Dart", 0, 124, 0, 0, 0, 0, 0, 0, 0, 0, 0, 0, 4, 128
"d:\projects\flutter\49-mobile-app\lib\features\health_feature\create_doctor\presentation\widgets\fields\address_field.dart", "Dart", 0, 58, 0, 0, 0, 0, 0, 0, 0, 0, 0, 5, 3, 66
"d:\projects\flutter\49-mobile-app\lib\features\health_feature\create_doctor\presentation\widgets\fields\description_filed.dart", "Dart", 0, 58, 0, 0, 0, 0, 0, 0, 0, 0, 0, 5, 3, 66
"d:\projects\flutter\49-mobile-app\lib\features\health_feature\create_doctor\presentation\widgets\fields\name_filed.dart", "Dart", 0, 118, 0, 0, 0, 0, 0, 0, 0, 0, 0, 10, 3, 131
"d:\projects\flutter\49-mobile-app\lib\features\health_feature\create_doctor\presentation\widgets\fields\phone_field.dart", "Dart", 0, 0, 0, 0, 0, 0, 0, 0, 0, 0, 0, 18, 1, 19
"d:\projects\flutter\49-mobile-app\lib\features\health_feature\create_doctor\presentation\widgets\location\cities_dropdowns.dart", "Dart", 0, 33, 0, 0, 0, 0, 0, 0, 0, 0, 0, 0, 3, 36
"d:\projects\flutter\49-mobile-app\lib\features\health_feature\create_doctor\presentation\widgets\location\governorate_dropdown.dart", "Dart", 0, 83, 0, 0, 0, 0, 0, 0, 0, 0, 0, 1, 2, 86
"d:\projects\flutter\49-mobile-app\lib\features\health_feature\create_doctor\presentation\widgets\options_checkbox.dart", "Dart", 0, 72, 0, 0, 0, 0, 0, 0, 0, 0, 0, 3, 4, 79
"d:\projects\flutter\49-mobile-app\lib\features\health_feature\create_doctor\presentation\widgets\pickers\date\id_expiry_date_picker.dart", "Dart", 0, 65, 0, 0, 0, 0, 0, 0, 0, 0, 0, 0, 2, 67
"d:\projects\flutter\49-mobile-app\lib\features\health_feature\create_doctor\presentation\widgets\pickers\date\license_expiry_date_picker.dart", "Dart", 0, 26, 0, 0, 0, 0, 0, 0, 0, 0, 0, 0, 3, 29
"d:\projects\flutter\49-mobile-app\lib\features\health_feature\create_doctor\presentation\widgets\pickers\photo\doctor_photo_picker.dart", "Dart", 0, 72, 0, 0, 0, 0, 0, 0, 0, 0, 0, 0, 5, 77
"d:\projects\flutter\49-mobile-app\lib\features\health_feature\create_doctor\presentation\widgets\pickers\photo\id_photo_picker.dart", "Dart", 0, 76, 0, 0, 0, 0, 0, 0, 0, 0, 0, 0, 4, 80
"d:\projects\flutter\49-mobile-app\lib\features\health_feature\create_doctor\presentation\widgets\pickers\photo\license_photo_picker.dart", "Dart", 0, 76, 0, 0, 0, 0, 0, 0, 0, 0, 0, 0, 4, 80
"d:\projects\flutter\49-mobile-app\lib\features\health_feature\create_doctor\presentation\widgets\subcategory.dart", "Dart", 0, 60, 0, 0, 0, 0, 0, 0, 0, 0, 0, 4, 4, 68
"d:\projects\flutter\49-mobile-app\lib\features\health_feature\create_doctor\presentation\widgets\submit_button.dart", "Dart", 0, 24, 0, 0, 0, 0, 0, 0, 0, 0, 0, 0, 3, 27
"d:\projects\flutter\49-mobile-app\lib\features\health_feature\create_doctor\presentation\widgets\time_tables\call_time_table.dart", "Dart", 0, 47, 0, 0, 0, 0, 0, 0, 0, 0, 0, 0, 3, 50
"d:\projects\flutter\49-mobile-app\lib\features\health_feature\create_doctor\presentation\widgets\time_tables\clinic_time_table.dart", "Dart", 0, 57, 0, 0, 0, 0, 0, 0, 0, 0, 0, 0, 3, 60
"d:\projects\flutter\49-mobile-app\lib\features\health_feature\create_doctor\presentation\widgets\time_tables\home_visit_time_table.dart", "Dart", 0, 50, 0, 0, 0, 0, 0, 0, 0, 0, 0, 0, 3, 53
"d:\projects\flutter\49-mobile-app\lib\features\health_feature\create_doctor\presentation\widgets\time_tables\time_table.dart", "Dart", 0, 143, 0, 0, 0, 0, 0, 0, 0, 0, 0, 0, 8, 151
"d:\projects\flutter\49-mobile-app\lib\features\health_feature\doctor_dashboard\data\datasources\remote_datasource.dart", "Dart", 0, 164, 0, 0, 0, 0, 0, 0, 0, 0, 0, 2, 41, 207
"d:\projects\flutter\49-mobile-app\lib\features\health_feature\doctor_dashboard\data\models\doctor_appointment_model.dart", "Dart", 0, 36, 0, 0, 0, 0, 0, 0, 0, 0, 0, 0, 3, 39
"d:\projects\flutter\49-mobile-app\lib\features\health_feature\doctor_dashboard\data\models\doctor_statistics_model.dart", "Dart", 0, 36, 0, 0, 0, 0, 0, 0, 0, 0, 0, 0, 10, 46
"d:\projects\flutter\49-mobile-app\lib\features\health_feature\doctor_dashboard\data\repositories\doctor_dashboard_repo_impl.dart", "Dart", 0, 85, 0, 0, 0, 0, 0, 0, 0, 0, 0, 0, 18, 103
"d:\projects\flutter\49-mobile-app\lib\features\health_feature\doctor_dashboard\domain\entities\doctor_appointment_entity.dart", "Dart", 0, 26, 0, 0, 0, 0, 0, 0, 0, 0, 0, 0, 4, 30
"d:\projects\flutter\49-mobile-app\lib\features\health_feature\doctor_dashboard\domain\entities\doctor_statistics_entity.dart", "Dart", 0, 22, 0, 0, 0, 0, 0, 0, 0, 0, 0, 0, 6, 28
"d:\projects\flutter\49-mobile-app\lib\features\health_feature\doctor_dashboard\domain\repositories\doctor_dashboard_repo.dart", "Dart", 0, 33, 0, 0, 0, 0, 0, 0, 0, 0, 0, 0, 7, 40
"d:\projects\flutter\49-mobile-app\lib\features\health_feature\doctor_dashboard\domain\usecases\delete_doctor_account_usecase.dart", "Dart", 0, 12, 0, 0, 0, 0, 0, 0, 0, 0, 0, 0, 4, 16
"d:\projects\flutter\49-mobile-app\lib\features\health_feature\doctor_dashboard\domain\usecases\doctor_accept_appointment_usecase.dart", "Dart", 0, 12, 0, 0, 0, 0, 0, 0, 0, 0, 0, 0, 4, 16
"d:\projects\flutter\49-mobile-app\lib\features\health_feature\doctor_dashboard\domain\usecases\doctor_reject_appointment.dart", "Dart", 0, 12, 0, 0, 0, 0, 0, 0, 0, 0, 0, 0, 4, 16
"d:\projects\flutter\49-mobile-app\lib\features\health_feature\doctor_dashboard\domain\usecases\get_all_doctor_reservations_usecase.dart", "Dart", 0, 16, 0, 0, 0, 0, 0, 0, 0, 0, 0, 0, 4, 20
"d:\projects\flutter\49-mobile-app\lib\features\health_feature\doctor_dashboard\domain\usecases\get_doctor_appointments_by_day.dart", "Dart", 0, 26, 0, 0, 0, 0, 0, 0, 0, 0, 0, 0, 7, 33
"d:\projects\flutter\49-mobile-app\lib\features\health_feature\doctor_dashboard\domain\usecases\get_doctor_profile_usecase.dart", "Dart", 0, 13, 0, 0, 0, 0, 0, 0, 0, 0, 0, 0, 4, 17
"d:\projects\flutter\49-mobile-app\lib\features\health_feature\doctor_dashboard\domain\usecases\get_doctor_statistics_usecase.dart", "Dart", 0, 14, 0, 0, 0, 0, 0, 0, 0, 0, 0, 0, 4, 18
"d:\projects\flutter\49-mobile-app\lib\features\health_feature\doctor_dashboard\domain\usecases\get_doctor_unhandled_appointments_usecase.dart", "Dart", 0, 16, 0, 0, 0, 0, 0, 0, 0, 0, 0, 0, 4, 20
"d:\projects\flutter\49-mobile-app\lib\features\health_feature\doctor_dashboard\domain\usecases\get_id_remaining_days.dart", "Dart", 0, 12, 0, 0, 0, 0, 0, 0, 0, 0, 0, 0, 4, 16
"d:\projects\flutter\49-mobile-app\lib\features\health_feature\doctor_dashboard\domain\usecases\get_practicing_remaining_days.dart", "Dart", 0, 12, 0, 0, 0, 0, 0, 0, 0, 0, 0, 0, 4, 16
"d:\projects\flutter\49-mobile-app\lib\features\health_feature\doctor_dashboard\domain\usecases\get_subscription_remaining_days.dart", "Dart", 0, 12, 0, 0, 0, 0, 0, 0, 0, 0, 0, 0, 3, 15
"d:\projects\flutter\49-mobile-app\lib\features\health_feature\doctor_dashboard\domain\usecases\update_doctor_id_usecase.dart", "Dart", 0, 25, 0, 0, 0, 0, 0, 0, 0, 0, 0, 0, 7, 32
"d:\projects\flutter\49-mobile-app\lib\features\health_feature\doctor_dashboard\domain\usecases\update_doctor_personal_info_usecase.dart", "Dart", 0, 14, 0, 0, 0, 0, 0, 0, 0, 0, 0, 0, 5, 19
"d:\projects\flutter\49-mobile-app\lib\features\health_feature\doctor_dashboard\domain\usecases\update_doctor_practicing_cirtification_usecase.dart", "Dart", 0, 14, 0, 0, 0, 0, 0, 0, 0, 0, 0, 0, 4, 18
"d:\projects\flutter\49-mobile-app\lib\features\health_feature\doctor_dashboard\domain\usecases\update_doctor_profile_photo_usecase.dart", "Dart", 0, 12, 0, 0, 0, 0, 0, 0, 0, 0, 0, 0, 4, 16
"d:\projects\flutter\49-mobile-app\lib\features\health_feature\doctor_dashboard\domain\usecases\update_doctor_timetable_usecase.dart", "Dart", 0, 14, 0, 0, 0, 0, 0, 0, 0, 0, 0, 0, 5, 19
"d:\projects\flutter\49-mobile-app\lib\features\health_feature\doctor_dashboard\presentation\controllers\all_doctor_reservations\all_doctor_reservations_cubit.dart", "Dart", 0, 46, 0, 0, 0, 0, 0, 0, 0, 0, 0, 0, 10, 56
"d:\projects\flutter\49-mobile-app\lib\features\health_feature\doctor_dashboard\presentation\controllers\all_doctor_reservations\all_doctor_reservations_state.dart", "Dart", 0, 12, 0, 0, 0, 0, 0, 0, 0, 0, 0, 0, 6, 18
"d:\projects\flutter\49-mobile-app\lib\features\health_feature\doctor_dashboard\presentation\controllers\doctor_dashboard\doctor_dashboard_cubit.dart", "Dart", 0, 106, 0, 0, 0, 0, 0, 0, 0, 0, 0, 0, 11, 117
"d:\projects\flutter\49-mobile-app\lib\features\health_feature\doctor_dashboard\presentation\controllers\doctor_dashboard\doctor_dashboard_state.dart", "Dart", 0, 35, 0, 0, 0, 0, 0, 0, 0, 0, 0, 0, 12, 47
"d:\projects\flutter\49-mobile-app\lib\features\health_feature\doctor_dashboard\presentation\controllers\doctor_history\doctor_history_cubit.dart", "Dart", 0, 6, 0, 0, 0, 0, 0, 0, 0, 0, 0, 0, 3, 9
"d:\projects\flutter\49-mobile-app\lib\features\health_feature\doctor_dashboard\presentation\controllers\doctor_history\doctor_history_state.dart", "Dart", 0, 7, 0, 0, 0, 0, 0, 0, 0, 0, 0, 0, 4, 11
"d:\projects\flutter\49-mobile-app\lib\features\health_feature\doctor_dashboard\presentation\controllers\doctor_statistics\doctor_statistics_cubit.dart", "Dart", 0, 24, 0, 0, 0, 0, 0, 0, 0, 0, 0, 0, 6, 30
"d:\projects\flutter\49-mobile-app\lib\features\health_feature\doctor_dashboard\presentation\controllers\doctor_statistics\doctor_statistics_state.dart", "Dart", 0, 12, 0, 0, 0, 0, 0, 0, 0, 0, 0, 0, 6, 18
"d:\projects\flutter\49-mobile-app\lib\features\health_feature\doctor_dashboard\presentation\controllers\doctor_today_appointments\doctor_today_appointments_cubit.dart", "Dart", 0, 44, 0, 0, 0, 0, 0, 0, 0, 0, 0, 0, 10, 54
"d:\projects\flutter\49-mobile-app\lib\features\health_feature\doctor_dashboard\presentation\controllers\doctor_today_appointments\doctor_today_appointments_state.dart", "Dart", 0, 16, 0, 0, 0, 0, 0, 0, 0, 0, 0, 0, 6, 22
"d:\projects\flutter\49-mobile-app\lib\features\health_feature\doctor_dashboard\presentation\controllers\doctor_unhandled_appotinments\doctor_unhandled_appotinments_cubit.dart", "Dart", 0, 88, 0, 0, 0, 0, 0, 0, 0, 0, 0, 0, 13, 101
"d:\projects\flutter\49-mobile-app\lib\features\health_feature\doctor_dashboard\presentation\controllers\doctor_unhandled_appotinments\doctor_unhandled_appotinments_state.dart", "Dart", 0, 23, 0, 0, 0, 0, 0, 0, 0, 0, 0, 0, 7, 30
"d:\projects\flutter\49-mobile-app\lib\features\health_feature\doctor_dashboard\presentation\controllers\edit_doctor_personal_info\edit_doctor_personal_info_cubit.dart", "Dart", 0, 6, 0, 0, 0, 0, 0, 0, 0, 0, 0, 0, 3, 9
"d:\projects\flutter\49-mobile-app\lib\features\health_feature\doctor_dashboard\presentation\controllers\edit_doctor_personal_info\edit_doctor_personal_info_state.dart", "Dart", 0, 7, 0, 0, 0, 0, 0, 0, 0, 0, 0, 0, 4, 11
"d:\projects\flutter\49-mobile-app\lib\features\health_feature\doctor_dashboard\presentation\controllers\edit_doctor_profile\edit_doctor_profile_cubit.dart", "Dart", 0, 77, 0, 0, 0, 0, 0, 0, 0, 0, 0, 0, 17, 94
"d:\projects\flutter\49-mobile-app\lib\features\health_feature\doctor_dashboard\presentation\controllers\edit_doctor_profile\edit_doctor_profile_state.dart", "Dart", 0, 31, 0, 0, 0, 0, 0, 0, 0, 0, 0, 0, 3, 34
"d:\projects\flutter\49-mobile-app\lib\features\health_feature\doctor_dashboard\presentation\controllers\edit_doctor_timetable\edit_doctor_timetable_cubit.dart", "Dart", 0, 6, 0, 0, 0, 0, 0, 0, 0, 0, 0, 0, 3, 9
"d:\projects\flutter\49-mobile-app\lib\features\health_feature\doctor_dashboard\presentation\controllers\edit_doctor_timetable\edit_doctor_timetable_state.dart", "Dart", 0, 7, 0, 0, 0, 0, 0, 0, 0, 0, 0, 0, 4, 11
"d:\projects\flutter\49-mobile-app\lib\features\health_feature\doctor_dashboard\presentation\pages\all_doctor_reservations_view.dart", "Dart", 0, 53, 0, 0, 0, 0, 0, 0, 0, 0, 0, 0, 3, 56
"d:\projects\flutter\49-mobile-app\lib\features\health_feature\doctor_dashboard\presentation\pages\doctor_dashboard_view.dart", "Dart", 0, 57, 0, 0, 0, 0, 0, 0, 0, 0, 0, 0, 5, 62
"d:\projects\flutter\49-mobile-app\lib\features\health_feature\doctor_dashboard\presentation\pages\doctor_statistics.dart", "Dart", 0, 61, 0, 0, 0, 0, 0, 0, 0, 0, 0, 0, 4, 65
"d:\projects\flutter\49-mobile-app\lib\features\health_feature\doctor_dashboard\presentation\pages\edit_doctor_docs.dart", "Dart", 0, 87, 0, 0, 0, 0, 0, 0, 0, 0, 0, 1, 4, 92
"d:\projects\flutter\49-mobile-app\lib\features\health_feature\doctor_dashboard\presentation\pages\edit_doctor_personal_info_view.dart", "Dart", 0, 47, 0, 0, 0, 0, 0, 0, 0, 0, 0, 0, 3, 50
"d:\projects\flutter\49-mobile-app\lib\features\health_feature\doctor_dashboard\presentation\pages\edit_doctor_profile.dart", "Dart", 0, 69, 0, 0, 0, 0, 0, 0, 0, 0, 0, 0, 3, 72
"d:\projects\flutter\49-mobile-app\lib\features\health_feature\doctor_dashboard\presentation\pages\edit_doctor_timetable_view.dart", "Dart", 0, 8, 0, 0, 0, 0, 0, 0, 0, 0, 0, 0, 3, 11
"d:\projects\flutter\49-mobile-app\lib\features\health_feature\doctor_dashboard\presentation\pages\today_doctor_appointments_view.dart", "Dart", 0, 55, 0, 0, 0, 0, 0, 0, 0, 0, 0, 0, 3, 58
"d:\projects\flutter\49-mobile-app\lib\features\health_feature\doctor_dashboard\presentation\pages\unhandled_doctor_appointments_view.dart", "Dart", 0, 80, 0, 0, 0, 0, 0, 0, 0, 0, 0, 0, 3, 83
"d:\projects\flutter\49-mobile-app\lib\features\health_feature\doctor_dashboard\presentation\widgets\doctor_renew_day_count.dart", "Dart", 0, 121, 0, 0, 0, 0, 0, 0, 0, 0, 0, 2, 5, 128
"d:\projects\flutter\49-mobile-app\lib\features\health_feature\doctor_dashboard\presentation\widgets\doctor_today_appointments.dart", "Dart", 0, 85, 0, 0, 0, 0, 0, 0, 0, 0, 0, 0, 5, 90
"d:\projects\flutter\49-mobile-app\lib\features\health_feature\doctor_dashboard\presentation\widgets\doctor_unhandled_appointments.dart", "Dart", 0, 133, 0, 0, 0, 0, 0, 0, 0, 0, 0, 0, 5, 138
"d:\projects\flutter\49-mobile-app\lib\features\health_feature\doctor_dashboard\presentation\widgets\edit_profile\delete_account.dart", "Dart", 0, 22, 0, 0, 0, 0, 0, 0, 0, 0, 0, 0, 3, 25
"d:\projects\flutter\49-mobile-app\lib\features\health_feature\doctor_dashboard\presentation\widgets\edit_profile\update_card.dart", "Dart", 0, 44, 0, 0, 0, 0, 0, 0, 0, 0, 0, 0, 3, 47
"d:\projects\flutter\49-mobile-app\lib\features\health_feature\doctor_dashboard\presentation\widgets\edit_profile\update_id.dart", "Dart", 0, 27, 0, 0, 0, 0, 0, 0, 0, 0, 0, 0, 3, 30
"d:\projects\flutter\49-mobile-app\lib\features\health_feature\doctor_dashboard\presentation\widgets\edit_profile\update_personal.dart", "Dart", 0, 17, 0, 0, 0, 0, 0, 0, 0, 0, 0, 0, 3, 20
"d:\projects\flutter\49-mobile-app\lib\features\health_feature\doctor_dashboard\presentation\widgets\edit_profile\update_practicing.dart", "Dart", 0, 29, 0, 0, 0, 0, 0, 0, 0, 0, 0, 0, 3, 32
"d:\projects\flutter\49-mobile-app\lib\features\health_feature\doctor_dashboard\presentation\widgets\edit_profile\update_profile_photo_card.dart", "Dart", 0, 43, 0, 0, 0, 0, 0, 0, 0, 0, 0, 0, 3, 46
"d:\projects\flutter\49-mobile-app\lib\features\health_feature\doctor_dashboard\presentation\widgets\edit_profile\update_time_table.dart", "Dart", 0, 12, 0, 0, 0, 0, 0, 0, 0, 0, 0, 0, 3, 15
"d:\projects\flutter\49-mobile-app\lib\features\health_feature\doctor_dashboard\presentation\widgets\history\doctor_history_card.dart", "Dart", 0, 74, 0, 0, 0, 0, 0, 0, 0, 0, 0, 0, 3, 77
"d:\projects\flutter\49-mobile-app\lib\features\health_feature\doctor_dashboard\presentation\widgets\personal_info\edit_doctor_address.dart", "Dart", 0, 45, 0, 0, 0, 0, 0, 0, 0, 0, 0, 0, 4, 49
"d:\projects\flutter\49-mobile-app\lib\features\health_feature\doctor_dashboard\presentation\widgets\personal_info\edit_doctor_name_field.dart", "Dart", 0, 30, 0, 0, 0, 0, 0, 0, 0, 0, 0, 0, 3, 33
"d:\projects\flutter\49-mobile-app\lib\features\health_feature\doctor_dashboard\presentation\widgets\personal_info\edit_doctor_phone_field.dart", "Dart", 0, 13, 0, 0, 0, 0, 0, 0, 0, 0, 0, 0, 3, 16
"d:\projects\flutter\49-mobile-app\lib\features\health_feature\doctor_dashboard\presentation\widgets\personal_info\edit_doctor_speciality_filed.dart", "Dart", 0, 16, 0, 0, 0, 0, 0, 0, 0, 0, 0, 0, 3, 19
"d:\projects\flutter\49-mobile-app\lib\features\health_feature\doctor_dashboard\presentation\widgets\popup_menu.dart", "Dart", 0, 31, 0, 0, 0, 0, 0, 0, 0, 0, 0, 0, 3, 34
"d:\projects\flutter\49-mobile-app\lib\features\health_feature\doctor_details\data\datasources\doctor_detail_remote_datasource.dart", "Dart", 0, 43, 0, 0, 0, 0, 0, 0, 0, 0, 0, 0, 7, 50
"d:\projects\flutter\49-mobile-app\lib\features\health_feature\doctor_details\data\models\appointment_model.dart", "Dart", 0, 16, 0, 0, 0, 0, 0, 0, 0, 0, 0, 0, 2, 18
"d:\projects\flutter\49-mobile-app\lib\features\health_feature\doctor_details\data\models\doctor_detail_model.dart", "Dart", 0, 12, 0, 0, 0, 0, 0, 0, 0, 0, 0, 0, 2, 14
"d:\projects\flutter\49-mobile-app\lib\features\health_feature\doctor_details\data\models\doctor_model.dart", "Dart", 0, 98, 0, 0, 0, 0, 0, 0, 0, 0, 0, 0, 4, 102
"d:\projects\flutter\49-mobile-app\lib\features\health_feature\doctor_details\data\models\doctor_rate.dart", "Dart", 0, 12, 0, 0, 0, 0, 0, 0, 0, 0, 0, 0, 3, 15
"d:\projects\flutter\49-mobile-app\lib\features\health_feature\doctor_details\data\models\user_doctor_rate.dart", "Dart", 0, 16, 0, 0, 0, 0, 0, 0, 0, 0, 0, 0, 3, 19
"d:\projects\flutter\49-mobile-app\lib\features\health_feature\doctor_details\data\repositories\doctor_details_repo_impl.dart", "Dart", 0, 21, 0, 0, 0, 0, 0, 0, 0, 0, 0, 0, 6, 27
"d:\projects\flutter\49-mobile-app\lib\features\health_feature\doctor_details\domain\entities\appointment_entity.dart", "Dart", 0, 36, 0, 0, 0, 0, 0, 0, 0, 0, 0, 0, 7, 43
"d:\projects\flutter\49-mobile-app\lib\features\health_feature\doctor_details\domain\entities\doctor_detail_entity.dart", "Dart", 0, 7, 0, 0, 0, 0, 0, 0, 0, 0, 0, 0, 2, 9
"d:\projects\flutter\49-mobile-app\lib\features\health_feature\doctor_details\domain\entities\doctor_entity.dart", "Dart", 0, 83, 0, 0, 0, 0, 0, 0, 0, 0, 0, 0, 6, 89
"d:\projects\flutter\49-mobile-app\lib\features\health_feature\doctor_details\domain\entities\doctor_rate.dart", "Dart", 0, 10, 0, 0, 0, 0, 0, 0, 0, 0, 0, 0, 2, 12
"d:\projects\flutter\49-mobile-app\lib\features\health_feature\doctor_details\domain\entities\doctor_specialization_entity.dart", "Dart", 0, 8, 0, 0, 0, 0, 0, 0, 0, 0, 0, 0, 1, 9
"d:\projects\flutter\49-mobile-app\lib\features\health_feature\doctor_details\domain\entities\premium_doctor_rate.dart", "Dart", 0, 13, 0, 0, 0, 0, 0, 0, 0, 0, 0, 0, 2, 15
"d:\projects\flutter\49-mobile-app\lib\features\health_feature\doctor_details\domain\entities\user_doctor_rate.dart", "Dart", 0, 9, 0, 0, 0, 0, 0, 0, 0, 0, 0, 0, 2, 11
"d:\projects\flutter\49-mobile-app\lib\features\health_feature\doctor_details\domain\repositories\doctor_details_repo.dart", "Dart", 0, 11, 0, 0, 0, 0, 0, 0, 0, 0, 0, 0, 3, 14
"d:\projects\flutter\49-mobile-app\lib\features\health_feature\doctor_details\domain\usecases\get_doctor_details_usecase.dart", "Dart", 0, 33, 0, 0, 0, 0, 0, 0, 0, 0, 0, 0, 5, 38
"d:\projects\flutter\49-mobile-app\lib\features\health_feature\doctor_details\domain\usecases\get_doctor_reviews.dart", "Dart", 0, 14, 0, 0, 0, 0, 0, 0, 0, 0, 0, 0, 3, 17
"d:\projects\flutter\49-mobile-app\lib\features\health_feature\doctor_details\presentation\cubit\doctor_details_cubit.dart", "Dart", 0, 54, 0, 0, 0, 0, 0, 0, 0, 0, 0, 0, 8, 62
"d:\projects\flutter\49-mobile-app\lib\features\health_feature\doctor_details\presentation\cubit\doctor_details_state.dart", "Dart", 0, 17, 0, 0, 0, 0, 0, 0, 0, 0, 0, 0, 8, 25
"d:\projects\flutter\49-mobile-app\lib\features\health_feature\doctor_details\presentation\pages\DoctorDetails.dart", "Dart", 0, 55, 0, 0, 0, 0, 0, 0, 0, 0, 0, 0, 5, 60
"d:\projects\flutter\49-mobile-app\lib\features\health_feature\doctor_details\presentation\pages\all_reviews.dart", "Dart", 0, 56, 0, 0, 0, 0, 0, 0, 0, 0, 0, 0, 7, 63
"d:\projects\flutter\49-mobile-app\lib\features\health_feature\doctor_details\presentation\widgets\address.dart", "Dart", 0, 28, 0, 0, 0, 0, 0, 0, 0, 0, 0, 0, 3, 31
"d:\projects\flutter\49-mobile-app\lib\features\health_feature\doctor_details\presentation\widgets\appointments.dart", "Dart", 0, 95, 0, 0, 0, 0, 0, 0, 0, 0, 0, 0, 5, 100
"d:\projects\flutter\49-mobile-app\lib\features\health_feature\doctor_details\presentation\widgets\divider.dart", "Dart", 0, 12, 0, 0, 0, 0, 0, 0, 0, 0, 0, 0, 3, 15
"d:\projects\flutter\49-mobile-app\lib\features\health_feature\doctor_details\presentation\widgets\fees_card.dart", "Dart", 0, 24, 0, 0, 0, 0, 0, 0, 0, 0, 0, 0, 3, 27
"d:\projects\flutter\49-mobile-app\lib\features\health_feature\doctor_details\presentation\widgets\header.dart", "Dart", 0, 162, 0, 0, 0, 0, 0, 0, 0, 0, 0, 0, 3, 165
"d:\projects\flutter\49-mobile-app\lib\features\health_feature\doctor_details\presentation\widgets\info.dart", "Dart", 0, 26, 0, 0, 0, 0, 0, 0, 0, 0, 0, 0, 3, 29
"d:\projects\flutter\49-mobile-app\lib\features\health_feature\doctor_details\presentation\widgets\rate_card.dart", "Dart", 0, 20, 0, 0, 0, 0, 0, 0, 0, 0, 0, 0, 3, 23
"d:\projects\flutter\49-mobile-app\lib\features\health_feature\doctor_details\presentation\widgets\reviews.dart", "Dart", 0, 51, 0, 0, 0, 0, 0, 0, 0, 0, 0, 0, 4, 55
"d:\projects\flutter\49-mobile-app\lib\features\health_feature\doctor_details\presentation\widgets\waiting.dart", "Dart", 0, 30, 0, 0, 0, 0, 0, 0, 0, 0, 0, 0, 3, 33
"d:\projects\flutter\49-mobile-app\lib\features\health_feature\doctor_filter\data\datasources\doctor_list_remote_datasource.dart", "Dart", 0, 27, 0, 0, 0, 0, 0, 0, 0, 0, 0, 0, 8, 35
"d:\projects\flutter\49-mobile-app\lib\features\health_feature\doctor_filter\data\repositories\doctor_list_repo_impl.dart", "Dart", 0, 15, 0, 0, 0, 0, 0, 0, 0, 0, 0, 0, 6, 21
"d:\projects\flutter\49-mobile-app\lib\features\health_feature\doctor_filter\domain\repositories\doctor_list_repo.dart", "Dart", 0, 8, 0, 0, 0, 0, 0, 0, 0, 0, 0, 0, 3, 11
"d:\projects\flutter\49-mobile-app\lib\features\health_feature\doctor_filter\domain\usecases\get_doctor_list_usecase.dart", "Dart", 0, 45, 0, 0, 0, 0, 0, 0, 0, 0, 0, 0, 6, 51
"d:\projects\flutter\49-mobile-app\lib\features\health_feature\doctor_filter\presentation\controllers\city_filter_cubit\doctor_city_filter_cubit.dart", "Dart", 0, 38, 0, 0, 0, 0, 0, 0, 0, 0, 0, 0, 9, 47
"d:\projects\flutter\49-mobile-app\lib\features\health_feature\doctor_filter\presentation\controllers\city_filter_cubit\doctor_city_filter_state.dart", "Dart", 0, 12, 0, 0, 0, 0, 0, 0, 0, 0, 0, 0, 6, 18
"d:\projects\flutter\49-mobile-app\lib\features\health_feature\doctor_filter\presentation\controllers\doctors_list_cubit\doctors_list_cubit.dart", "Dart", 0, 25, 0, 0, 0, 0, 0, 0, 0, 0, 0, 0, 7, 32
"d:\projects\flutter\49-mobile-app\lib\features\health_feature\doctor_filter\presentation\controllers\doctors_list_cubit\doctors_list_state.dart", "Dart", 0, 12, 0, 0, 0, 0, 0, 0, 0, 0, 0, 0, 8, 20
"d:\projects\flutter\49-mobile-app\lib\features\health_feature\doctor_filter\presentation\controllers\governorate_filter_cubit\doctor_governorate_filter_cubit.dart", "Dart", 0, 38, 0, 0, 0, 0, 0, 0, 0, 0, 0, 4, 7, 49
"d:\projects\flutter\49-mobile-app\lib\features\health_feature\doctor_filter\presentation\controllers\governorate_filter_cubit\doctor_governorate_filter_state.dart", "Dart", 0, 15, 0, 0, 0, 0, 0, 0, 0, 0, 0, 0, 7, 22
"d:\projects\flutter\49-mobile-app\lib\features\health_feature\doctor_filter\presentation\controllers\subcategory_filter_cubit\doctor_filter_cubit.dart", "Dart", 0, 49, 0, 0, 0, 0, 0, 0, 0, 0, 0, 0, 8, 57
"d:\projects\flutter\49-mobile-app\lib\features\health_feature\doctor_filter\presentation\controllers\subcategory_filter_cubit\doctor_filter_state.dart", "Dart", 0, 15, 0, 0, 0, 0, 0, 0, 0, 0, 0, 0, 7, 22
"d:\projects\flutter\49-mobile-app\lib\features\health_feature\doctor_filter\presentation\pages\citiy_filter_view.dart", "Dart", 0, 78, 0, 0, 0, 0, 0, 0, 0, 0, 0, 0, 6, 84
"d:\projects\flutter\49-mobile-app\lib\features\health_feature\doctor_filter\presentation\pages\doctors_list.dart", "Dart", 0, 58, 0, 0, 0, 0, 0, 0, 0, 0, 0, 0, 7, 65
"d:\projects\flutter\49-mobile-app\lib\features\health_feature\doctor_filter\presentation\pages\governorate_filter_view.dart", "Dart", 0, 60, 0, 0, 0, 0, 0, 0, 0, 0, 0, 27, 4, 91
"d:\projects\flutter\49-mobile-app\lib\features\health_feature\doctor_filter\presentation\pages\subcategory_filter_view.dart", "Dart", 0, 50, 0, 0, 0, 0, 0, 0, 0, 0, 0, 0, 3, 53
"d:\projects\flutter\49-mobile-app\lib\features\health_feature\doctor_filter\presentation\widgets\city_list_title.dart", "Dart", 0, 20, 0, 0, 0, 0, 0, 0, 0, 0, 0, 0, 4, 24
"d:\projects\flutter\49-mobile-app\lib\features\health_feature\doctor_filter\presentation\widgets\doctor_card.dart", "Dart", 0, 162, 0, 0, 0, 0, 0, 0, 0, 0, 0, 0, 4, 166
"d:\projects\flutter\49-mobile-app\lib\features\health_feature\doctor_filter\presentation\widgets\governorate_list_title.dart", "Dart", 0, 24, 0, 0, 0, 0, 0, 0, 0, 0, 0, 0, 4, 28
"d:\projects\flutter\49-mobile-app\lib\features\health_feature\doctor_filter\presentation\widgets\subcategories_list.dart", "Dart", 0, 32, 0, 0, 0, 0, 0, 0, 0, 0, 0, 0, 3, 35
"d:\projects\flutter\49-mobile-app\lib\features\health_feature\doctor_filter\presentation\widgets\subcategory_list_title.dart", "Dart", 0, 30, 0, 0, 0, 0, 0, 0, 0, 0, 0, 0, 3, 33
"d:\projects\flutter\49-mobile-app\lib\features\health_feature\emergency\data\datasources\emergency_remote_datasource.dart", "Dart", 0, 23, 0, 0, 0, 0, 0, 0, 0, 0, 0, 0, 5, 28
"d:\projects\flutter\49-mobile-app\lib\features\health_feature\emergency\data\repositories\emergency_repo_impl.dart", "Dart", 0, 14, 0, 0, 0, 0, 0, 0, 0, 0, 0, 0, 3, 17
"d:\projects\flutter\49-mobile-app\lib\features\health_feature\emergency\domain\repositories\emergency_repo.dart", "Dart", 0, 6, 0, 0, 0, 0, 0, 0, 0, 0, 0, 0, 2, 8
"d:\projects\flutter\49-mobile-app\lib\features\health_feature\emergency\domain\usecases\book_emergency.dart", "Dart", 0, 26, 0, 0, 0, 0, 0, 0, 0, 0, 0, 0, 5, 31
"d:\projects\flutter\49-mobile-app\lib\features\health_feature\emergency\presentation\cubit\emergency_cubit.dart", "Dart", 0, 76, 0, 0, 0, 0, 0, 0, 0, 0, 0, 0, 13, 89
"d:\projects\flutter\49-mobile-app\lib\features\health_feature\emergency\presentation\cubit\emergency_state.dart", "Dart", 0, 13, 0, 0, 0, 0, 0, 0, 0, 0, 0, 0, 7, 20
"d:\projects\flutter\49-mobile-app\lib\features\health_feature\emergency\presentation\pages\emergnce_view.dart", "Dart", 0, 82, 0, 0, 0, 0, 0, 0, 0, 0, 0, 6, 6, 94
"d:\projects\flutter\49-mobile-app\lib\features\health_feature\emergency\presentation\widgets\subcategories_dropdown.dart", "Dart", 0, 37, 0, 0, 0, 0, 0, 0, 0, 0, 0, 0, 5, 42
"d:\projects\flutter\49-mobile-app\lib\features\health_feature\health\data\datasources\health_remote_datasource.dart", "Dart", 0, 88, 0, 0, 0, 0, 0, 0, 0, 0, 0, 0, 11, 99
"d:\projects\flutter\49-mobile-app\lib\features\health_feature\health\data\models\appointment_booking_model.dart", "Dart", 0, 27, 0, 0, 0, 0, 0, 0, 0, 0, 0, 0, 3, 30
"d:\projects\flutter\49-mobile-app\lib\features\health_feature\health\data\models\category_favorite_model.dart", "Dart", 0, 17, 0, 0, 0, 0, 0, 0, 0, 0, 0, 0, 3, 20
"d:\projects\flutter\49-mobile-app\lib\features\health_feature\health\data\models\filter_option_entity.dart", "Dart", 0, 11, 0, 0, 0, 0, 0, 0, 0, 0, 0, 0, 3, 14
"d:\projects\flutter\49-mobile-app\lib\features\health_feature\health\data\models\health_subcategory_model.dart", "Dart", 0, 18, 0, 0, 0, 0, 0, 0, 0, 0, 0, 0, 3, 21
"d:\projects\flutter\49-mobile-app\lib\features\health_feature\health\data\repositories\health_repo_impl.dart", "Dart", 0, 42, 0, 0, 0, 0, 0, 0, 0, 0, 0, 0, 12, 54
"d:\projects\flutter\49-mobile-app\lib\features\health_feature\health\domain\entities\appointment_booking_entity.dart", "Dart", 0, 68, 0, 0, 0, 0, 0, 0, 0, 0, 0, 0, 7, 75
"d:\projects\flutter\49-mobile-app\lib\features\health_feature\health\domain\entities\favorite_entity.dart", "Dart", 0, 11, 0, 0, 0, 0, 0, 0, 0, 0, 0, 0, 2, 13
"d:\projects\flutter\49-mobile-app\lib\features\health_feature\health\domain\entities\health_subcategory_entity.dart", "Dart", 0, 12, 0, 0, 0, 0, 0, 0, 0, 0, 0, 0, 2, 14
"d:\projects\flutter\49-mobile-app\lib\features\health_feature\health\domain\repositories\health_repo.dart", "Dart", 0, 16, 0, 0, 0, 0, 0, 0, 0, 0, 0, 0, 6, 22
"d:\projects\flutter\49-mobile-app\lib\features\health_feature\health\domain\usecases\get_category_favorite_usecase.dart", "Dart", 0, 15, 0, 0, 0, 0, 0, 0, 0, 0, 0, 0, 3, 18
"d:\projects\flutter\49-mobile-app\lib\features\health_feature\health\domain\usecases\get_health_subcategories.dart", "Dart", 0, 14, 0, 0, 0, 0, 0, 0, 0, 0, 0, 0, 4, 18
"d:\projects\flutter\49-mobile-app\lib\features\health_feature\health\domain\usecases\get_medical_services.dart", "Dart", 0, 14, 0, 0, 0, 0, 0, 0, 0, 0, 0, 0, 4, 18
"d:\projects\flutter\49-mobile-app\lib\features\health_feature\health\domain\usecases\get_my_appointment_bookings_usecase.dart", "Dart", 0, 14, 0, 0, 0, 0, 0, 0, 0, 0, 0, 0, 3, 17
"d:\projects\flutter\49-mobile-app\lib\features\health_feature\health\domain\usecases\get_user_upcoming_appointments.dart", "Dart", 0, 14, 0, 0, 0, 0, 0, 0, 0, 0, 0, 0, 4, 18
"d:\projects\flutter\49-mobile-app\lib\features\health_feature\health\domain\usecases\is_doctor_approval_usecase.dart", "Dart", 0, 12, 0, 0, 0, 0, 0, 0, 0, 0, 0, 0, 4, 16
"d:\projects\flutter\49-mobile-app\lib\features\health_feature\health\domain\usecases\is_doctor_usecase.dart", "Dart", 0, 12, 0, 0, 0, 0, 0, 0, 0, 0, 0, 0, 4, 16
"d:\projects\flutter\49-mobile-app\lib\features\health_feature\health\presentation\controllers\health_cubit\health_cubit.dart", "Dart", 0, 194, 0, 0, 0, 0, 0, 0, 0, 0, 0, 23, 21, 238
"d:\projects\flutter\49-mobile-app\lib\features\health_feature\health\presentation\controllers\health_cubit\health_state.dart", "Dart", 0, 57, 0, 0, 0, 0, 0, 0, 0, 0, 0, 0, 6, 63
"d:\projects\flutter\49-mobile-app\lib\features\health_feature\health\presentation\controllers\shared_data\health_shared_data.dart", "Dart", 0, 8, 0, 0, 0, 0, 0, 0, 0, 0, 0, 0, 4, 12
"d:\projects\flutter\49-mobile-app\lib\features\health_feature\health\presentation\pages\health_view.dart", "Dart", 0, 67, 0, 0, 0, 0, 0, 0, 0, 0, 0, 1, 3, 71
"d:\projects\flutter\49-mobile-app\lib\features\health_feature\health\presentation\widgets\banner.dart", "Dart", 0, 65, 0, 0, 0, 0, 0, 0, 0, 0, 0, 0, 4, 69
"d:\projects\flutter\49-mobile-app\lib\features\health_feature\health\presentation\widgets\booking\bookgins.dart", "Dart", 0, 27, 0, 0, 0, 0, 0, 0, 0, 0, 0, 0, 3, 30
"d:\projects\flutter\49-mobile-app\lib\features\health_feature\health\presentation\widgets\booking\booking_card.dart", "Dart", 0, 83, 0, 0, 0, 0, 0, 0, 0, 0, 0, 0, 4, 87
"d:\projects\flutter\49-mobile-app\lib\features\health_feature\health\presentation\widgets\booking_types\booking_type_card.dart", "Dart", 0, 43, 0, 0, 0, 0, 0, 0, 0, 0, 0, 0, 3, 46
"d:\projects\flutter\49-mobile-app\lib\features\health_feature\health\presentation\widgets\booking_types\booking_types.dart", "Dart", 0, 25, 0, 0, 0, 0, 0, 0, 0, 0, 0, 0, 3, 28
"d:\projects\flutter\49-mobile-app\lib\features\health_feature\health\presentation\widgets\doctor_dashboard_banner.dart", "Dart", 0, 25, 0, 0, 0, 0, 0, 0, 0, 0, 0, 0, 3, 28
"d:\projects\flutter\49-mobile-app\lib\features\health_feature\health\presentation\widgets\medical_services\medical_service_card.dart", "Dart", 0, 124, 0, 0, 0, 0, 0, 0, 0, 0, 0, 0, 4, 128
"d:\projects\flutter\49-mobile-app\lib\features\health_feature\health\presentation\widgets\medical_services\medical_services.dart", "Dart", 0, 48, 0, 0, 0, 0, 0, 0, 0, 0, 0, 0, 3, 51
"d:\projects\flutter\49-mobile-app\lib\features\health_feature\health\presentation\widgets\sub_categories\sub_categories.dart", "Dart", 0, 48, 0, 0, 0, 0, 0, 0, 0, 0, 0, 0, 4, 52
"d:\projects\flutter\49-mobile-app\lib\features\health_feature\health\presentation\widgets\sub_categories\sub_category_card.dart", "Dart", 0, 103, 0, 0, 0, 0, 0, 0, 0, 0, 0, 0, 8, 111
"d:\projects\flutter\49-mobile-app\lib\features\installment_feature\create_installment\data\datasources\create_installment_remote_datasource.dart", "Dart", 0, 22, 0, 0, 0, 0, 0, 0, 0, 0, 0, 0, 5, 27
"d:\projects\flutter\49-mobile-app\lib\features\installment_feature\create_installment\data\repositories\create_installment_repo_impl.dart", "Dart", 0, 14, 0, 0, 0, 0, 0, 0, 0, 0, 0, 0, 5, 19
"d:\projects\flutter\49-mobile-app\lib\features\installment_feature\create_installment\domain\repositories\create_installment_repo.dart", "Dart", 0, 7, 0, 0, 0, 0, 0, 0, 0, 0, 0, 0, 3, 10
"d:\projects\flutter\49-mobile-app\lib\features\installment_feature\create_installment\domain\usecases\create_installment_usecase.dart", "Dart", 0, 15, 0, 0, 0, 0, 0, 0, 0, 0, 0, 0, 4, 19
"d:\projects\flutter\49-mobile-app\lib\features\installment_feature\create_installment\presentation\cubit\create_installment_cubit.dart", "Dart", 0, 54, 0, 0, 0, 0, 0, 0, 0, 0, 0, 1, 10, 65
"d:\projects\flutter\49-mobile-app\lib\features\installment_feature\create_installment\presentation\cubit\create_installment_state.dart", "Dart", 0, 27, 0, 0, 0, 0, 0, 0, 0, 0, 0, 0, 3, 30
"d:\projects\flutter\49-mobile-app\lib\features\installment_feature\create_installment\presentation\pages\create_installment_view.dart", "Dart", 0, 142, 0, 0, 0, 0, 0, 0, 0, 0, 0, 0, 4, 146
"d:\projects\flutter\49-mobile-app\lib\features\installment_feature\installment_details\data\datasources\installment_details_remote_datasource.dart", "Dart", 0, 33, 0, 0, 0, 0, 0, 0, 0, 0, 0, 0, 6, 39
"d:\projects\flutter\49-mobile-app\lib\features\installment_feature\installment_details\data\models\installment_request_model.dart", "Dart", 0, 29, 0, 0, 0, 0, 0, 0, 0, 0, 0, 0, 3, 32
"d:\projects\flutter\49-mobile-app\lib\features\installment_feature\installment_details\data\repositories\installment_details_repo_impl.dart", "Dart", 0, 20, 0, 0, 0, 0, 0, 0, 0, 0, 0, 0, 6, 26
"d:\projects\flutter\49-mobile-app\lib\features\installment_feature\installment_details\domain\entities\installment_request_entity.dart", "Dart", 0, 20, 0, 0, 0, 0, 0, 0, 0, 0, 0, 0, 1, 21
"d:\projects\flutter\49-mobile-app\lib\features\installment_feature\installment_details\domain\repositories\installment_details_repo.dart", "Dart", 0, 10, 0, 0, 0, 0, 0, 0, 0, 0, 0, 0, 3, 13
"d:\projects\flutter\49-mobile-app\lib\features\installment_feature\installment_details\domain\usecases\buy_installment_usecase.dart", "Dart", 0, 13, 0, 0, 0, 0, 0, 0, 0, 0, 0, 0, 4, 17
"d:\projects\flutter\49-mobile-app\lib\features\installment_feature\installment_details\domain\usecases\get_installment_details_usecase.dart", "Dart", 0, 13, 0, 0, 0, 0, 0, 0, 0, 0, 0, 0, 5, 18
"d:\projects\flutter\49-mobile-app\lib\features\installment_feature\installment_details\presentation\cubit\installment_details_cubit.dart", "Dart", 0, 46, 0, 0, 0, 0, 0, 0, 0, 0, 0, 0, 8, 54
"d:\projects\flutter\49-mobile-app\lib\features\installment_feature\installment_details\presentation\cubit\installment_details_state.dart", "Dart", 0, 36, 0, 0, 0, 0, 0, 0, 0, 0, 0, 0, 4, 40
"d:\projects\flutter\49-mobile-app\lib\features\installment_feature\installment_details\presentation\pages\installment_details.dart", "Dart", 0, 284, 0, 0, 0, 0, 0, 0, 0, 0, 0, 0, 13, 297
"d:\projects\flutter\49-mobile-app\lib\features\installment_feature\installment_list\data\datasources\installment_list_remote_datasource.dart", "Dart", 0, 23, 0, 0, 0, 0, 0, 0, 0, 0, 0, 0, 6, 29
"d:\projects\flutter\49-mobile-app\lib\features\installment_feature\installment_list\data\models\installment_model.dart", "Dart", 0, 17, 0, 0, 0, 0, 0, 0, 0, 0, 0, 0, 3, 20
"d:\projects\flutter\49-mobile-app\lib\features\installment_feature\installment_list\data\models\installment_plan_model.dart", "Dart", 0, 23, 0, 0, 0, 0, 0, 0, 0, 0, 0, 0, 2, 25
"d:\projects\flutter\49-mobile-app\lib\features\installment_feature\installment_list\data\repositories\installment_list_repo_impl.dart", "Dart", 0, 13, 0, 0, 0, 0, 0, 0, 0, 0, 0, 0, 5, 18
"d:\projects\flutter\49-mobile-app\lib\features\installment_feature\installment_list\domain\entities\installment_entity.dart", "Dart", 0, 12, 0, 0, 0, 0, 0, 0, 0, 0, 0, 0, 2, 14
"d:\projects\flutter\49-mobile-app\lib\features\installment_feature\installment_list\domain\entities\installment_plan_entity.dart", "Dart", 0, 14, 0, 0, 0, 0, 0, 0, 0, 0, 0, 0, 1, 15
"d:\projects\flutter\49-mobile-app\lib\features\installment_feature\installment_list\domain\repositories\installment_list_repo.dart", "Dart", 0, 6, 0, 0, 0, 0, 0, 0, 0, 0, 0, 0, 3, 9
"d:\projects\flutter\49-mobile-app\lib\features\installment_feature\installment_list\domain\usecases\get_installment_list_usecase.dart", "Dart", 0, 14, 0, 0, 0, 0, 0, 0, 0, 0, 0, 0, 4, 18
"d:\projects\flutter\49-mobile-app\lib\features\installment_feature\installment_list\presentation\cubit\installment_list_cubit.dart", "Dart", 0, 46, 0, 0, 0, 0, 0, 0, 0, 0, 0, 1, 10, 57
"d:\projects\flutter\49-mobile-app\lib\features\installment_feature\installment_list\presentation\cubit\installment_list_state.dart", "Dart", 0, 38, 0, 0, 0, 0, 0, 0, 0, 0, 0, 0, 5, 43
"d:\projects\flutter\49-mobile-app\lib\features\installment_feature\installment_list\presentation\pages\installment_view.dart", "Dart", 0, 165, 0, 0, 0, 0, 0, 0, 0, 0, 0, 21, 7, 193
"d:\projects\flutter\49-mobile-app\lib\features\installment_feature\installment_list\presentation\widgets\installment_ad_card.dart", "Dart", 0, 141, 0, 0, 0, 0, 0, 0, 0, 0, 0, 4, 6, 151
"d:\projects\flutter\49-mobile-app\lib\features\installment_feature\installments\presentation\bloc\installments_bloc.dart", "Dart", 0, 10, 0, 0, 0, 0, 0, 0, 0, 0, 0, 1, 3, 14
"d:\projects\flutter\49-mobile-app\lib\features\installment_feature\installments\presentation\bloc\installments_event.dart", "Dart", 0, 6, 0, 0, 0, 0, 0, 0, 0, 0, 0, 0, 3, 9
"d:\projects\flutter\49-mobile-app\lib\features\installment_feature\installments\presentation\bloc\installments_state.dart", "Dart", 0, 7, 0, 0, 0, 0, 0, 0, 0, 0, 0, 0, 4, 11
"d:\projects\flutter\49-mobile-app\lib\features\installment_feature\installments\presentation\pages\installment_order_details.dart", "Dart", 0, 147, 0, 0, 0, 0, 0, 0, 0, 0, 0, 0, 7, 154
"d:\projects\flutter\49-mobile-app\lib\features\installment_feature\installments\presentation\pages\installment_orders_list.dart", "Dart", 0, 22, 0, 0, 0, 0, 0, 0, 0, 0, 0, 0, 4, 26
"d:\projects\flutter\49-mobile-app\lib\features\installment_feature\installments\presentation\widgets\public\order_card.dart", "Dart", 0, 71, 0, 0, 0, 0, 0, 0, 0, 0, 0, 0, 4, 75
"d:\projects\flutter\49-mobile-app\lib\features\installment_feature\installments\presentation\widgets\public\product_card.dart", "Dart", 0, 47, 0, 0, 0, 0, 0, 0, 0, 0, 0, 0, 4, 51
"d:\projects\flutter\49-mobile-app\lib\features\installment_feature\installments\presentation\widgets\public\vendor_card.dart", "Dart", 0, 25, 0, 0, 0, 0, 0, 0, 0, 0, 0, 0, 4, 29
"d:\projects\flutter\49-mobile-app\lib\features\lucky_wheel\data\data_sources\wheel_remote_data_source.dart", "Dart", 0, 52, 0, 0, 0, 0, 0, 0, 0, 0, 0, 0, 10, 62
"d:\projects\flutter\49-mobile-app\lib\features\lucky_wheel\data\models\wheel_item_model.dart", "Dart", 0, 19, 0, 0, 0, 0, 0, 0, 0, 0, 0, 0, 4, 23
"d:\projects\flutter\49-mobile-app\lib\features\lucky_wheel\data\models\wheel_model.dart", "Dart", 0, 14, 0, 0, 0, 0, 0, 0, 0, 0, 0, 0, 3, 17
"d:\projects\flutter\49-mobile-app\lib\features\lucky_wheel\data\models\wheel_wallet_model.dart", "Dart", 0, 18, 0, 0, 0, 0, 0, 0, 0, 0, 0, 0, 3, 21
"d:\projects\flutter\49-mobile-app\lib\features\lucky_wheel\data\repositories\wheel_repository_impl.dart", "Dart", 0, 23, 0, 0, 0, 0, 0, 0, 0, 0, 0, 0, 7, 30
"d:\projects\flutter\49-mobile-app\lib\features\lucky_wheel\domain\entities\wheel_entity.dart", "Dart", 0, 15, 0, 0, 0, 0, 0, 0, 0, 0, 0, 0, 4, 19
"d:\projects\flutter\49-mobile-app\lib\features\lucky_wheel\domain\entities\wheel_item_entity.dart", "Dart", 0, 21, 0, 0, 0, 0, 0, 0, 0, 0, 0, 0, 4, 25
"d:\projects\flutter\49-mobile-app\lib\features\lucky_wheel\domain\entities\wheel_wallet_entity.dart", "Dart", 0, 23, 0, 0, 0, 0, 0, 0, 0, 0, 0, 0, 4, 27
"d:\projects\flutter\49-mobile-app\lib\features\lucky_wheel\domain\repositories\wheel_repository.dart", "Dart", 0, 10, 0, 0, 0, 0, 0, 0, 0, 0, 0, 0, 2, 12
"d:\projects\flutter\49-mobile-app\lib\features\lucky_wheel\domain\use_cases\get_wheel_use_case.dart", "Dart", 0, 13, 0, 0, 0, 0, 0, 0, 0, 0, 0, 0, 5, 18
"d:\projects\flutter\49-mobile-app\lib\features\lucky_wheel\domain\use_cases\get_wheel_wallet_use_case.dart", "Dart", 0, 13, 0, 0, 0, 0, 0, 0, 0, 0, 0, 0, 5, 18
"d:\projects\flutter\49-mobile-app\lib\features\lucky_wheel\domain\use_cases\spin_wheel_use_case.dart", "Dart", 0, 13, 0, 0, 0, 0, 0, 0, 0, 0, 0, 0, 5, 18
"d:\projects\flutter\49-mobile-app\lib\features\lucky_wheel\presentation\controllers\spin_wheel_cubit\spin_wheel_cubit.dart", "Dart", 0, 94, 0, 0, 0, 0, 0, 0, 0, 0, 0, 0, 9, 103
"d:\projects\flutter\49-mobile-app\lib\features\lucky_wheel\presentation\controllers\wheel_cubit\wheel_cubit.dart", "Dart", 0, 23, 0, 0, 0, 0, 0, 0, 0, 0, 0, 0, 4, 27
"d:\projects\flutter\49-mobile-app\lib\features\lucky_wheel\presentation\controllers\wheel_wallet_cubit\wheel_wallet_cubit.dart", "Dart", 0, 22, 0, 0, 0, 0, 0, 0, 0, 0, 0, 0, 5, 27
"d:\projects\flutter\49-mobile-app\lib\features\lucky_wheel\presentation\pages\lucky_wheel.dart", "Dart", 0, 163, 0, 0, 0, 0, 0, 0, 0, 0, 0, 0, 4, 167
"d:\projects\flutter\49-mobile-app\lib\features\mazadat_feature\auction_details\data\datasources\auction_details_remote_datasource.dart", "Dart", 0, 61, 0, 0, 0, 0, 0, 0, 0, 0, 0, 0, 12, 73
"d:\projects\flutter\49-mobile-app\lib\features\mazadat_feature\auction_details\data\models\bidding_model.dart", "Dart", 0, 16, 0, 0, 0, 0, 0, 0, 0, 0, 0, 0, 2, 18
"d:\projects\flutter\49-mobile-app\lib\features\mazadat_feature\auction_details\data\repositories\auction_details_repo_impl.dart", "Dart", 0, 35, 0, 0, 0, 0, 0, 0, 0, 0, 0, 0, 9, 44
"d:\projects\flutter\49-mobile-app\lib\features\mazadat_feature\auction_details\domain\entities\bidding_entity.dart", "Dart", 0, 16, 0, 0, 0, 0, 0, 0, 0, 0, 0, 0, 3, 19
"d:\projects\flutter\49-mobile-app\lib\features\mazadat_feature\auction_details\domain\repositories\auction_details_repo.dart", "Dart", 0, 15, 0, 0, 0, 0, 0, 0, 0, 0, 0, 0, 3, 18
"d:\projects\flutter\49-mobile-app\lib\features\mazadat_feature\auction_details\domain\usecases\end_auction_usecase.dart", "Dart", 0, 12, 0, 0, 0, 0, 0, 0, 0, 0, 0, 0, 4, 16
"d:\projects\flutter\49-mobile-app\lib\features\mazadat_feature\auction_details\domain\usecases\follow_users_auction_usecase.dart", "Dart", 0, 12, 0, 0, 0, 0, 0, 0, 0, 0, 0, 0, 4, 16
"d:\projects\flutter\49-mobile-app\lib\features\mazadat_feature\auction_details\domain\usecases\get_auction_details_usecase.dart", "Dart", 0, 13, 0, 0, 0, 0, 0, 0, 0, 0, 0, 0, 4, 17
"d:\projects\flutter\49-mobile-app\lib\features\mazadat_feature\auction_details\domain\usecases\get_auction_requests_usecase.dart", "Dart", 0, 13, 0, 0, 0, 0, 0, 0, 0, 0, 0, 0, 3, 16
"d:\projects\flutter\49-mobile-app\lib\features\mazadat_feature\auction_details\domain\usecases\send_bidding_usecase.dart", "Dart", 0, 18, 0, 0, 0, 0, 0, 0, 0, 0, 0, 0, 5, 23
"d:\projects\flutter\49-mobile-app\lib\features\mazadat_feature\auction_details\presentation\cubit\auction_details_cubit.dart", "Dart", 0, 81, 0, 0, 0, 0, 0, 0, 0, 0, 0, 0, 11, 92
"d:\projects\flutter\49-mobile-app\lib\features\mazadat_feature\auction_details\presentation\cubit\auction_details_state.dart", "Dart", 0, 32, 0, 0, 0, 0, 0, 0, 0, 0, 0, 0, 4, 36
"d:\projects\flutter\49-mobile-app\lib\features\mazadat_feature\auction_details\presentation\pages\Mazad_details.dart", "Dart", 0, 226, 0, 0, 0, 0, 0, 0, 0, 0, 0, 0, 10, 236
"d:\projects\flutter\49-mobile-app\lib\features\mazadat_feature\auction_details\presentation\widgets\Biddings.dart", "Dart", 0, 57, 0, 0, 0, 0, 0, 0, 0, 0, 0, 0, 6, 63
"d:\projects\flutter\49-mobile-app\lib\features\mazadat_feature\auction_details\presentation\widgets\DetailsCounterWidget.dart", "Dart", 0, 87, 0, 0, 0, 0, 0, 0, 0, 0, 0, 0, 4, 91
"d:\projects\flutter\49-mobile-app\lib\features\mazadat_feature\auction_details\presentation\widgets\PlaceBidding.dart", "Dart", 0, 139, 0, 0, 0, 0, 0, 0, 0, 0, 0, 0, 10, 149
"d:\projects\flutter\49-mobile-app\lib\features\mazadat_feature\auction_list\data\datasources\auction_list_remote_date_source.dart", "Dart", 0, 25, 0, 0, 0, 0, 0, 0, 0, 0, 0, 0, 3, 28
"d:\projects\flutter\49-mobile-app\lib\features\mazadat_feature\auction_list\data\models\auction_model.dart", "Dart", 0, 39, 0, 0, 0, 0, 0, 0, 0, 0, 0, 0, 3, 42
"d:\projects\flutter\49-mobile-app\lib\features\mazadat_feature\auction_list\data\repositories\auction_list_repo_impl.dart", "Dart", 0, 15, 0, 0, 0, 0, 0, 0, 0, 0, 0, 0, 6, 21
"d:\projects\flutter\49-mobile-app\lib\features\mazadat_feature\auction_list\domain\entities\auction_entity.dart", "Dart", 0, 36, 0, 0, 0, 0, 0, 0, 0, 0, 0, 0, 4, 40
"d:\projects\flutter\49-mobile-app\lib\features\mazadat_feature\auction_list\domain\repositories\auction_list_repo.dart", "Dart", 0, 8, 0, 0, 0, 0, 0, 0, 0, 0, 0, 0, 3, 11
"d:\projects\flutter\49-mobile-app\lib\features\mazadat_feature\auction_list\domain\usecases\get_auction_list_usecase.dart", "Dart", 0, 15, 0, 0, 0, 0, 0, 0, 0, 0, 0, 0, 3, 18
"d:\projects\flutter\49-mobile-app\lib\features\mazadat_feature\auction_list\presentation\cubit\auction_list_cubit.dart", "Dart", 0, 47, 0, 0, 0, 0, 0, 0, 0, 0, 0, 1, 10, 58
"d:\projects\flutter\49-mobile-app\lib\features\mazadat_feature\auction_list\presentation\cubit\auction_list_state.dart", "Dart", 0, 39, 0, 0, 0, 0, 0, 0, 0, 0, 0, 0, 4, 43
"d:\projects\flutter\49-mobile-app\lib\features\mazadat_feature\auction_list\presentation\pages\Mazadat_view.dart", "Dart", 0, 159, 0, 0, 0, 0, 0, 0, 0, 0, 0, 19, 7, 185
"d:\projects\flutter\49-mobile-app\lib\features\mazadat_feature\auction_list\presentation\widgets\auction_card.dart", "Dart", 0, 146, 0, 0, 0, 0, 0, 0, 0, 0, 0, 4, 5, 155
"d:\projects\flutter\49-mobile-app\lib\features\mazadat_feature\create_auction\data\datasources\create_auction_remotedata_source.dart", "Dart", 0, 21, 0, 0, 0, 0, 0, 0, 0, 0, 0, 0, 4, 25
"d:\projects\flutter\49-mobile-app\lib\features\mazadat_feature\create_auction\data\repositories\create_auction_repo_impl.dart", "Dart", 0, 14, 0, 0, 0, 0, 0, 0, 0, 0, 0, 0, 5, 19
"d:\projects\flutter\49-mobile-app\lib\features\mazadat_feature\create_auction\domain\repositories\create_auction_repo.dart", "Dart", 0, 7, 0, 0, 0, 0, 0, 0, 0, 0, 0, 0, 2, 9
"d:\projects\flutter\49-mobile-app\lib\features\mazadat_feature\create_auction\domain\usecases\create_auction_usecase.dart", "Dart", 0, 30, 0, 0, 0, 0, 0, 0, 0, 0, 0, 0, 5, 35
"d:\projects\flutter\49-mobile-app\lib\features\mazadat_feature\create_auction\presentation\cubit\create_auction_cubit.dart", "Dart", 0, 25, 0, 0, 0, 0, 0, 0, 0, 0, 0, 0, 4, 29
"d:\projects\flutter\49-mobile-app\lib\features\mazadat_feature\create_auction\presentation\pages\create_auction_view.dart", "Dart", 0, 72, 0, 0, 0, 0, 0, 0, 0, 0, 0, 0, 4, 76
"d:\projects\flutter\49-mobile-app\lib\features\notifications\data\data_source\notification_data_source.dart", "Dart", 0, 0, 0, 0, 0, 0, 0, 0, 0, 0, 0, 2, 2, 4
"d:\projects\flutter\49-mobile-app\lib\features\notifications\data\data_source\notifications_remote_data_source.dart", "Dart", 0, 166, 0, 0, 0, 0, 0, 0, 0, 0, 0, 1, 22, 189
"d:\projects\flutter\49-mobile-app\lib\features\notifications\data\models\delete_notification_model.dart", "Dart", 0, 14, 0, 0, 0, 0, 0, 0, 0, 0, 0, 0, 3, 17
"d:\projects\flutter\49-mobile-app\lib\features\notifications\data\models\notification_model\metadata.dart", "Dart", 0, 23, 0, 0, 0, 0, 0, 0, 0, 0, 0, 0, 5, 28
"d:\projects\flutter\49-mobile-app\lib\features\notifications\data\models\notification_model\notification_model.dart", "Dart", 0, 117, 0, 0, 0, 0, 0, 0, 0, 0, 0, 0, 7, 124
"d:\projects\flutter\49-mobile-app\lib\features\notifications\data\models\notification_model\receiver_id.dart", "Dart", 0, 20, 0, 0, 0, 0, 0, 0, 0, 0, 0, 0, 5, 25
"d:\projects\flutter\49-mobile-app\lib\features\notifications\data\models\notification_pagination_params_model.dart", "Dart", 0, 74, 0, 0, 0, 0, 0, 0, 0, 0, 0, 0, 6, 80
"d:\projects\flutter\49-mobile-app\lib\features\notifications\data\models\unread_notifications_count_model.dart", "Dart", 0, 27, 0, 0, 0, 0, 0, 0, 0, 0, 0, 0, 5, 32
"d:\projects\flutter\49-mobile-app\lib\features\notifications\data\repository\notification_repo_impl.dart", "Dart", 0, 56, 0, 0, 0, 0, 0, 0, 0, 0, 0, 0, 10, 66
"d:\projects\flutter\49-mobile-app\lib\features\notifications\data\repostiory\notification_repostiory.dart", "Dart", 0, 11, 0, 0, 0, 0, 0, 0, 0, 0, 0, 0, 2, 13
"d:\projects\flutter\49-mobile-app\lib\features\notifications\domain\entities\firebase_notification_entity.dart", "Dart", 0, 47, 0, 0, 0, 0, 0, 0, 0, 0, 0, 12, 7, 66
"d:\projects\flutter\49-mobile-app\lib\features\notifications\domain\entities\notification_entity.dart", "Dart", 0, 38, 0, 0, 0, 0, 0, 0, 0, 0, 0, 4, 2, 44
"d:\projects\flutter\49-mobile-app\lib\features\notifications\domain\entities\unread_notifications_count_entity.dart", "Dart", 0, 12, 0, 0, 0, 0, 0, 0, 0, 0, 0, 1, 1, 14
"d:\projects\flutter\49-mobile-app\lib\features\notifications\domain\repos\notification_repo.dart", "Dart", 0, 24, 0, 0, 0, 0, 0, 0, 0, 0, 0, 0, 4, 28
"d:\projects\flutter\49-mobile-app\lib\features\notifications\domain\usecases\all_notifications_seen_usecase.dart", "Dart", 0, 10, 0, 0, 0, 0, 0, 0, 0, 0, 0, 0, 3, 13
"d:\projects\flutter\49-mobile-app\lib\features\notifications\domain\usecases\delete_all_notifications_usecase.dart", "Dart", 0, 10, 0, 0, 0, 0, 0, 0, 0, 0, 0, 0, 3, 13
"d:\projects\flutter\49-mobile-app\lib\features\notifications\domain\usecases\delete_notification_usecase.dart", "Dart", 0, 10, 0, 0, 0, 0, 0, 0, 0, 0, 0, 0, 3, 13
"d:\projects\flutter\49-mobile-app\lib\features\notifications\domain\usecases\get_notifications_usecase.dart", "Dart", 0, 17, 0, 0, 0, 0, 0, 0, 0, 0, 0, 0, 3, 20
"d:\projects\flutter\49-mobile-app\lib\features\notifications\domain\usecases\get_unread_notifications_usecase.dart", "Dart", 0, 11, 0, 0, 0, 0, 0, 0, 0, 0, 0, 0, 3, 14
"d:\projects\flutter\49-mobile-app\lib\features\notifications\domain\usecases\notificaiton_listener_usecase.dart", "Dart", 0, 10, 0, 0, 0, 0, 0, 0, 0, 0, 0, 0, 4, 14
"d:\projects\flutter\49-mobile-app\lib\features\notifications\domain\usecases\notification_seen_usecase.dart", "Dart", 0, 10, 0, 0, 0, 0, 0, 0, 0, 0, 0, 0, 3, 13
"d:\projects\flutter\49-mobile-app\lib\features\notifications\domain\usecases\set_intercepted_notification_message_usecase.dart", "Dart", 0, 9, 0, 0, 0, 0, 0, 0, 0, 0, 0, 0, 3, 12
"d:\projects\flutter\49-mobile-app\lib\features\notifications\helpers\firebase_notification_helper.dart", "Dart", 0, 73, 0, 0, 0, 0, 0, 0, 0, 0, 0, 10, 13, 96
"d:\projects\flutter\49-mobile-app\lib\features\notifications\helpers\web_socket_helper.dart", "Dart", 0, 51, 0, 0, 0, 0, 0, 0, 0, 0, 0, 16, 13, 80
"d:\projects\flutter\49-mobile-app\lib\features\notifications\presentation\cubit\notifications_cubit.dart", "Dart", 0, 0, 0, 0, 0, 0, 0, 0, 0, 0, 0, 41, 10, 51
"d:\projects\flutter\49-mobile-app\lib\features\notifications\presentation\cubits\all_notifications_seen\all_notfications_seen_cubit.dart", "Dart", 0, 23, 0, 0, 0, 0, 0, 0, 0, 0, 0, 1, 3, 27
"d:\projects\flutter\49-mobile-app\lib\features\notifications\presentation\cubits\all_notifications_seen\all_notfications_seen_state.dart", "Dart", 0, 9, 0, 0, 0, 0, 0, 0, 0, 0, 0, 0, 7, 16
"d:\projects\flutter\49-mobile-app\lib\features\notifications\presentation\cubits\delete_all_notifications\delete_all_notifications_cubit.dart", "Dart", 0, 23, 0, 0, 0, 0, 0, 0, 0, 0, 0, 1, 3, 27
"d:\projects\flutter\49-mobile-app\lib\features\notifications\presentation\cubits\delete_all_notifications\delete_all_notifications_state.dart", "Dart", 0, 9, 0, 0, 0, 0, 0, 0, 0, 0, 0, 0, 7, 16
"d:\projects\flutter\49-mobile-app\lib\features\notifications\presentation\cubits\delete_notification\delete_notification_cubit.dart", "Dart", 0, 26, 0, 0, 0, 0, 0, 0, 0, 0, 0, 1, 3, 30
"d:\projects\flutter\49-mobile-app\lib\features\notifications\presentation\cubits\delete_notification\delete_notification_state.dart", "Dart", 0, 9, 0, 0, 0, 0, 0, 0, 0, 0, 0, 0, 7, 16
"d:\projects\flutter\49-mobile-app\lib\features\notifications\presentation\cubits\firebase_notfications_cubit\firebase_notfications_cubit.dart", "Dart", 0, 14, 0, 0, 0, 0, 0, 0, 0, 0, 0, 1, 4, 19
"d:\projects\flutter\49-mobile-app\lib\features\notifications\presentation\cubits\firebase_notfications_cubit\firebase_notfications_state.dart", "Dart", 0, 3, 0, 0, 0, 0, 0, 0, 0, 0, 0, 0, 3, 6
"d:\projects\flutter\49-mobile-app\lib\features\notifications\presentation\cubits\get_app_notifications\get_app_notifications_cubit.dart", "Dart", 0, 42, 0, 0, 0, 0, 0, 0, 0, 0, 0, 0, 5, 47
"d:\projects\flutter\49-mobile-app\lib\features\notifications\presentation\cubits\get_app_notifications\get_app_notifications_state.dart", "Dart", 0, 12, 0, 0, 0, 0, 0, 0, 0, 0, 0, 0, 8, 20
"d:\projects\flutter\49-mobile-app\lib\features\notifications\presentation\cubits\get_services_notifications\get_services_notifications_cubit.dart", "Dart", 0, 42, 0, 0, 0, 0, 0, 0, 0, 0, 0, 1, 4, 47
"d:\projects\flutter\49-mobile-app\lib\features\notifications\presentation\cubits\get_services_notifications\get_services_notifications_state.dart", "Dart", 0, 16, 0, 0, 0, 0, 0, 0, 0, 0, 0, 0, 8, 24
"d:\projects\flutter\49-mobile-app\lib\features\notifications\presentation\cubits\get_social_notifications\get_social_notifications_cubit.dart", "Dart", 0, 41, 0, 0, 0, 0, 0, 0, 0, 0, 0, 0, 3, 44
"d:\projects\flutter\49-mobile-app\lib\features\notifications\presentation\cubits\get_social_notifications\get_social_notifications_state.dart", "Dart", 0, 12, 0, 0, 0, 0, 0, 0, 0, 0, 0, 0, 8, 20
"d:\projects\flutter\49-mobile-app\lib\features\notifications\presentation\cubits\get_unread_notifications_count\get_unread_notifications_count_cubit.dart", "Dart", 0, 27, 0, 0, 0, 0, 0, 0, 0, 0, 0, 1, 5, 33
"d:\projects\flutter\49-mobile-app\lib\features\notifications\presentation\cubits\get_unread_notifications_count\get_unread_notifications_count_state.dart", "Dart", 0, 16, 0, 0, 0, 0, 0, 0, 0, 0, 0, 0, 8, 24
"d:\projects\flutter\49-mobile-app\lib\features\notifications\presentation\cubits\notification_seen\notification_seen_cubit.dart", "Dart", 0, 23, 0, 0, 0, 0, 0, 0, 0, 0, 0, 1, 4, 28
"d:\projects\flutter\49-mobile-app\lib\features\notifications\presentation\cubits\notification_seen\notification_seen_state.dart", "Dart", 0, 9, 0, 0, 0, 0, 0, 0, 0, 0, 0, 0, 7, 16
"d:\projects\flutter\49-mobile-app\lib\features\notifications\presentation\cubits\notification_socket_io\notification_socket_io_cubit.dart", "Dart", 0, 87, 0, 0, 0, 0, 0, 0, 0, 0, 0, 0, 6, 93
"d:\projects\flutter\49-mobile-app\lib\features\notifications\presentation\cubits\notification_socket_io\notification_socket_io_state.dart", "Dart", 0, 12, 0, 0, 0, 0, 0, 0, 0, 0, 0, 0, 7, 19
"d:\projects\flutter\49-mobile-app\lib\features\notifications\presentation\pages\notification_view.dart", "Dart", 0, 135, 0, 0, 0, 0, 0, 0, 0, 0, 0, 2, 5, 142
"d:\projects\flutter\49-mobile-app\lib\features\notifications\presentation\widgets\app_icon_builder.dart", "Dart", 0, 27, 0, 0, 0, 0, 0, 0, 0, 0, 0, 0, 4, 31
"d:\projects\flutter\49-mobile-app\lib\features\notifications\presentation\widgets\app_notification_builder.dart", "Dart", 0, 157, 0, 0, 0, 0, 0, 0, 0, 0, 0, 0, 9, 166
"d:\projects\flutter\49-mobile-app\lib\features\notifications\presentation\widgets\icon_with_view_count.dart", "Dart", 0, 33, 0, 0, 0, 0, 0, 0, 0, 0, 0, 0, 3, 36
"d:\projects\flutter\49-mobile-app\lib\features\notifications\presentation\widgets\no_notifications_widget.dart", "Dart", 0, 16, 0, 0, 0, 0, 0, 0, 0, 0, 0, 0, 3, 19
"d:\projects\flutter\49-mobile-app\lib\features\notifications\presentation\widgets\notification_card.dart", "Dart", 0, 200, 0, 0, 0, 0, 0, 0, 0, 0, 0, 3, 9, 212
"d:\projects\flutter\49-mobile-app\lib\features\notifications\presentation\widgets\notification_card_loading.dart", "Dart", 0, 87, 0, 0, 0, 0, 0, 0, 0, 0, 0, 0, 8, 95
"d:\projects\flutter\49-mobile-app\lib\features\notifications\presentation\widgets\notification_snackbar.dart", "Dart", 0, 33, 0, 0, 0, 0, 0, 0, 0, 0, 0, 0, 3, 36
"d:\projects\flutter\49-mobile-app\lib\features\notifications\presentation\widgets\see_and_clear_buttons.dart", "Dart", 0, 53, 0, 0, 0, 0, 0, 0, 0, 0, 0, 0, 2, 55
"d:\projects\flutter\49-mobile-app\lib\features\notifications\presentation\widgets\services_icon_builder.dart", "Dart", 0, 27, 0, 0, 0, 0, 0, 0, 0, 0, 0, 0, 5, 32
"d:\projects\flutter\49-mobile-app\lib\features\notifications\presentation\widgets\services_notification_builder.dart", "Dart", 0, 162, 0, 0, 0, 0, 0, 0, 0, 0, 0, 2, 9, 173
"d:\projects\flutter\49-mobile-app\lib\features\notifications\presentation\widgets\social_icon_builder.dart", "Dart", 0, 29, 0, 0, 0, 0, 0, 0, 0, 0, 0, 0, 4, 33
"d:\projects\flutter\49-mobile-app\lib\features\notifications\presentation\widgets\social_notification_builder.dart", "Dart", 0, 158, 0, 0, 0, 0, 0, 0, 0, 0, 0, 0, 9, 167
"d:\projects\flutter\49-mobile-app\lib\features\payment\data\data_source\cache_out\payment_cache_out_data_source.dart", "Dart", 0, 122, 0, 0, 0, 0, 0, 0, 0, 0, 0, 0, 11, 133
"d:\projects\flutter\49-mobile-app\lib\features\payment\data\data_source\payment_provider_data_source.dart", "Dart", 0, 244, 0, 0, 0, 0, 0, 0, 0, 0, 0, 0, 20, 264
"d:\projects\flutter\49-mobile-app\lib\features\payment\data\models\cache_out_model\list_bank_model.dart", "Dart", 0, 16, 0, 0, 0, 0, 0, 0, 0, 0, 0, 0, 3, 19
"d:\projects\flutter\49-mobile-app\lib\features\payment\data\models\cache_out_model\payout_method_model.dart", "Dart", 0, 14, 0, 0, 0, 0, 0, 0, 0, 0, 0, 0, 3, 17
"d:\projects\flutter\49-mobile-app\lib\features\payment\data\models\cache_out_model\price_yellow_card_model.dart", "Dart", 0, 10, 0, 0, 0, 0, 0, 0, 0, 0, 0, 0, 3, 13
"d:\projects\flutter\49-mobile-app\lib\features\payment\data\models\card_token_data_model.dart", "Dart", 0, 29, 0, 0, 0, 0, 0, 0, 0, 0, 0, 0, 5, 34
"d:\projects\flutter\49-mobile-app\lib\features\payment\data\models\fawry_delete_card_model.dart", "Dart", 0, 46, 0, 0, 0, 0, 0, 0, 0, 0, 0, 0, 7, 53
"d:\projects\flutter\49-mobile-app\lib\features\payment\data\models\fawry_pay_with_card_model.dart", "Dart", 0, 46, 0, 0, 0, 0, 0, 0, 0, 0, 0, 0, 7, 53
"d:\projects\flutter\49-mobile-app\lib\features\payment\data\models\fawry_save_card_token_model.dart", "Dart", 0, 32, 0, 0, 0, 0, 0, 0, 0, 0, 0, 0, 4, 36
"d:\projects\flutter\49-mobile-app\lib\features\payment\data\models\fawry_save_card_token_response_model.dart", "Dart", 0, 26, 0, 0, 0, 0, 0, 0, 0, 0, 0, 0, 5, 31
"d:\projects\flutter\49-mobile-app\lib\features\payment\data\models\fawry_saved_card_model.dart", "Dart", 0, 61, 0, 0, 0, 0, 0, 0, 0, 0, 0, 0, 5, 66
"d:\projects\flutter\49-mobile-app\lib\features\payment\data\models\instapay_cache_out_model.dart", "Dart", 0, 26, 0, 0, 0, 0, 0, 0, 0, 0, 0, 0, 3, 29
"d:\projects\flutter\49-mobile-app\lib\features\payment\data\models\instapay_model.dart", "Dart", 0, 62, 0, 0, 0, 0, 0, 0, 0, 0, 0, 0, 7, 69
"d:\projects\flutter\49-mobile-app\lib\features\payment\data\models\multi_payment_response_model.dart", "Dart", 0, 91, 0, 0, 0, 0, 0, 0, 0, 0, 0, 0, 7, 98
"d:\projects\flutter\49-mobile-app\lib\features\payment\data\models\mutli_payment_model.dart", "Dart", 0, 22, 0, 0, 0, 0, 0, 0, 0, 0, 0, 0, 4, 26
"d:\projects\flutter\49-mobile-app\lib\features\payment\data\models\pay_with_token_model.dart", "Dart", 0, 59, 0, 0, 0, 0, 0, 0, 0, 0, 0, 0, 5, 64
"d:\projects\flutter\49-mobile-app\lib\features\payment\data\models\payment_provider_model.dart", "Dart", 0, 41, 0, 0, 0, 0, 0, 0, 0, 0, 0, 0, 5, 46
"d:\projects\flutter\49-mobile-app\lib\features\payment\data\models\paymob_model.dart", "Dart", 0, 5, 0, 0, 0, 0, 0, 0, 0, 0, 0, 0, 2, 7
"d:\projects\flutter\49-mobile-app\lib\features\payment\data\repositories\cache_out\payment_cache_out_repository_impl.dart", "Dart", 0, 46, 0, 0, 0, 0, 0, 0, 0, 0, 0, 0, 11, 57
"d:\projects\flutter\49-mobile-app\lib\features\payment\data\repositories\payment_provider_repository_impl.dart", "Dart", 0, 71, 0, 0, 0, 0, 0, 0, 0, 0, 0, 0, 13, 84
"d:\projects\flutter\49-mobile-app\lib\features\payment\domain\entities\cache_out_entity\list_bank_entity.dart", "Dart", 0, 11, 0, 0, 0, 0, 0, 0, 0, 0, 0, 0, 2, 13
"d:\projects\flutter\49-mobile-app\lib\features\payment\domain\entities\cache_out_entity\payout_method_entity.dart", "Dart", 0, 9, 0, 0, 0, 0, 0, 0, 0, 0, 0, 0, 2, 11
"d:\projects\flutter\49-mobile-app\lib\features\payment\domain\entities\cache_out_entity\price_yellow_card_entity.dart", "Dart", 0, 6, 0, 0, 0, 0, 0, 0, 0, 0, 0, 0, 2, 8
"d:\projects\flutter\49-mobile-app\lib\features\payment\domain\entities\fawry_card_token_response_entity.dart", "Dart", 0, 22, 0, 0, 0, 0, 0, 0, 0, 0, 0, 0, 4, 26
"d:\projects\flutter\49-mobile-app\lib\features\payment\domain\entities\fawry_delete_card_entity.dart", "Dart", 0, 22, 0, 0, 0, 0, 0, 0, 0, 0, 0, 0, 4, 26
"d:\projects\flutter\49-mobile-app\lib\features\payment\domain\entities\fawry_multi_payment_entity.dart", "Dart", 0, 10, 0, 0, 0, 0, 0, 0, 0, 0, 0, 0, 2, 12
"d:\projects\flutter\49-mobile-app\lib\features\payment\domain\entities\fawry_multi_payment_response.dart", "Dart", 0, 27, 0, 0, 0, 0, 0, 0, 0, 0, 0, 0, 5, 32
"d:\projects\flutter\49-mobile-app\lib\features\payment\domain\entities\fawry_pay_with_card_entity.dart", "Dart", 0, 32, 0, 0, 0, 0, 0, 0, 0, 0, 0, 0, 6, 38
"d:\projects\flutter\49-mobile-app\lib\features\payment\domain\entities\fawry_pay_with_token.dart", "Dart", 0, 50, 0, 0, 0, 0, 0, 0, 0, 0, 0, 0, 4, 54
"d:\projects\flutter\49-mobile-app\lib\features\payment\domain\entities\fawry_save_card_token_entity.dart", "Dart", 0, 14, 0, 0, 0, 0, 0, 0, 0, 0, 0, 0, 2, 16
"d:\projects\flutter\49-mobile-app\lib\features\payment\domain\entities\fawry_save_card_token_response_entity.dart", "Dart", 0, 115, 0, 0, 0, 0, 0, 0, 0, 0, 0, 0, 10, 125
"d:\projects\flutter\49-mobile-app\lib\features\payment\domain\entities\fawry_saved_cards_entity.dart", "Dart", 0, 28, 0, 0, 0, 0, 0, 0, 0, 0, 0, 0, 2, 30
"d:\projects\flutter\49-mobile-app\lib\features\payment\domain\entities\instapay_cache_out_entity.dart", "Dart", 0, 21, 0, 0, 0, 0, 0, 0, 0, 0, 0, 0, 2, 23
"d:\projects\flutter\49-mobile-app\lib\features\payment\domain\entities\instapay_entity.dart", "Dart", 0, 58, 0, 0, 0, 0, 0, 0, 0, 0, 0, 0, 8, 66
"d:\projects\flutter\49-mobile-app\lib\features\payment\domain\entities\payment_provider_entity.dart", "Dart", 0, 36, 0, 0, 0, 0, 0, 0, 0, 0, 0, 0, 4, 40
"d:\projects\flutter\49-mobile-app\lib\features\payment\domain\entities\paymob_entity.dart", "Dart", 0, 10, 0, 0, 0, 0, 0, 0, 0, 0, 0, 0, 2, 12
"d:\projects\flutter\49-mobile-app\lib\features\payment\domain\repositories\cache_out\payment_cache_out_repository.dart", "Dart", 0, 21, 0, 0, 0, 0, 0, 0, 0, 0, 0, 0, 4, 25
"d:\projects\flutter\49-mobile-app\lib\features\payment\domain\repositories\payment_provider_repository.dart", "Dart", 0, 36, 0, 0, 0, 0, 0, 0, 0, 0, 0, 0, 3, 39
"d:\projects\flutter\49-mobile-app\lib\features\payment\domain\use_cases\cache_out\fetch_all_bank_use_case.dart", "Dart", 0, 13, 0, 0, 0, 0, 0, 0, 0, 0, 0, 0, 4, 17
"d:\projects\flutter\49-mobile-app\lib\features\payment\domain\use_cases\cache_out\fetch_price_yellow_use_case.dart", "Dart", 0, 13, 0, 0, 0, 0, 0, 0, 0, 0, 0, 0, 4, 17
"d:\projects\flutter\49-mobile-app\lib\features\payment\domain\use_cases\cache_out\instapay_cache_out_use_case.dart", "Dart", 0, 37, 0, 0, 0, 0, 0, 0, 0, 0, 0, 0, 7, 44
"d:\projects\flutter\49-mobile-app\lib\features\payment\domain\use_cases\cache_out\pay_out_request_use_case.dart", "Dart", 0, 33, 0, 0, 0, 0, 0, 0, 0, 0, 0, 0, 7, 40
"d:\projects\flutter\49-mobile-app\lib\features\payment\domain\use_cases\cache_out\payout_method_use_case.dart", "Dart", 0, 13, 0, 0, 0, 0, 0, 0, 0, 0, 0, 0, 4, 17
"d:\projects\flutter\49-mobile-app\lib\features\payment\domain\use_cases\cache_out\request_instapay_use_case.dart", "Dart", 0, 42, 0, 0, 0, 0, 0, 0, 0, 0, 0, 0, 7, 49
"d:\projects\flutter\49-mobile-app\lib\features\payment\domain\use_cases\cache_out\request_yellow_card_use_case.dart", "Dart", 0, 32, 0, 0, 0, 0, 0, 0, 0, 0, 0, 0, 7, 39
"d:\projects\flutter\49-mobile-app\lib\features\payment\domain\use_cases\delete_card_use_case.dart", "Dart", 0, 13, 0, 0, 0, 0, 0, 0, 0, 0, 0, 0, 4, 17
"d:\projects\flutter\49-mobile-app\lib\features\payment\domain\use_cases\fawry_card_use_case.dart", "Dart", 0, 32, 0, 0, 0, 0, 0, 0, 0, 0, 0, 0, 6, 38
"d:\projects\flutter\49-mobile-app\lib\features\payment\domain\use_cases\fawry_save_card_token_use_case.dart", "Dart", 0, 29, 0, 0, 0, 0, 0, 0, 0, 0, 0, 0, 6, 35
"d:\projects\flutter\49-mobile-app\lib\features\payment\domain\use_cases\fawry_saved_cards_use_case.dart", "Dart", 0, 13, 0, 0, 0, 0, 0, 0, 0, 0, 0, 0, 4, 17
"d:\projects\flutter\49-mobile-app\lib\features\payment\domain\use_cases\get_payment_provider_use_case.dart", "Dart", 0, 15, 0, 0, 0, 0, 0, 0, 0, 0, 0, 0, 3, 18
"d:\projects\flutter\49-mobile-app\lib\features\payment\domain\use_cases\insta_pay_use_case.dart", "Dart", 0, 14, 0, 0, 0, 0, 0, 0, 0, 0, 0, 0, 4, 18
"d:\projects\flutter\49-mobile-app\lib\features\payment\domain\use_cases\multi_payment_use_case.dart", "Dart", 0, 25, 0, 0, 0, 0, 0, 0, 0, 0, 0, 0, 7, 32
"d:\projects\flutter\49-mobile-app\lib\features\payment\domain\use_cases\pay_with_token_use_case.dart", "Dart", 0, 22, 0, 0, 0, 0, 0, 0, 0, 0, 0, 0, 4, 26
"d:\projects\flutter\49-mobile-app\lib\features\payment\domain\use_cases\paymob_use_case.dart", "Dart", 0, 21, 0, 0, 0, 0, 0, 0, 0, 0, 0, 0, 4, 25
"d:\projects\flutter\49-mobile-app\lib\features\payment\presentation\cache_out_cubit\payment_cubit.dart", "Dart", 0, 192, 0, 0, 0, 0, 0, 0, 0, 0, 0, 3, 24, 219
"d:\projects\flutter\49-mobile-app\lib\features\payment\presentation\cache_out_cubit\payment_state.dart", "Dart", 0, 62, 0, 0, 0, 0, 0, 0, 0, 0, 0, 0, 5, 67
"d:\projects\flutter\49-mobile-app\lib\features\payment\presentation\cubit\payment_cubit.dart", "Dart", 0, 280, 0, 0, 0, 0, 0, 0, 0, 0, 0, 8, 33, 321
"d:\projects\flutter\49-mobile-app\lib\features\payment\presentation\cubit\payment_state.dart", "Dart", 0, 72, 0, 0, 0, 0, 0, 0, 0, 0, 0, 0, 4, 76
"d:\projects\flutter\49-mobile-app\lib\features\payment\presentation\pages\payment_cash_out.dart", "Dart", 0, 221, 0, 0, 0, 0, 0, 0, 0, 0, 0, 7, 17, 245
"d:\projects\flutter\49-mobile-app\lib\features\payment\presentation\pages\payment_view.dart", "Dart", 0, 320, 0, 0, 0, 0, 0, 0, 0, 0, 0, 1, 19, 340
"d:\projects\flutter\49-mobile-app\lib\features\payment\presentation\pages\widgets\payment_fawry.dart", "Dart", 0, 229, 0, 0, 0, 0, 0, 0, 0, 0, 0, 4, 8, 241
"d:\projects\flutter\49-mobile-app\lib\features\payment\presentation\pages\widgets\payment_fawry_widget.dart", "Dart", 0, 834, 0, 0, 0, 0, 0, 0, 0, 0, 0, 8, 38, 880
"d:\projects\flutter\49-mobile-app\lib\features\payment\presentation\pages\widgets\payment_instapay.dart", "Dart", 0, 462, 0, 0, 0, 0, 0, 0, 0, 0, 0, 5, 18, 485
"d:\projects\flutter\49-mobile-app\lib\features\payment\presentation\pages\widgets\payment_yellow_card.dart", "Dart", 0, 474, 0, 0, 0, 0, 0, 0, 0, 0, 0, 23, 8, 505
"d:\projects\flutter\49-mobile-app\lib\features\quraan\data\data_sources\quran_remote_data_source.dart", "Dart", 0, 48, 0, 0, 0, 0, 0, 0, 0, 0, 0, 0, 6, 54
"d:\projects\flutter\49-mobile-app\lib\features\quraan\data\model\quran_surah_model.dart", "Dart", 0, 10, 0, 0, 0, 0, 0, 0, 0, 0, 0, 0, 3, 13
"d:\projects\flutter\49-mobile-app\lib\features\quraan\data\model\surah_model.dart", "Dart", 0, 24, 0, 0, 0, 0, 0, 0, 0, 0, 0, 0, 3, 27
"d:\projects\flutter\49-mobile-app\lib\features\quraan\data\repository\quran_repository_impl.dart", "Dart", 0, 20, 0, 0, 0, 0, 0, 0, 0, 0, 0, 0, 4, 24
"d:\projects\flutter\49-mobile-app\lib\features\quraan\domain\entity\quran_surah_entity.dart", "Dart", 0, 5, 0, 0, 0, 0, 0, 0, 0, 0, 0, 0, 2, 7
"d:\projects\flutter\49-mobile-app\lib\features\quraan\domain\entity\surah.dart", "Dart", 0, 24, 0, 0, 0, 0, 0, 0, 0, 0, 0, 0, 1, 25
"d:\projects\flutter\49-mobile-app\lib\features\quraan\domain\entity\surah_entity.dart", "Dart", 0, 19, 0, 0, 0, 0, 0, 0, 0, 0, 0, 0, 2, 21
"d:\projects\flutter\49-mobile-app\lib\features\quraan\domain\repository\quran_repository.dart", "Dart", 0, 10, 0, 0, 0, 0, 0, 0, 0, 0, 0, 0, 2, 12
"d:\projects\flutter\49-mobile-app\lib\features\quraan\domain\use_case\fetch_quran_surah_use_case.dart", "Dart", 0, 22, 0, 0, 0, 0, 0, 0, 0, 0, 0, 0, 5, 27
"d:\projects\flutter\49-mobile-app\lib\features\quraan\domain\use_case\fetch_surah_use_case.dart", "Dart", 0, 13, 0, 0, 0, 0, 0, 0, 0, 0, 0, 0, 3, 16
"d:\projects\flutter\49-mobile-app\lib\features\quraan\presentation\cubit\quraan_cubit.dart", "Dart", 0, 65, 0, 0, 0, 0, 0, 0, 0, 0, 0, 1, 9, 75
"d:\projects\flutter\49-mobile-app\lib\features\quraan\presentation\cubit\quraan_state.dart", "Dart", 0, 28, 0, 0, 0, 0, 0, 0, 0, 0, 0, 0, 5, 33
"d:\projects\flutter\49-mobile-app\lib\features\quraan\presentation\pages\quraan_view.dart", "Dart", 0, 118, 0, 0, 0, 0, 0, 0, 0, 0, 0, 8, 4, 130
"d:\projects\flutter\49-mobile-app\lib\features\quraan\presentation\pages\quran_details.dart", "Dart", 0, 296, 0, 0, 0, 0, 0, 0, 0, 0, 0, 51, 18, 365
"d:\projects\flutter\49-mobile-app\lib\features\quraan\presentation\pages\quran_page.dart", "Dart", 0, 236, 0, 0, 0, 0, 0, 0, 0, 0, 0, 14, 21, 271
"d:\projects\flutter\49-mobile-app\lib\features\quraan\presentation\pages\widget\basmallah.dart", "Dart", 0, 28, 0, 0, 0, 0, 0, 0, 0, 0, 0, 0, 4, 32
"d:\projects\flutter\49-mobile-app\lib\features\quraan\presentation\pages\widget\header_widget.dart", "Dart", 0, 55, 0, 0, 0, 0, 0, 0, 0, 0, 0, 1, 6, 62
"d:\projects\flutter\49-mobile-app\lib\features\register\driver_register\data\datasources\rider_register_remote_data_source.dart", "Dart", 0, 60, 0, 0, 0, 0, 0, 0, 0, 0, 0, 0, 8, 68
"d:\projects\flutter\49-mobile-app\lib\features\register\driver_register\data\models\rider_info_model.dart", "Dart", 0, 27, 0, 0, 0, 0, 0, 0, 0, 0, 0, 0, 2, 29
"d:\projects\flutter\49-mobile-app\lib\features\register\driver_register\data\repositories\rider_register_repo_impl.dart", "Dart", 0, 22, 0, 0, 0, 0, 0, 0, 0, 0, 0, 3, 9, 34
"d:\projects\flutter\49-mobile-app\lib\features\register\driver_register\domain\entities\rider_info_entity.dart", "Dart", 0, 13, 0, 0, 0, 0, 0, 0, 0, 0, 0, 0, 2, 15
"d:\projects\flutter\49-mobile-app\lib\features\register\driver_register\domain\repositories\rider_register_repo.dart", "Dart", 0, 14, 0, 0, 0, 0, 0, 0, 0, 0, 0, 0, 4, 18
"d:\projects\flutter\49-mobile-app\lib\features\register\driver_register\presentation\cubit\driver_register_cubit.dart", "Dart", 0, 110, 0, 0, 0, 0, 0, 0, 0, 0, 0, 6, 14, 130
"d:\projects\flutter\49-mobile-app\lib\features\register\driver_register\presentation\cubit\driver_register_state.dart", "Dart", 0, 51, 0, 0, 0, 0, 0, 0, 0, 0, 0, 0, 5, 56
"d:\projects\flutter\49-mobile-app\lib\features\register\driver_register\presentation\pages\driver_register_view.dart", "Dart", 0, 63, 0, 0, 0, 0, 0, 0, 0, 0, 0, 1, 7, 71
"d:\projects\flutter\49-mobile-app\lib\features\register\driver_register\presentation\pages\taps\choose_register_subcategories.dart", "Dart", 0, 39, 0, 0, 0, 0, 0, 0, 0, 0, 0, 0, 4, 43
"d:\projects\flutter\49-mobile-app\lib\features\register\driver_register\presentation\pages\taps\enter_car_info.dart", "Dart", 0, 145, 0, 0, 0, 0, 0, 0, 0, 0, 0, 3, 8, 156
"d:\projects\flutter\49-mobile-app\lib\features\register\driver_register\presentation\pages\taps\enter_personal_info.dart", "Dart", 0, 165, 0, 0, 0, 0, 0, 0, 0, 0, 0, 3, 10, 178
"d:\projects\flutter\49-mobile-app\lib\features\register\driver_register\presentation\pages\taps\thank_you.dart", "Dart", 0, 44, 0, 0, 0, 0, 0, 0, 0, 0, 0, 0, 4, 48
"d:\projects\flutter\49-mobile-app\lib\features\register\driver_register\presentation\pages\taps\upload_car_license_images.dart", "Dart", 0, 48, 0, 0, 0, 0, 0, 0, 0, 0, 0, 0, 3, 51
"d:\projects\flutter\49-mobile-app\lib\features\register\driver_register\presentation\pages\taps\upload_national_id.dart", "Dart", 0, 43, 0, 0, 0, 0, 0, 0, 0, 0, 0, 0, 3, 46
"d:\projects\flutter\49-mobile-app\lib\features\register\driver_register\presentation\widgets\upload_image.dart", "Dart", 0, 44, 0, 0, 0, 0, 0, 0, 0, 0, 0, 0, 4, 48
"d:\projects\flutter\49-mobile-app\lib\features\requests_history\data\datasources\request_history_remote_data_source.dart", "Dart", 0, 71, 0, 0, 0, 0, 0, 0, 0, 0, 0, 18, 8, 97
"d:\projects\flutter\49-mobile-app\lib\features\requests_history\data\models\address_model.dart", "Dart", 0, 26, 0, 0, 0, 0, 0, 0, 0, 0, 0, 0, 2, 28
"d:\projects\flutter\49-mobile-app\lib\features\requests_history\data\models\call_model.dart", "Dart", 0, 21, 0, 0, 0, 0, 0, 0, 0, 0, 0, 0, 4, 25
"d:\projects\flutter\49-mobile-app\lib\features\requests_history\data\models\driver_model.dart", "Dart", 0, 41, 0, 0, 0, 0, 0, 0, 0, 0, 0, 0, 4, 45
"d:\projects\flutter\49-mobile-app\lib\features\requests_history\data\models\food_order_model.dart", "Dart", 0, 21, 0, 0, 0, 0, 0, 0, 0, 0, 0, 0, 3, 24
"d:\projects\flutter\49-mobile-app\lib\features\requests_history\data\models\offer_model.dart", "Dart", 0, 45, 0, 0, 0, 0, 0, 0, 0, 0, 0, 0, 4, 49
"d:\projects\flutter\49-mobile-app\lib\features\requests_history\data\models\shipping_request_model\driver_id.dart", "Dart", 0, 88, 0, 0, 0, 0, 0, 0, 0, 0, 0, 0, 4, 92
"d:\projects\flutter\49-mobile-app\lib\features\requests_history\data\models\shipping_request_model\driver_ratings_virtual.dart", "Dart", 0, 57, 0, 0, 0, 0, 0, 0, 0, 0, 0, 0, 5, 62
"d:\projects\flutter\49-mobile-app\lib\features\requests_history\data\models\shipping_request_model\is_user_rate.dart", "Dart", 0, 24, 0, 0, 0, 0, 0, 0, 0, 0, 0, 0, 4, 28
"d:\projects\flutter\49-mobile-app\lib\features\requests_history\data\models\shipping_request_model\rate.dart", "Dart", 0, 16, 0, 0, 0, 0, 0, 0, 0, 0, 0, 0, 4, 20
"d:\projects\flutter\49-mobile-app\lib\features\requests_history\data\models\shipping_request_model\shipping_request_model.dart", "Dart", 0, 54, 0, 0, 0, 0, 0, 0, 0, 0, 0, 0, 2, 56
"d:\projects\flutter\49-mobile-app\lib\features\requests_history\data\models\trip_model.dart", "Dart", 0, 73, 0, 0, 0, 0, 0, 0, 0, 0, 0, 0, 5, 78
"d:\projects\flutter\49-mobile-app\lib\features\requests_history\data\repositories\history_ride_repo_impl.dart", "Dart", 0, 44, 0, 0, 0, 0, 0, 0, 0, 0, 0, 0, 9, 53
"d:\projects\flutter\49-mobile-app\lib\features\requests_history\domain\entities\address_entity.dart", "Dart", 0, 21, 0, 0, 0, 0, 0, 0, 0, 0, 0, 0, 2, 23
"d:\projects\flutter\49-mobile-app\lib\features\requests_history\domain\entities\driver_entity.dart", "Dart", 0, 23, 0, 0, 0, 0, 0, 0, 0, 0, 0, 0, 3, 26
"d:\projects\flutter\49-mobile-app\lib\features\requests_history\domain\entities\food_order_entity.dart", "Dart", 0, 17, 0, 0, 0, 0, 0, 0, 0, 0, 0, 0, 4, 21
"d:\projects\flutter\49-mobile-app\lib\features\requests_history\domain\entities\shipping_request_entity.dart", "Dart", 0, 47, 0, 0, 0, 0, 0, 0, 0, 0, 0, 0, 4, 51
"d:\projects\flutter\49-mobile-app\lib\features\requests_history\domain\entities\trip_entity.dart", "Dart", 0, 40, 0, 0, 0, 0, 0, 0, 0, 0, 0, 0, 4, 44
"d:\projects\flutter\49-mobile-app\lib\features\requests_history\domain\repositories\history_ride_repo.dart", "Dart", 0, 18, 0, 0, 0, 0, 0, 0, 0, 0, 0, 0, 3, 21
"d:\projects\flutter\49-mobile-app\lib\features\requests_history\domain\usecases\get_food_history_usecase.dart", "Dart", 0, 13, 0, 0, 0, 0, 0, 0, 0, 0, 0, 0, 4, 17
"d:\projects\flutter\49-mobile-app\lib\features\requests_history\domain\usecases\get_history_ride_use_case.dart", "Dart", 0, 13, 0, 0, 0, 0, 0, 0, 0, 0, 0, 0, 4, 17
"d:\projects\flutter\49-mobile-app\lib\features\requests_history\domain\usecases\get_shipping_requests_usecase.dart", "Dart", 0, 14, 0, 0, 0, 0, 0, 0, 0, 0, 0, 0, 4, 18
"d:\projects\flutter\49-mobile-app\lib\features\requests_history\presentation\cubit\get_shipping_request_cubit.dart", "Dart", 0, 27, 0, 0, 0, 0, 0, 0, 0, 0, 0, 0, 3, 30
"d:\projects\flutter\49-mobile-app\lib\features\requests_history\presentation\cubit\ratin_state.dart", "Dart", 0, 8, 0, 0, 0, 0, 0, 0, 0, 0, 0, 0, 6, 14
"d:\projects\flutter\49-mobile-app\lib\features\requests_history\presentation\cubit\rating_cubit.dart", "Dart", 0, 42, 0, 0, 0, 0, 0, 0, 0, 0, 0, 0, 3, 45
"d:\projects\flutter\49-mobile-app\lib\features\requests_history\presentation\cubit\request_history_cubit.dart", "Dart", 0, 62, 0, 0, 0, 0, 0, 0, 0, 0, 0, 0, 10, 72
"d:\projects\flutter\49-mobile-app\lib\features\requests_history\presentation\cubit\request_history_state.dart", "Dart", 0, 39, 0, 0, 0, 0, 0, 0, 0, 0, 0, 0, 4, 43
"d:\projects\flutter\49-mobile-app\lib\features\requests_history\presentation\pages\requests_history_view.dart", "Dart", 0, 151, 0, 0, 0, 0, 0, 0, 0, 0, 0, 0, 9, 160
"d:\projects\flutter\49-mobile-app\lib\features\requests_history\presentation\widgets\food_order_card.dart", "Dart", 0, 129, 0, 0, 0, 0, 0, 0, 0, 0, 0, 0, 6, 135
"d:\projects\flutter\49-mobile-app\lib\features\requests_history\presentation\widgets\offer_ride_card.dart", "Dart", 0, 64, 0, 0, 0, 0, 0, 0, 0, 0, 0, 0, 4, 68
"d:\projects\flutter\49-mobile-app\lib\features\requests_history\presentation\widgets\shipping_request_card.dart", "Dart", 0, 107, 0, 0, 0, 0, 0, 0, 0, 0, 0, 0, 3, 110
"d:\projects\flutter\49-mobile-app\lib\features\requests_history\presentation\widgets\trip_card.dart", "Dart", 0, 244, 0, 0, 0, 0, 0, 0, 0, 0, 0, 0, 9, 253
"d:\projects\flutter\49-mobile-app\lib\features\ride\RideRequest\data\datasources\remote_data_source.dart", "Dart", 0, 227, 0, 0, 0, 0, 0, 0, 0, 0, 0, 12, 40, 279
"d:\projects\flutter\49-mobile-app\lib\features\ride\RideRequest\data\datasources\rider_data_source.dart", "Dart", 0, 91, 0, 0, 0, 0, 0, 0, 0, 0, 0, 9, 17, 117
"d:\projects\flutter\49-mobile-app\lib\features\ride\RideRequest\data\models\address_search_params_model.dart", "Dart", 0, 17, 0, 0, 0, 0, 0, 0, 0, 0, 0, 0, 4, 21
"d:\projects\flutter\49-mobile-app\lib\features\ride\RideRequest\data\models\car_models_model.dart", "Dart", 0, 2, 0, 0, 0, 0, 0, 0, 0, 0, 0, 1, 2, 5
"d:\projects\flutter\49-mobile-app\lib\features\ride\RideRequest\data\models\car_type_model.dart", "Dart", 0, 31, 0, 0, 0, 0, 0, 0, 0, 0, 0, 0, 5, 36
"d:\projects\flutter\49-mobile-app\lib\features\ride\RideRequest\data\models\come_with_you_model.dart", "Dart", 0, 28, 0, 0, 0, 0, 0, 0, 0, 0, 0, 13, 4, 45
"d:\projects\flutter\49-mobile-app\lib\features\ride\RideRequest\data\models\create_trip_ride_request_model.dart", "Dart", 0, 42, 0, 0, 0, 0, 0, 0, 0, 0, 0, 0, 6, 48
"d:\projects\flutter\49-mobile-app\lib\features\ride\RideRequest\data\models\driver_review_model.dart", "Dart", 0, 18, 0, 0, 0, 0, 0, 0, 0, 0, 0, 0, 3, 21
"d:\projects\flutter\49-mobile-app\lib\features\ride\RideRequest\data\models\expected_price_model.dart", "Dart", 0, 25, 0, 0, 0, 0, 0, 0, 0, 0, 0, 23, 8, 56
"d:\projects\flutter\49-mobile-app\lib\features\ride\RideRequest\data\models\get_trip_info_model\get_trip_info_model.dart", "Dart", 0, 62, 0, 0, 0, 0, 0, 0, 0, 0, 0, 0, 5, 67
"d:\projects\flutter\49-mobile-app\lib\features\ride\RideRequest\data\models\get_trip_info_model\start_location.dart", "Dart", 0, 13, 0, 0, 0, 0, 0, 0, 0, 0, 0, 0, 4, 17
"d:\projects\flutter\49-mobile-app\lib\features\ride\RideRequest\data\models\get_trip_info_model\target_location.dart", "Dart", 0, 15, 0, 0, 0, 0, 0, 0, 0, 0, 0, 0, 4, 19
"d:\projects\flutter\49-mobile-app\lib\features\ride\RideRequest\data\models\get_trip_info_request_model.dart", "Dart", 0, 21, 0, 0, 0, 0, 0, 0, 0, 0, 0, 0, 1, 22
"d:\projects\flutter\49-mobile-app\lib\features\ride\RideRequest\data\models\google_search_results.dart", "Dart", 0, 50, 0, 0, 0, 0, 0, 0, 0, 0, 0, 0, 12, 62
"d:\projects\flutter\49-mobile-app\lib\features\ride\RideRequest\data\models\offer_data_model\car_id.dart", "Dart", 0, 16, 0, 0, 0, 0, 0, 0, 0, 0, 0, 0, 4, 20
"d:\projects\flutter\49-mobile-app\lib\features\ride\RideRequest\data\models\offer_data_model\data.dart", "Dart", 0, 16, 0, 0, 0, 0, 0, 0, 0, 0, 0, 0, 5, 21
"d:\projects\flutter\49-mobile-app\lib\features\ride\RideRequest\data\models\offer_data_model\offer_data_model.dart", "Dart", 0, 15, 0, 0, 0, 0, 0, 0, 0, 0, 0, 0, 5, 20
"d:\projects\flutter\49-mobile-app\lib\features\ride\RideRequest\data\models\offer_data_model\offer_object.dart", "Dart", 0, 54, 0, 0, 0, 0, 0, 0, 0, 0, 0, 22, 6, 82
"d:\projects\flutter\49-mobile-app\lib\features\ride\RideRequest\data\models\params\expected_price_params.dart", "Dart", 0, 18, 0, 0, 0, 0, 0, 0, 0, 0, 0, 0, 2, 20
"d:\projects\flutter\49-mobile-app\lib\features\ride\RideRequest\data\models\picture_optional_model\criminal_record.dart", "Dart", 0, 12, 0, 0, 0, 0, 0, 0, 0, 0, 0, 0, 4, 16
"d:\projects\flutter\49-mobile-app\lib\features\ride\RideRequest\data\models\picture_optional_model\drag_analytics.dart", "Dart", 0, 16, 0, 0, 0, 0, 0, 0, 0, 0, 0, 0, 4, 20
"d:\projects\flutter\49-mobile-app\lib\features\ride\RideRequest\data\models\picture_optional_model\picture_optional_model.dart", "Dart", 0, 34, 0, 0, 0, 0, 0, 0, 0, 0, 0, 0, 5, 39
"d:\projects\flutter\49-mobile-app\lib\features\ride\RideRequest\data\models\picture_optional_model\technical_examination.dart", "Dart", 0, 18, 0, 0, 0, 0, 0, 0, 0, 0, 0, 0, 4, 22
"d:\projects\flutter\49-mobile-app\lib\features\ride\RideRequest\data\models\report_model.dart", "Dart", 0, 7, 0, 0, 0, 0, 0, 0, 0, 0, 0, 0, 2, 9
"d:\projects\flutter\49-mobile-app\lib\features\ride\RideRequest\data\models\request_socket_response\driver.dart", "Dart", 0, 22, 0, 0, 0, 0, 0, 0, 0, 0, 0, 0, 5, 27
"d:\projects\flutter\49-mobile-app\lib\features\ride\RideRequest\data\models\request_socket_response\location.dart", "Dart", 0, 13, 0, 0, 0, 0, 0, 0, 0, 0, 0, 0, 4, 17
"d:\projects\flutter\49-mobile-app\lib\features\ride\RideRequest\data\models\request_socket_response\profile_picture_key.dart", "Dart", 0, 15, 0, 0, 0, 0, 0, 0, 0, 0, 0, 0, 4, 19
"d:\projects\flutter\49-mobile-app\lib\features\ride\RideRequest\data\models\request_socket_response\request_socket_response.dart", "Dart", 0, 21, 0, 0, 0, 0, 0, 0, 0, 0, 0, 0, 5, 26
"d:\projects\flutter\49-mobile-app\lib\features\ride\RideRequest\data\models\request_socket_response\trip_info.dart", "Dart", 0, 19, 0, 0, 0, 0, 0, 0, 0, 0, 0, 0, 4, 23
"d:\projects\flutter\49-mobile-app\lib\features\ride\RideRequest\data\models\request_socket_response\user_data.dart", "Dart", 0, 20, 0, 0, 0, 0, 0, 0, 0, 0, 0, 0, 5, 25
"d:\projects\flutter\49-mobile-app\lib\features\ride\RideRequest\data\models\request_socket_response\user_profile.dart", "Dart", 0, 20, 0, 0, 0, 0, 0, 0, 0, 0, 0, 0, 5, 25
"d:\projects\flutter\49-mobile-app\lib\features\ride\RideRequest\data\models\ride_offer_model.dart", "Dart", 0, 5, 0, 0, 0, 0, 0, 0, 0, 0, 0, 0, 2, 7
"d:\projects\flutter\49-mobile-app\lib\features\ride\RideRequest\data\models\ride_request_model.dart", "Dart", 0, 54, 0, 0, 0, 0, 0, 0, 0, 0, 0, 0, 5, 59
"d:\projects\flutter\49-mobile-app\lib\features\ride\RideRequest\data\models\ride_thumbnail_model.dart", "Dart", 0, 18, 0, 0, 0, 0, 0, 0, 0, 0, 0, 0, 3, 21
"d:\projects\flutter\49-mobile-app\lib\features\ride\RideRequest\data\models\rider_register_model.dart", "Dart", 0, 84, 0, 0, 0, 0, 0, 0, 0, 0, 0, 0, 3, 87
"d:\projects\flutter\49-mobile-app\lib\features\ride\RideRequest\data\models\success_request_trip_model\closer_driver.dart", "Dart", 0, 30, 0, 0, 0, 0, 0, 0, 0, 0, 0, 0, 5, 35
"d:\projects\flutter\49-mobile-app\lib\features\ride\RideRequest\data\models\success_request_trip_model\location.dart", "Dart", 0, 13, 0, 0, 0, 0, 0, 0, 0, 0, 0, 0, 4, 17
"d:\projects\flutter\49-mobile-app\lib\features\ride\RideRequest\data\models\success_request_trip_model\rider_location.dart", "Dart", 0, 10, 0, 0, 0, 0, 0, 0, 0, 0, 0, 0, 4, 14
"d:\projects\flutter\49-mobile-app\lib\features\ride\RideRequest\data\models\success_request_trip_model\success_request_trip_model.dart", "Dart", 0, 21, 0, 0, 0, 0, 0, 0, 0, 0, 0, 0, 5, 26
"d:\projects\flutter\49-mobile-app\lib\features\ride\RideRequest\data\models\success_request_trip_model\trip.dart", "Dart", 0, 124, 0, 0, 0, 0, 0, 0, 0, 0, 0, 0, 5, 129
"d:\projects\flutter\49-mobile-app\lib\features\ride\RideRequest\data\models\success_request_trip_model\user_data.dart", "Dart", 0, 16, 0, 0, 0, 0, 0, 0, 0, 0, 0, 0, 4, 20
"d:\projects\flutter\49-mobile-app\lib\features\ride\RideRequest\data\models\success_request_trip_model\user_location.dart", "Dart", 0, 10, 0, 0, 0, 0, 0, 0, 0, 0, 0, 0, 4, 14
"d:\projects\flutter\49-mobile-app\lib\features\ride\RideRequest\data\models\trip_request_model.dart", "Dart", 0, 62, 0, 0, 0, 0, 0, 0, 0, 0, 0, 0, 4, 66
"d:\projects\flutter\49-mobile-app\lib\features\ride\RideRequest\data\models\trip_response_model\rider_location.dart", "Dart", 0, 10, 0, 0, 0, 0, 0, 0, 0, 0, 0, 0, 4, 14
"d:\projects\flutter\49-mobile-app\lib\features\ride\RideRequest\data\models\trip_response_model\start_location.dart", "Dart", 0, 13, 0, 0, 0, 0, 0, 0, 0, 0, 0, 0, 4, 17
"d:\projects\flutter\49-mobile-app\lib\features\ride\RideRequest\data\models\trip_response_model\sub_category_id.dart", "Dart", 0, 16, 0, 0, 0, 0, 0, 0, 0, 0, 0, 0, 4, 20
"d:\projects\flutter\49-mobile-app\lib\features\ride\RideRequest\data\models\trip_response_model\target_location.dart", "Dart", 0, 15, 0, 0, 0, 0, 0, 0, 0, 0, 0, 0, 4, 19
"d:\projects\flutter\49-mobile-app\lib\features\ride\RideRequest\data\models\trip_response_model\trip_response_model.dart", "Dart", 0, 158, 0, 0, 0, 0, 0, 0, 0, 0, 0, 0, 5, 163
"d:\projects\flutter\49-mobile-app\lib\features\ride\RideRequest\data\models\trip_response_model\user_id.dart", "Dart", 0, 37, 0, 0, 0, 0, 0, 0, 0, 0, 0, 0, 5, 42
"d:\projects\flutter\49-mobile-app\lib\features\ride\RideRequest\data\models\trip_response_model\user_location.dart", "Dart", 0, 10, 0, 0, 0, 0, 0, 0, 0, 0, 0, 0, 4, 14
"d:\projects\flutter\49-mobile-app\lib\features\ride\RideRequest\data\models\trip_response_model\user_profile.dart", "Dart", 0, 16, 0, 0, 0, 0, 0, 0, 0, 0, 0, 0, 4, 20
"d:\projects\flutter\49-mobile-app\lib\features\ride\RideRequest\data\repositories\ride_request_repo_impl.dart", "Dart", 0, 107, 0, 0, 0, 0, 0, 0, 0, 0, 0, 3, 22, 132
"d:\projects\flutter\49-mobile-app\lib\features\ride\RideRequest\domain\entity\address_search_params_entity.dart", "Dart", 0, 7, 0, 0, 0, 0, 0, 0, 0, 0, 0, 0, 1, 8
"d:\projects\flutter\49-mobile-app\lib\features\ride\RideRequest\domain\entity\car_model_entity.dart", "Dart", 0, 1, 0, 0, 0, 0, 0, 0, 0, 0, 0, 0, 1, 2
"d:\projects\flutter\49-mobile-app\lib\features\ride\RideRequest\domain\entity\car_type_entity.dart", "Dart", 0, 16, 0, 0, 0, 0, 0, 0, 0, 0, 0, 0, 2, 18
"d:\projects\flutter\49-mobile-app\lib\features\ride\RideRequest\domain\entity\come_with_you_entity.dart", "Dart", 0, 25, 0, 0, 0, 0, 0, 0, 0, 0, 0, 0, 2, 27
"d:\projects\flutter\49-mobile-app\lib\features\ride\RideRequest\domain\entity\driver_review_entity.dart", "Dart", 0, 15, 0, 0, 0, 0, 0, 0, 0, 0, 0, 0, 2, 17
"d:\projects\flutter\49-mobile-app\lib\features\ride\RideRequest\domain\entity\expected_price_entity.dart", "Dart", 0, 11, 0, 0, 0, 0, 0, 0, 0, 0, 0, 0, 2, 13
"d:\projects\flutter\49-mobile-app\lib\features\ride\RideRequest\domain\entity\report_entity.dart", "Dart", 0, 9, 0, 0, 0, 0, 0, 0, 0, 0, 0, 0, 1, 10
"d:\projects\flutter\49-mobile-app\lib\features\ride\RideRequest\domain\entity\ride_offer_entity.dart", "Dart", 0, 10, 0, 0, 0, 0, 0, 0, 0, 0, 0, 0, 1, 11
"d:\projects\flutter\49-mobile-app\lib\features\ride\RideRequest\domain\entity\ride_request_entity.dart", "Dart", 0, 39, 0, 0, 0, 0, 0, 0, 0, 0, 0, 0, 2, 41
"d:\projects\flutter\49-mobile-app\lib\features\ride\RideRequest\domain\entity\ride_thumbnail_entity.dart", "Dart", 0, 12, 0, 0, 0, 0, 0, 0, 0, 0, 0, 0, 3, 15
"d:\projects\flutter\49-mobile-app\lib\features\ride\RideRequest\domain\repositories\reider_request_repository.dart", "Dart", 0, 148, 0, 0, 0, 0, 0, 0, 0, 0, 0, 65, 25, 238
"d:\projects\flutter\49-mobile-app\lib\features\ride\RideRequest\domain\repositories\ride_request_repo.dart", "Dart", 0, 45, 0, 0, 0, 0, 0, 0, 0, 0, 0, 0, 5, 50
"d:\projects\flutter\49-mobile-app\lib\features\ride\RideRequest\domain\usecases\get_ride_thumbnails.dart", "Dart", 0, 14, 0, 0, 0, 0, 0, 0, 0, 0, 0, 0, 3, 17
"d:\projects\flutter\49-mobile-app\lib\features\ride\RideRequest\domain\usecases\request\add_ride_request_usecase.dart", "Dart", 0, 13, 0, 0, 0, 0, 0, 0, 0, 0, 0, 0, 3, 16
"d:\projects\flutter\49-mobile-app\lib\features\ride\RideRequest\domain\usecases\request\get_car_types_use_case.dart", "Dart", 0, 13, 0, 0, 0, 0, 0, 0, 0, 0, 0, 0, 3, 16
"d:\projects\flutter\49-mobile-app\lib\features\ride\RideRequest\domain\usecases\request\get_expected_price_use_case.dart", "Dart", 0, 15, 0, 0, 0, 0, 0, 0, 0, 0, 0, 0, 4, 19
"d:\projects\flutter\49-mobile-app\lib\features\ride\RideRequest\domain\usecases\request\get_near_by_places_usecase.dart", "Dart", 0, 16, 0, 0, 0, 0, 0, 0, 0, 0, 0, 0, 3, 19
"d:\projects\flutter\49-mobile-app\lib\features\ride\RideRequest\domain\usecases\request\get_ride_sub_categories_use_case.dart", "Dart", 0, 13, 0, 0, 0, 0, 0, 0, 0, 0, 0, 0, 3, 16
"d:\projects\flutter\49-mobile-app\lib\features\ride\RideRequest\presentation\cubit\check_driver_type_cubit.dart", "Dart", 0, 20, 0, 0, 0, 0, 0, 0, 0, 0, 0, 0, 2, 22
"d:\projects\flutter\49-mobile-app\lib\features\ride\RideRequest\presentation\cubit\create_trip_request_ride_cubit.dart", "Dart", 0, 39, 0, 0, 0, 0, 0, 0, 0, 0, 0, 0, 4, 43
"d:\projects\flutter\49-mobile-app\lib\features\ride\RideRequest\presentation\cubit\get_all_trip_rider_cubit.dart", "Dart", 0, 11, 0, 0, 0, 0, 0, 0, 0, 0, 0, 0, 2, 13
"d:\projects\flutter\49-mobile-app\lib\features\ride\RideRequest\presentation\cubit\get_cateogry_rider_cubit.dart", "Dart", 0, 33, 0, 0, 0, 0, 0, 0, 0, 0, 0, 1, 3, 37
"d:\projects\flutter\49-mobile-app\lib\features\ride\RideRequest\presentation\cubit\get_expired_trip_cubit.dart", "Dart", 0, 24, 0, 0, 0, 0, 0, 0, 0, 0, 0, 0, 2, 26
"d:\projects\flutter\49-mobile-app\lib\features\ride\RideRequest\presentation\cubit\get_location_from_lat_lng_ride_cubit.dart", "Dart", 0, 40, 0, 0, 0, 0, 0, 0, 0, 0, 0, 0, 3, 43
"d:\projects\flutter\49-mobile-app\lib\features\ride\RideRequest\presentation\cubit\get_route_rider_cubit.dart", "Dart", 0, 7, 0, 0, 0, 0, 0, 0, 0, 0, 0, 4, 2, 13
"d:\projects\flutter\49-mobile-app\lib\features\ride\RideRequest\presentation\cubit\get_trip_info_cubit.dart", "Dart", 0, 35, 0, 0, 0, 0, 0, 0, 0, 0, 0, 0, 5, 40
"d:\projects\flutter\49-mobile-app\lib\features\ride\RideRequest\presentation\cubit\location_socket_cubit.dart", "Dart", 0, 27, 0, 0, 0, 0, 0, 0, 0, 0, 0, 7, 8, 42
"d:\projects\flutter\49-mobile-app\lib\features\ride\RideRequest\presentation\cubit\offer_cubit.dart", "Dart", 0, 30, 0, 0, 0, 0, 0, 0, 0, 0, 0, 0, 3, 33
"d:\projects\flutter\49-mobile-app\lib\features\ride\RideRequest\presentation\cubit\picture_optional_cubit.dart", "Dart", 0, 18, 0, 0, 0, 0, 0, 0, 0, 0, 0, 0, 2, 20
"d:\projects\flutter\49-mobile-app\lib\features\ride\RideRequest\presentation\cubit\raise_fare_cubit.dart", "Dart", 0, 21, 0, 0, 0, 0, 0, 0, 0, 0, 0, 0, 5, 26
"d:\projects\flutter\49-mobile-app\lib\features\ride\RideRequest\presentation\cubit\register_rider_cubit.dart", "Dart", 0, 301, 0, 0, 0, 0, 0, 0, 0, 0, 0, 9, 32, 342
"d:\projects\flutter\49-mobile-app\lib\features\ride\RideRequest\presentation\cubit\request_rider_trip_cubit.dart", "Dart", 0, 23, 0, 0, 0, 0, 0, 0, 0, 0, 0, 0, 3, 26
"d:\projects\flutter\49-mobile-app\lib\features\ride\RideRequest\presentation\cubit\rider_state.dart", "Dart", 0, 80, 0, 0, 0, 0, 0, 0, 0, 0, 0, 0, 35, 115
"d:\projects\flutter\49-mobile-app\lib\features\ride\RideRequest\presentation\cubit\rider_trip_reel_time_cubit.dart", "Dart", 0, 29, 0, 0, 0, 0, 0, 0, 0, 0, 0, 0, 5, 34
"d:\projects\flutter\49-mobile-app\lib\features\ride\RideRequest\presentation\cubit\riderequest_cubit.dart", "Dart", 0, 179, 0, 0, 0, 0, 0, 0, 0, 0, 0, 21, 22, 222
"d:\projects\flutter\49-mobile-app\lib\features\ride\RideRequest\presentation\cubit\riderequest_state.dart", "Dart", 0, 99, 0, 0, 0, 0, 0, 0, 0, 0, 0, 1, 8, 108
"d:\projects\flutter\49-mobile-app\lib\features\ride\RideRequest\presentation\cubit\select_cateogry_cubit.dart", "Dart", 0, 8, 0, 0, 0, 0, 0, 0, 0, 0, 0, 0, 2, 10
"d:\projects\flutter\49-mobile-app\lib\features\ride\RideRequest\presentation\cubit\show_offers_cubit.dart", "Dart", 0, 16, 0, 0, 0, 0, 0, 0, 0, 0, 0, 0, 3, 19
"d:\projects\flutter\49-mobile-app\lib\features\ride\RideRequest\presentation\pages\all_rider_trip_screen.dart", "Dart", 0, 32, 0, 0, 0, 0, 0, 0, 0, 0, 0, 70, 14, 116
"d:\projects\flutter\49-mobile-app\lib\features\ride\RideRequest\presentation\pages\ride_request_view.dart", "Dart", 0, 1066, 0, 0, 0, 0, 0, 0, 0, 0, 0, 334, 33, 1433
"d:\projects\flutter\49-mobile-app\lib\features\ride\RideRequest\presentation\pages\rider_register_one.dart", "Dart", 0, 896, 0, 0, 0, 0, 0, 0, 0, 0, 0, 21, 7, 924
"d:\projects\flutter\49-mobile-app\lib\features\ride\RideRequest\presentation\pages\rider_register_scand_screen.dart", "Dart", 0, 646, 0, 0, 0, 0, 0, 0, 0, 0, 0, 10, 5, 661
"d:\projects\flutter\49-mobile-app\lib\features\ride\RideRequest\presentation\pages\rider_register_view.dart", "Dart", 0, 250, 0, 0, 0, 0, 0, 0, 0, 0, 0, 33, 9, 292
"d:\projects\flutter\49-mobile-app\lib\features\ride\RideRequest\presentation\pages\shipping_rider_tab_screen.dart", "Dart", 0, 101, 0, 0, 0, 0, 0, 0, 0, 0, 0, 1, 5, 107
"d:\projects\flutter\49-mobile-app\lib\features\ride\RideRequest\presentation\widgets\car_info_rider.dart", "Dart", 0, 192, 0, 0, 0, 0, 0, 0, 0, 0, 0, 18, 6, 216
"d:\projects\flutter\49-mobile-app\lib\features\ride\RideRequest\presentation\widgets\common\dashboard_banner.dart", "Dart", 0, 60, 0, 0, 0, 0, 0, 0, 0, 0, 0, 0, 4, 64
"d:\projects\flutter\49-mobile-app\lib\features\ride\RideRequest\presentation\widgets\create_trip_rider_form.dart", "Dart", 0, 581, 0, 0, 0, 0, 0, 0, 0, 0, 0, 8, 16, 605
"d:\projects\flutter\49-mobile-app\lib\features\ride\RideRequest\presentation\widgets\customer\createOrder\cancel_order.dart", "Dart", 0, 36, 0, 0, 0, 0, 0, 0, 0, 0, 0, 0, 4, 40
"d:\projects\flutter\49-mobile-app\lib\features\ride\RideRequest\presentation\widgets\customer\createOrder\categoryInfo.dart", "Dart", 0, 0, 0, 0, 0, 0, 0, 0, 0, 0, 0, 53, 4, 57
"d:\projects\flutter\49-mobile-app\lib\features\ride\RideRequest\presentation\widgets\customer\createOrder\changePhoneNumber.dart", "Dart", 0, 62, 0, 0, 0, 0, 0, 0, 0, 0, 0, 0, 3, 65
"d:\projects\flutter\49-mobile-app\lib\features\ride\RideRequest\presentation\widgets\customer\createOrder\giveOffer.dart", "Dart", 0, 87, 0, 0, 0, 0, 0, 0, 0, 0, 0, 0, 4, 91
"d:\projects\flutter\49-mobile-app\lib\features\ride\RideRequest\presentation\widgets\customer\createOrder\map_picker.dart", "Dart", 0, 227, 0, 0, 0, 0, 0, 0, 0, 0, 0, 3, 18, 248
"d:\projects\flutter\49-mobile-app\lib\features\ride\RideRequest\presentation\widgets\customer\createOrder\options_bottom_sheet.dart", "Dart", 0, 286, 0, 0, 0, 0, 0, 0, 0, 0, 0, 71, 8, 365
"d:\projects\flutter\49-mobile-app\lib\features\ride\RideRequest\presentation\widgets\customer\createOrder\ride_options.dart", "Dart", 0, 74, 0, 0, 0, 0, 0, 0, 0, 0, 0, 1, 4, 79
"d:\projects\flutter\49-mobile-app\lib\features\ride\RideRequest\presentation\widgets\customer\createOrder\selectDropOffPoints.dart", "Dart", 0, 153, 0, 0, 0, 0, 0, 0, 0, 0, 0, 0, 7, 160
"d:\projects\flutter\49-mobile-app\lib\features\ride\RideRequest\presentation\widgets\customer\offers\offer_card.dart", "Dart", 0, 67, 0, 0, 0, 0, 0, 0, 0, 0, 0, 0, 4, 71
"d:\projects\flutter\49-mobile-app\lib\features\ride\RideRequest\presentation\widgets\customer\offers\offer_control.dart", "Dart", 0, 77, 0, 0, 0, 0, 0, 0, 0, 0, 0, 1, 4, 82
"d:\projects\flutter\49-mobile-app\lib\features\ride\RideRequest\presentation\widgets\customer\offers\offers.dart", "Dart", 0, 46, 0, 0, 0, 0, 0, 0, 0, 0, 0, 4, 6, 56
"d:\projects\flutter\49-mobile-app\lib\features\ride\RideRequest\presentation\widgets\destination_text_field_and_find_ride_widget.dart", "Dart", 0, 108, 0, 0, 0, 0, 0, 0, 0, 0, 0, 5, 7, 120
"d:\projects\flutter\49-mobile-app\lib\features\ride\RideRequest\presentation\widgets\google_map_tracking.dart", "Dart", 0, 220, 0, 0, 0, 0, 0, 0, 0, 0, 0, 27, 8, 255
"d:\projects\flutter\49-mobile-app\lib\features\ride\RideRequest\presentation\widgets\map_and_address_finder_ride.dart", "Dart", 0, 22, 0, 0, 0, 0, 0, 0, 0, 0, 0, 0, 3, 25
"d:\projects\flutter\49-mobile-app\lib\features\ride\RideRequest\presentation\widgets\mapbox_tracking.dart", "Dart", 0, 0, 0, 0, 0, 0, 0, 0, 0, 0, 0, 0, 2, 2
"d:\projects\flutter\49-mobile-app\lib\features\ride\RideRequest\presentation\widgets\open_route_tracking.dart", "Dart", 0, 81, 0, 0, 0, 0, 0, 0, 0, 0, 0, 58, 13, 152
"d:\projects\flutter\49-mobile-app\lib\features\ride\RideRequest\presentation\widgets\rider_banner.dart", "Dart", 0, 74, 0, 0, 0, 0, 0, 0, 0, 0, 0, 60, 8, 142
"d:\projects\flutter\49-mobile-app\lib\features\ride\RideRequest\presentation\widgets\rider_banner_widget.dart", "Dart", 0, 66, 0, 0, 0, 0, 0, 0, 0, 0, 0, 3, 3, 72
"d:\projects\flutter\49-mobile-app\lib\features\ride\RideRequest\presentation\widgets\rider_google_map.dart", "Dart", 0, 197, 0, 0, 0, 0, 0, 0, 0, 0, 0, 8, 18, 223
"d:\projects\flutter\49-mobile-app\lib\features\ride\RideRequest\presentation\widgets\shipping_banner_widget.dart", "Dart", 0, 79, 0, 0, 0, 0, 0, 0, 0, 0, 0, 12, 4, 95
"d:\projects\flutter\49-mobile-app\lib\features\ride\RideRequest\presentation\widgets\start_text_field_and_find_widget.dart", "Dart", 0, 104, 0, 0, 0, 0, 0, 0, 0, 0, 0, 5, 5, 114
"d:\projects\flutter\49-mobile-app\lib\features\ride\RideRequest\presentation\widgets\sub_cateogry_ride_widget.dart", "Dart", 0, 203, 0, 0, 0, 0, 0, 0, 0, 0, 0, 94, 11, 308
"d:\projects\flutter\49-mobile-app\lib\features\ride\RideRequest\presentation\widgets\sub_cateogry_shipping_widget.dart", "Dart", 0, 183, 0, 0, 0, 0, 0, 0, 0, 0, 0, 3, 7, 193
"d:\projects\flutter\49-mobile-app\lib\features\ride\RideRequest\presentation\widgets\tom_tom_tracking.dart", "Dart", 0, 8, 0, 0, 0, 0, 0, 0, 0, 0, 0, 0, 3, 11
"d:\projects\flutter\49-mobile-app\lib\features\ride\driver_dashboard\data\datasources\driver_dashboard_remote_data_source.dart", "Dart", 0, 47, 0, 0, 0, 0, 0, 0, 0, 0, 0, 0, 8, 55
"d:\projects\flutter\49-mobile-app\lib\features\ride\driver_dashboard\data\models\driver_statistics_model.dart", "Dart", 0, 27, 0, 0, 0, 0, 0, 0, 0, 0, 0, 0, 4, 31
"d:\projects\flutter\49-mobile-app\lib\features\ride\driver_dashboard\data\repositories\driver_dashboard_repo_impl.dart", "Dart", 0, 28, 0, 0, 0, 0, 0, 0, 0, 0, 0, 0, 9, 37
"d:\projects\flutter\49-mobile-app\lib\features\ride\driver_dashboard\domain\entities\driver_statistics_entity.dart", "Dart", 0, 13, 0, 0, 0, 0, 0, 0, 0, 0, 0, 0, 2, 15
"d:\projects\flutter\49-mobile-app\lib\features\ride\driver_dashboard\domain\repositories\driver_dashboard_repo.dart", "Dart", 0, 12, 0, 0, 0, 0, 0, 0, 0, 0, 0, 0, 4, 16
"d:\projects\flutter\49-mobile-app\lib\features\ride\driver_dashboard\domain\usecases\accept_ride_usecase.dart", "Dart", 0, 12, 0, 0, 0, 0, 0, 0, 0, 0, 0, 0, 4, 16
"d:\projects\flutter\49-mobile-app\lib\features\ride\driver_dashboard\domain\usecases\create_rider_offer_usecase.dart", "Dart", 0, 28, 0, 0, 0, 0, 0, 0, 0, 0, 0, 0, 6, 34
"d:\projects\flutter\49-mobile-app\lib\features\ride\driver_dashboard\domain\usecases\get_driver_new_trips_usecase.dart", "Dart", 0, 13, 0, 0, 0, 0, 0, 0, 0, 0, 0, 0, 4, 17
"d:\projects\flutter\49-mobile-app\lib\features\ride\driver_dashboard\domain\usecases\get_driver_statistics_usecase.dart", "Dart", 0, 14, 0, 0, 0, 0, 0, 0, 0, 0, 0, 0, 5, 19
"d:\projects\flutter\49-mobile-app\lib\features\ride\driver_dashboard\presentation\cubit\driver_dashboard_cubit.dart", "Dart", 0, 51, 0, 0, 0, 0, 0, 0, 0, 0, 0, 0, 8, 59
"d:\projects\flutter\49-mobile-app\lib\features\ride\driver_dashboard\presentation\cubit\driver_dashboard_state.dart", "Dart", 0, 36, 0, 0, 0, 0, 0, 0, 0, 0, 0, 0, 6, 42
"d:\projects\flutter\49-mobile-app\lib\features\ride\driver_dashboard\presentation\pages\driver_dashboard_view.dart", "Dart", 0, 89, 0, 0, 0, 0, 0, 0, 0, 0, 0, 6, 5, 100
"d:\projects\flutter\49-mobile-app\lib\features\ride\driver_dashboard\presentation\widgets\driver_statistics_widget.dart", "Dart", 0, 65, 0, 0, 0, 0, 0, 0, 0, 0, 0, 0, 5, 70
"d:\projects\flutter\49-mobile-app\lib\features\ride\driver_dashboard\presentation\widgets\driver_trip_card.dart", "Dart", 0, 130, 0, 0, 0, 0, 0, 0, 0, 0, 0, 0, 3, 133
"d:\projects\flutter\49-mobile-app\lib\features\ride\driver_dashboard\presentation\widgets\driver_trip_details.dart", "Dart", 0, 188, 0, 0, 0, 0, 0, 0, 0, 0, 0, 0, 5, 193
"d:\projects\flutter\49-mobile-app\lib\features\ride\offers_ride\presentation\cubit\offers_ride_cubit.dart", "Dart", 0, 6, 0, 0, 0, 0, 0, 0, 0, 0, 0, 0, 3, 9
"d:\projects\flutter\49-mobile-app\lib\features\ride\offers_ride\presentation\cubit\offers_ride_state.dart", "Dart", 0, 7, 0, 0, 0, 0, 0, 0, 0, 0, 0, 0, 4, 11
"d:\projects\flutter\49-mobile-app\lib\features\ride\offers_ride\presentation\pages\offers_ride_view.dart", "Dart", 0, 8, 0, 0, 0, 0, 0, 0, 0, 0, 0, 0, 3, 11
"d:\projects\flutter\49-mobile-app\lib\features\ride\rider_shipping\presentation\cubit\create_trip_rider_cubit.dart", "Dart", 0, 20, 0, 0, 0, 0, 0, 0, 0, 0, 0, 0, 6, 26
"d:\projects\flutter\49-mobile-app\lib\features\ride\rider_shipping\presentation\cubit\create_trip_rider_state.dart", "Dart", 0, 9, 0, 0, 0, 0, 0, 0, 0, 0, 0, 0, 6, 15
"d:\projects\flutter\49-mobile-app\lib\features\ride\rider_shipping\presentation\pages\create_trip_rider.dart", "Dart", 0, 157, 0, 0, 0, 0, 0, 0, 0, 0, 0, 2, 4, 163
"d:\projects\flutter\49-mobile-app\lib\features\ride\trip_details\data\datasources\remote_data_source.dart", "Dart", 0, 38, 0, 0, 0, 0, 0, 0, 0, 0, 0, 1, 7, 46
"d:\projects\flutter\49-mobile-app\lib\features\ride\trip_details\data\models\cancel_reason_model.dart", "Dart", 0, 7, 0, 0, 0, 0, 0, 0, 0, 0, 0, 0, 2, 9
"d:\projects\flutter\49-mobile-app\lib\features\ride\trip_details\data\models\trip_and_request_model.dart", "Dart", 0, 13, 0, 0, 0, 0, 0, 0, 0, 0, 0, 0, 3, 16
"d:\projects\flutter\49-mobile-app\lib\features\ride\trip_details\data\models\trip_request_model.dart", "Dart", 0, 23, 0, 0, 0, 0, 0, 0, 0, 0, 0, 0, 3, 26
"d:\projects\flutter\49-mobile-app\lib\features\ride\trip_details\data\repositories\trip_details_repo_impl.dart", "Dart", 0, 19, 0, 0, 0, 0, 0, 0, 0, 0, 0, 0, 6, 25
"d:\projects\flutter\49-mobile-app\lib\features\ride\trip_details\domain\entities\cancel_reason_entity.dart", "Dart", 0, 5, 0, 0, 0, 0, 0, 0, 0, 0, 0, 0, 1, 6
"d:\projects\flutter\49-mobile-app\lib\features\ride\trip_details\domain\entities\trip_and_request_entity.dart", "Dart", 0, 7, 0, 0, 0, 0, 0, 0, 0, 0, 0, 0, 3, 10
"d:\projects\flutter\49-mobile-app\lib\features\ride\trip_details\domain\entities\trip_request_entity.dart", "Dart", 0, 19, 0, 0, 0, 0, 0, 0, 0, 0, 0, 0, 2, 21
"d:\projects\flutter\49-mobile-app\lib\features\ride\trip_details\domain\repositories\trip_details_repo.dart", "Dart", 0, 8, 0, 0, 0, 0, 0, 0, 0, 0, 0, 0, 3, 11
"d:\projects\flutter\49-mobile-app\lib\features\ride\trip_details\domain\usecases\get_cancel_reason_use_case.dart", "Dart", 0, 14, 0, 0, 0, 0, 0, 0, 0, 0, 0, 0, 4, 18
"d:\projects\flutter\49-mobile-app\lib\features\ride\trip_details\domain\usecases\get_trip_details_use_case.dart", "Dart", 0, 13, 0, 0, 0, 0, 0, 0, 0, 0, 0, 0, 4, 17
"d:\projects\flutter\49-mobile-app\lib\features\ride\trip_details\presentation\cubit\trip_details_cubit.dart", "Dart", 0, 36, 0, 0, 0, 0, 0, 0, 0, 0, 0, 0, 6, 42
"d:\projects\flutter\49-mobile-app\lib\features\ride\trip_details\presentation\cubit\trip_details_state.dart", "Dart", 0, 34, 0, 0, 0, 0, 0, 0, 0, 0, 0, 0, 8, 42
"d:\projects\flutter\49-mobile-app\lib\features\ride\trip_details\presentation\pages\trip_details_view.dart", "Dart", 0, 18, 0, 0, 0, 0, 0, 0, 0, 0, 0, 0, 3, 21
"d:\projects\flutter\49-mobile-app\lib\features\ride\trip_details\presentation\widgets\cancel_reasons.dart", "Dart", 0, 20, 0, 0, 0, 0, 0, 0, 0, 0, 0, 0, 4, 24
"d:\projects\flutter\49-mobile-app\lib\features\ride\trip_details\presentation\widgets\started_trip_widget.dart", "Dart", 0, 168, 0, 0, 0, 0, 0, 0, 0, 0, 0, 0, 7, 175
"d:\projects\flutter\49-mobile-app\lib\features\ride\trip_details\presentation\widgets\trip_details.dart", "Dart", 0, 16, 0, 0, 0, 0, 0, 0, 0, 0, 0, 0, 4, 20
"d:\projects\flutter\49-mobile-app\lib\features\ride\trip_details\presentation\widgets\trip_offers_widget.dart", "Dart", 0, 161, 0, 0, 0, 0, 0, 0, 0, 0, 0, 1, 5, 167
"d:\projects\flutter\49-mobile-app\lib\features\search\data\data_source\search_remote_data_source.dart", "Dart", 0, 43, 0, 0, 0, 0, 0, 0, 0, 0, 0, 0, 7, 50
"d:\projects\flutter\49-mobile-app\lib\features\search\data\model\ads_search_model.dart", "Dart", 0, 75, 0, 0, 0, 0, 0, 0, 0, 0, 0, 0, 3, 78
"d:\projects\flutter\49-mobile-app\lib\features\search\data\model\main_category_search_model.dart", "Dart", 0, 32, 0, 0, 0, 0, 0, 0, 0, 0, 0, 0, 3, 35
"d:\projects\flutter\49-mobile-app\lib\features\search\data\model\search_model.dart", "Dart", 0, 22, 0, 0, 0, 0, 0, 0, 0, 0, 0, 0, 3, 25
"d:\projects\flutter\49-mobile-app\lib\features\search\data\model\user_search_model.dart", "Dart", 0, 30, 0, 0, 0, 0, 0, 0, 0, 0, 0, 2, 5, 37
"d:\projects\flutter\49-mobile-app\lib\features\search\data\repository\search_repository_impl.dart", "Dart", 0, 21, 0, 0, 0, 0, 0, 0, 0, 0, 0, 0, 5, 26
"d:\projects\flutter\49-mobile-app\lib\features\search\domain\entity\ads_search_entity.dart", "Dart", 0, 69, 0, 0, 0, 0, 0, 0, 0, 0, 0, 0, 2, 71
"d:\projects\flutter\49-mobile-app\lib\features\search\domain\entity\main_category_search_entity.dart", "Dart", 0, 27, 0, 0, 0, 0, 0, 0, 0, 0, 0, 0, 2, 29
"d:\projects\flutter\49-mobile-app\lib\features\search\domain\entity\search_entity.dart", "Dart", 0, 8, 0, 0, 0, 0, 0, 0, 0, 0, 0, 0, 3, 11
"d:\projects\flutter\49-mobile-app\lib\features\search\domain\entity\user_search_entity.dart", "Dart", 0, 19, 0, 0, 0, 0, 0, 0, 0, 0, 0, 0, 2, 21
"d:\projects\flutter\49-mobile-app\lib\features\search\domain\repository\search_repository.dart", "Dart", 0, 11, 0, 0, 0, 0, 0, 0, 0, 0, 0, 0, 2, 13
"d:\projects\flutter\49-mobile-app\lib\features\search\domain\use_case\fetch_search_use_case.dart", "Dart", 0, 27, 0, 0, 0, 0, 0, 0, 0, 0, 0, 0, 7, 34
"d:\projects\flutter\49-mobile-app\lib\features\search\domain\use_case\fetch_user_search_use_case.dart", "Dart", 0, 16, 0, 0, 0, 0, 0, 0, 0, 0, 0, 0, 4, 20
"d:\projects\flutter\49-mobile-app\lib\features\search\presentation\controller\cubit\search_cubit.dart", "Dart", 0, 127, 0, 0, 0, 0, 0, 0, 0, 0, 0, 17, 15, 159
"d:\projects\flutter\49-mobile-app\lib\features\search\presentation\controller\cubit\search_state.dart", "Dart", 0, 30, 0, 0, 0, 0, 0, 0, 0, 0, 0, 0, 5, 35
"d:\projects\flutter\49-mobile-app\lib\features\search\presentation\pages\search_view.dart", "Dart", 0, 156, 0, 0, 0, 0, 0, 0, 0, 0, 0, 1, 10, 167
"d:\projects\flutter\49-mobile-app\lib\features\search\presentation\pages\widget\ads_search_view.dart", "Dart", 0, 136, 0, 0, 0, 0, 0, 0, 0, 0, 0, 18, 6, 160
"d:\projects\flutter\49-mobile-app\lib\features\search\presentation\pages\widget\build_Item_search_main_category.dart", "Dart", 0, 185, 0, 0, 0, 0, 0, 0, 0, 0, 0, 21, 10, 216
"d:\projects\flutter\49-mobile-app\lib\features\search\presentation\pages\widget\main_category_search_view.dart", "Dart", 0, 73, 0, 0, 0, 0, 0, 0, 0, 0, 0, 60, 6, 139
"d:\projects\flutter\49-mobile-app\lib\features\search\presentation\pages\widget\posts_search_view.dart", "Dart", 0, 10, 0, 0, 0, 0, 0, 0, 0, 0, 0, 0, 3, 13
"d:\projects\flutter\49-mobile-app\lib\features\search\presentation\pages\widget\profile_search_view.dart", "Dart", 0, 101, 0, 0, 0, 0, 0, 0, 0, 0, 0, 0, 6, 107
"d:\projects\flutter\49-mobile-app\lib\features\search\presentation\pages\widget\reel_search_view.dart", "Dart", 0, 95, 0, 0, 0, 0, 0, 0, 0, 0, 0, 0, 11, 106
"d:\projects\flutter\49-mobile-app\lib\features\search\presentation\pages\widget\subcategory_search_view.dart", "Dart", 0, 159, 0, 0, 0, 0, 0, 0, 0, 0, 0, 34, 7, 200
"d:\projects\flutter\49-mobile-app\lib\features\settings\data\data_source\setting_remote_data_source.dart", "Dart", 0, 39, 0, 0, 0, 0, 0, 0, 0, 0, 0, 0, 11, 50
"d:\projects\flutter\49-mobile-app\lib\features\settings\data\models\disable_model.dart", "Dart", 0, 16, 0, 0, 0, 0, 0, 0, 0, 0, 0, 0, 3, 19
"d:\projects\flutter\49-mobile-app\lib\features\settings\data\repository\setting_repository_impl.dart", "Dart", 0, 21, 0, 0, 0, 0, 0, 0, 0, 0, 0, 0, 5, 26
"d:\projects\flutter\49-mobile-app\lib\features\settings\domain\entities\disable_entity.dart", "Dart", 0, 13, 0, 0, 0, 0, 0, 0, 0, 0, 0, 0, 3, 16
"d:\projects\flutter\49-mobile-app\lib\features\settings\domain\repository\setting_repository.dart", "Dart", 0, 8, 0, 0, 0, 0, 0, 0, 0, 0, 0, 0, 2, 10
"d:\projects\flutter\49-mobile-app\lib\features\settings\domain\useCase\delete_account_use_case.dart", "Dart", 0, 12, 0, 0, 0, 0, 0, 0, 0, 0, 0, 0, 3, 15
"d:\projects\flutter\49-mobile-app\lib\features\settings\domain\useCase\disable_account_use_case.dart", "Dart", 0, 13, 0, 0, 0, 0, 0, 0, 0, 0, 0, 0, 5, 18
"d:\projects\flutter\49-mobile-app\lib\features\settings\domain\useCase\enable_account_use_case.dart", "Dart", 0, 13, 0, 0, 0, 0, 0, 0, 0, 0, 0, 0, 5, 18
"d:\projects\flutter\49-mobile-app\lib\features\settings\presentation\cubit\settings_cubit.dart", "Dart", 0, 50, 0, 0, 0, 0, 0, 0, 0, 0, 0, 2, 7, 59
"d:\projects\flutter\49-mobile-app\lib\features\settings\presentation\cubit\settings_state.dart", "Dart", 0, 21, 0, 0, 0, 0, 0, 0, 0, 0, 0, 0, 5, 26
"d:\projects\flutter\49-mobile-app\lib\features\settings\presentation\pages\settings_view.dart", "Dart", 0, 154, 0, 0, 0, 0, 0, 0, 0, 0, 0, 4, 5, 163
"d:\projects\flutter\49-mobile-app\lib\features\shipping\create_shipping_request\data\datasources\create_shipping_remote_data_source.dart", "Dart", 0, 70, 0, 0, 0, 0, 0, 0, 0, 0, 0, 1, 14, 85
"d:\projects\flutter\49-mobile-app\lib\features\shipping\create_shipping_request\data\datasources\images_data_source.dart", "Dart", 0, 8, 0, 0, 0, 0, 0, 0, 0, 0, 0, 1, 2, 11
"d:\projects\flutter\49-mobile-app\lib\features\shipping\create_shipping_request\data\datasources\shipping_data_source.dart", "Dart", 0, 144, 0, 0, 0, 0, 0, 0, 0, 0, 0, 21, 29, 194
"d:\projects\flutter\49-mobile-app\lib\features\shipping\create_shipping_request\data\models\all_trip_model\all_trip_model.dart", "Dart", 0, 88, 0, 0, 0, 0, 0, 0, 0, 0, 0, 0, 6, 94
"d:\projects\flutter\49-mobile-app\lib\features\shipping\create_shipping_request\data\models\all_trip_model\category_id.dart", "Dart", 0, 19, 0, 0, 0, 0, 0, 0, 0, 0, 0, 0, 4, 23
"d:\projects\flutter\49-mobile-app\lib\features\shipping\create_shipping_request\data\models\all_trip_model\goods_picture.dart", "Dart", 0, 10, 0, 0, 0, 0, 0, 0, 0, 0, 0, 0, 4, 14
"d:\projects\flutter\49-mobile-app\lib\features\shipping\create_shipping_request\data\models\all_trip_model\user_id.dart", "Dart", 0, 25, 0, 0, 0, 0, 0, 0, 0, 0, 0, 0, 4, 29
"d:\projects\flutter\49-mobile-app\lib\features\shipping\create_shipping_request\data\models\banner_model\banner_model.dart", "Dart", 0, 20, 0, 0, 0, 0, 0, 0, 0, 0, 0, 0, 5, 25
"d:\projects\flutter\49-mobile-app\lib\features\shipping\create_shipping_request\data\models\banner_model\main_category.dart", "Dart", 0, 47, 0, 0, 0, 0, 0, 0, 0, 0, 0, 0, 3, 50
"d:\projects\flutter\49-mobile-app\lib\features\shipping\create_shipping_request\data\models\banner_model\sub_category.dart", "Dart", 0, 37, 0, 0, 0, 0, 0, 0, 0, 0, 0, 0, 4, 41
"d:\projects\flutter\49-mobile-app\lib\features\shipping\create_shipping_request\data\models\car_images_s3_model\car_image.dart", "Dart", 0, 13, 0, 0, 0, 0, 0, 0, 0, 0, 0, 0, 4, 17
"d:\projects\flutter\49-mobile-app\lib\features\shipping\create_shipping_request\data\models\car_images_s3_model\car_images_s3_model.dart", "Dart", 0, 18, 0, 0, 0, 0, 0, 0, 0, 0, 0, 0, 5, 23
"d:\projects\flutter\49-mobile-app\lib\features\shipping\create_shipping_request\data\models\car_license_s3_model\car_license_behind.dart", "Dart", 0, 15, 0, 0, 0, 0, 0, 0, 0, 0, 0, 0, 4, 19
"d:\projects\flutter\49-mobile-app\lib\features\shipping\create_shipping_request\data\models\car_license_s3_model\car_license_front.dart", "Dart", 0, 15, 0, 0, 0, 0, 0, 0, 0, 0, 0, 0, 4, 19
"d:\projects\flutter\49-mobile-app\lib\features\shipping\create_shipping_request\data\models\car_license_s3_model\car_license_s3_model.dart", "Dart", 0, 30, 0, 0, 0, 0, 0, 0, 0, 0, 0, 0, 5, 35
"d:\projects\flutter\49-mobile-app\lib\features\shipping\create_shipping_request\data\models\driver_register_request_model.dart", "Dart", 0, 32, 0, 0, 0, 0, 0, 0, 0, 0, 0, 0, 2, 34
"d:\projects\flutter\49-mobile-app\lib\features\shipping\create_shipping_request\data\models\driver_statistice_model.dart", "Dart", 0, 38, 0, 0, 0, 0, 0, 0, 0, 0, 0, 0, 4, 42
"d:\projects\flutter\49-mobile-app\lib\features\shipping\create_shipping_request\data\models\drivnig_license_s3_model\driving_license_behind.dart", "Dart", 0, 15, 0, 0, 0, 0, 0, 0, 0, 0, 0, 0, 4, 19
"d:\projects\flutter\49-mobile-app\lib\features\shipping\create_shipping_request\data\models\drivnig_license_s3_model\driving_license_front.dart", "Dart", 0, 15, 0, 0, 0, 0, 0, 0, 0, 0, 0, 0, 4, 19
"d:\projects\flutter\49-mobile-app\lib\features\shipping\create_shipping_request\data\models\drivnig_license_s3_model\drivnig_license_s3_model.dart", "Dart", 0, 30, 0, 0, 0, 0, 0, 0, 0, 0, 0, 0, 5, 35
"d:\projects\flutter\49-mobile-app\lib\features\shipping\create_shipping_request\data\models\get_driver_data_model\driver_info_id.dart", "Dart", 0, 86, 0, 0, 0, 0, 0, 0, 0, 0, 0, 0, 4, 90
"d:\projects\flutter\49-mobile-app\lib\features\shipping\create_shipping_request\data\models\get_driver_data_model\driver_information.dart", "Dart", 0, 90, 0, 0, 0, 0, 0, 0, 0, 0, 0, 0, 5, 95
"d:\projects\flutter\49-mobile-app\lib\features\shipping\create_shipping_request\data\models\get_driver_data_model\get_driver_data_model.dart", "Dart", 0, 16, 0, 0, 0, 0, 0, 0, 0, 0, 0, 0, 5, 21
"d:\projects\flutter\49-mobile-app\lib\features\shipping\create_shipping_request\data\models\get_requests_for_loading_model\driver_id.dart", "Dart", 0, 51, 0, 0, 0, 0, 0, 0, 0, 0, 0, 0, 5, 56
"d:\projects\flutter\49-mobile-app\lib\features\shipping\create_shipping_request\data\models\get_requests_for_loading_model\driver_info_id.dart", "Dart", 0, 10, 0, 0, 0, 0, 0, 0, 0, 0, 0, 0, 4, 14
"d:\projects\flutter\49-mobile-app\lib\features\shipping\create_shipping_request\data\models\get_requests_for_loading_model\get_requests_for_loading_model.dart", "Dart", 0, 53, 0, 0, 0, 0, 0, 0, 0, 0, 0, 0, 5, 58
"d:\projects\flutter\49-mobile-app\lib\features\shipping\create_shipping_request\data\models\get_requests_for_loading_model\profile_picture_key.dart", "Dart", 0, 15, 0, 0, 0, 0, 0, 0, 0, 0, 0, 0, 4, 19
"d:\projects\flutter\49-mobile-app\lib\features\shipping\create_shipping_request\data\models\get_requests_for_loading_model\review.dart", "Dart", 0, 28, 0, 0, 0, 0, 0, 0, 0, 0, 0, 0, 4, 32
"d:\projects\flutter\49-mobile-app\lib\features\shipping\create_shipping_request\data\models\get_requests_for_loading_model\user_id.dart", "Dart", 0, 33, 0, 0, 0, 0, 0, 0, 0, 0, 0, 0, 5, 38
"d:\projects\flutter\49-mobile-app\lib\features\shipping\create_shipping_request\data\models\get_requests_for_loading_model\user_profile.dart", "Dart", 0, 14, 0, 0, 0, 0, 0, 0, 0, 0, 0, 0, 5, 19
"d:\projects\flutter\49-mobile-app\lib\features\shipping\create_shipping_request\data\models\info_documents_model\document.dart", "Dart", 0, 16, 0, 0, 0, 0, 0, 0, 0, 0, 0, 0, 4, 20
"d:\projects\flutter\49-mobile-app\lib\features\shipping\create_shipping_request\data\models\info_documents_model\info_documents_model.dart", "Dart", 0, 15, 0, 0, 0, 0, 0, 0, 0, 0, 0, 0, 5, 20
"d:\projects\flutter\49-mobile-app\lib\features\shipping\create_shipping_request\data\models\info_id_s3_model\id_behind.dart", "Dart", 0, 13, 0, 0, 0, 0, 0, 0, 0, 0, 0, 0, 4, 17
"d:\projects\flutter\49-mobile-app\lib\features\shipping\create_shipping_request\data\models\info_id_s3_model\id_front.dart", "Dart", 0, 13, 0, 0, 0, 0, 0, 0, 0, 0, 0, 0, 4, 17
"d:\projects\flutter\49-mobile-app\lib\features\shipping\create_shipping_request\data\models\info_id_s3_model\info_id_s3_model.dart", "Dart", 0, 22, 0, 0, 0, 0, 0, 0, 0, 0, 0, 0, 5, 27
"d:\projects\flutter\49-mobile-app\lib\features\shipping\create_shipping_request\data\models\register_request_model.dart", "Dart", 0, 39, 0, 0, 0, 0, 0, 0, 0, 0, 0, 7, 2, 48
"d:\projects\flutter\49-mobile-app\lib\features\shipping\create_shipping_request\data\models\request_model.dart", "Dart", 0, 32, 0, 0, 0, 0, 0, 0, 0, 0, 0, 5, 2, 39
"d:\projects\flutter\49-mobile-app\lib\features\shipping\create_shipping_request\data\models\trip_by_user_model.dart", "Dart", 0, 78, 0, 0, 0, 0, 0, 0, 0, 0, 0, 0, 4, 82
"d:\projects\flutter\49-mobile-app\lib\features\shipping\create_shipping_request\data\repositories\create_shipping_repo_impl.dart", "Dart", 0, 35, 0, 0, 0, 0, 0, 0, 0, 0, 0, 0, 7, 42
"d:\projects\flutter\49-mobile-app\lib\features\shipping\create_shipping_request\data\repositories\images_repository.dart", "Dart", 0, 5, 0, 0, 0, 0, 0, 0, 0, 0, 0, 64, 7, 76
"d:\projects\flutter\49-mobile-app\lib\features\shipping\create_shipping_request\data\repositories\shipping_repository.dart", "Dart", 0, 140, 0, 0, 0, 0, 0, 0, 0, 0, 0, 72, 39, 251
"d:\projects\flutter\49-mobile-app\lib\features\shipping\create_shipping_request\domain\repositories\create_shipping_repo.dart", "Dart", 0, 18, 0, 0, 0, 0, 0, 0, 0, 0, 0, 0, 6, 24
"d:\projects\flutter\49-mobile-app\lib\features\shipping\create_shipping_request\domain\usecases\get_shipping_expected_price_usecase.dart", "Dart", 0, 15, 0, 0, 0, 0, 0, 0, 0, 0, 0, 0, 3, 18
"d:\projects\flutter\49-mobile-app\lib\features\shipping\create_shipping_request\domain\usecases\get_shipping_subcategories_usecase.dart", "Dart", 0, 14, 0, 0, 0, 0, 0, 0, 0, 0, 0, 0, 3, 17
"d:\projects\flutter\49-mobile-app\lib\features\shipping\create_shipping_request\presentation\cubit\accept_decline_trip_cubit.dart", "Dart", 0, 55, 0, 0, 0, 0, 0, 0, 0, 0, 0, 0, 6, 61
"d:\projects\flutter\49-mobile-app\lib\features\shipping\create_shipping_request\presentation\cubit\call_message_cubit.dart", "Dart", 0, 23, 0, 0, 0, 0, 0, 0, 0, 0, 0, 0, 4, 27
"d:\projects\flutter\49-mobile-app\lib\features\shipping\create_shipping_request\presentation\cubit\create_shipping_request_cubit.dart", "Dart", 0, 131, 0, 0, 0, 0, 0, 0, 0, 0, 0, 4, 14, 149
"d:\projects\flutter\49-mobile-app\lib\features\shipping\create_shipping_request\presentation\cubit\create_shipping_request_state.dart", "Dart", 0, 90, 0, 0, 0, 0, 0, 0, 0, 0, 0, 0, 7, 97
"d:\projects\flutter\49-mobile-app\lib\features\shipping\create_shipping_request\presentation\cubit\create_trip_cubit.dart", "Dart", 0, 42, 0, 0, 0, 0, 0, 0, 0, 0, 0, 5, 6, 53
"d:\projects\flutter\49-mobile-app\lib\features\shipping\create_shipping_request\presentation\cubit\delete_driver_cubit.dart", "Dart", 0, 18, 0, 0, 0, 0, 0, 0, 0, 0, 0, 0, 3, 21
"d:\projects\flutter\49-mobile-app\lib\features\shipping\create_shipping_request\presentation\cubit\driverStatistics_cubit.dart", "Dart", 0, 20, 0, 0, 0, 0, 0, 0, 0, 0, 0, 0, 2, 22
"d:\projects\flutter\49-mobile-app\lib\features\shipping\create_shipping_request\presentation\cubit\favorite_main_cateogry_cubit.dart", "Dart", 0, 11, 0, 0, 0, 0, 0, 0, 0, 0, 0, 0, 2, 13
"d:\projects\flutter\49-mobile-app\lib\features\shipping\create_shipping_request\presentation\cubit\favorite_shipping_cubit.dart", "Dart", 0, 19, 0, 0, 0, 0, 0, 0, 0, 0, 0, 0, 3, 22
"d:\projects\flutter\49-mobile-app\lib\features\shipping\create_shipping_request\presentation\cubit\get_all_request_by_my_trip_cubit.dart", "Dart", 0, 27, 0, 0, 0, 0, 0, 0, 0, 0, 0, 0, 3, 30
"d:\projects\flutter\49-mobile-app\lib\features\shipping\create_shipping_request\presentation\cubit\get_all_trip_cubit.dart", "Dart", 0, 25, 0, 0, 0, 0, 0, 0, 0, 0, 0, 0, 2, 27
"d:\projects\flutter\49-mobile-app\lib\features\shipping\create_shipping_request\presentation\cubit\get_driver_cubit.dart", "Dart", 0, 20, 0, 0, 0, 0, 0, 0, 0, 0, 0, 1, 2, 23
"d:\projects\flutter\49-mobile-app\lib\features\shipping\create_shipping_request\presentation\cubit\get_driver_dashboard_data.dart", "Dart", 0, 7, 0, 0, 0, 0, 0, 0, 0, 0, 0, 0, 2, 9
"d:\projects\flutter\49-mobile-app\lib\features\shipping\create_shipping_request\presentation\cubit\get_my_trip_cubit.dart", "Dart", 0, 25, 0, 0, 0, 0, 0, 0, 0, 0, 0, 1, 3, 29
"d:\projects\flutter\49-mobile-app\lib\features\shipping\create_shipping_request\presentation\cubit\images_cubit.dart", "Dart", 0, 7, 0, 0, 0, 0, 0, 0, 0, 0, 0, 11, 2, 20
"d:\projects\flutter\49-mobile-app\lib\features\shipping\create_shipping_request\presentation\cubit\register_shipping_cubit.dart", "Dart", 0, 7, 0, 0, 0, 0, 0, 0, 0, 0, 0, 0, 2, 9
"d:\projects\flutter\49-mobile-app\lib\features\shipping\create_shipping_request\presentation\cubit\shipping_cubit.dart", "Dart", 0, 338, 0, 0, 0, 0, 0, 0, 0, 0, 0, 89, 39, 466
"d:\projects\flutter\49-mobile-app\lib\features\shipping\create_shipping_request\presentation\cubit\shipping_state.dart", "Dart", 0, 84, 0, 0, 0, 0, 0, 0, 0, 0, 0, 3, 46, 133
"d:\projects\flutter\49-mobile-app\lib\features\shipping\create_shipping_request\presentation\cubit\trip_cubit.dart", "Dart", 0, 46, 0, 0, 0, 0, 0, 0, 0, 0, 0, 15, 5, 66
"d:\projects\flutter\49-mobile-app\lib\features\shipping\create_shipping_request\presentation\cubit\update_driver_cubit.dart", "Dart", 0, 52, 0, 0, 0, 0, 0, 0, 0, 0, 0, 0, 4, 56
"d:\projects\flutter\49-mobile-app\lib\features\shipping\create_shipping_request\presentation\pages\create_shipping_view.dart", "Dart", 0, 690, 0, 0, 0, 0, 0, 0, 0, 0, 0, 61, 22, 773
"d:\projects\flutter\49-mobile-app\lib\features\shipping\create_shipping_request\presentation\pages\create_trip_form.dart", "Dart", 0, 625, 0, 0, 0, 0, 0, 0, 0, 0, 0, 9, 19, 653
"d:\projects\flutter\49-mobile-app\lib\features\shipping\create_shipping_request\presentation\pages\dahsboard_driver_screen.dart", "Dart", 0, 471, 0, 0, 0, 0, 0, 0, 0, 0, 0, 108, 13, 592
"d:\projects\flutter\49-mobile-app\lib\features\shipping\create_shipping_request\presentation\pages\driver_requests.dart", "Dart", 0, 80, 0, 0, 0, 0, 0, 0, 0, 0, 0, 1, 4, 85
"d:\projects\flutter\49-mobile-app\lib\features\shipping\create_shipping_request\presentation\pages\edit_driver_screen.dart", "Dart", 0, 774, 0, 0, 0, 0, 0, 0, 0, 0, 0, 169, 7, 950
"d:\projects\flutter\49-mobile-app\lib\features\shipping\create_shipping_request\presentation\pages\my_rating_screen.dart", "Dart", 0, 191, 0, 0, 0, 0, 0, 0, 0, 0, 0, 9, 3, 203
"d:\projects\flutter\49-mobile-app\lib\features\shipping\create_shipping_request\presentation\pages\register_shipping_screen.dart", "Dart", 0, 895, 0, 0, 0, 0, 0, 0, 0, 0, 0, 427, 19, 1341
"d:\projects\flutter\49-mobile-app\lib\features\shipping\create_shipping_request\presentation\pages\request_detials_screen.dart", "Dart", 0, 23, 0, 0, 0, 0, 0, 0, 0, 0, 0, 0, 2, 25
"d:\projects\flutter\49-mobile-app\lib\features\shipping\create_shipping_request\presentation\pages\trip_rating_screen.dart", "Dart", 0, 105, 0, 0, 0, 0, 0, 0, 0, 0, 0, 1, 2, 108
"d:\projects\flutter\49-mobile-app\lib\features\shipping\create_shipping_request\presentation\pages\your_trips_screen.dart", "Dart", 0, 8, 0, 0, 0, 0, 0, 0, 0, 0, 0, 0, 3, 11
"d:\projects\flutter\49-mobile-app\lib\features\shipping\create_shipping_request\presentation\widgets\create_shipping_governorate_dropdown.dart", "Dart", 0, 0, 0, 0, 0, 0, 0, 0, 0, 0, 0, 28, 3, 31
"d:\projects\flutter\49-mobile-app\lib\features\shipping\create_shipping_request\presentation\widgets\from_and_to_widget.dart", "Dart", 0, 179, 0, 0, 0, 0, 0, 0, 0, 0, 0, 1, 7, 187
"d:\projects\flutter\49-mobile-app\lib\features\shipping\create_shipping_request\presentation\widgets\image_validation.dart", "Dart", 0, 140, 0, 0, 0, 0, 0, 0, 0, 0, 0, 0, 5, 145
"d:\projects\flutter\49-mobile-app\lib\features\shipping\create_shipping_request\presentation\widgets\select_shipping_destination.dart", "Dart", 0, 137, 0, 0, 0, 0, 0, 0, 0, 0, 0, 0, 5, 142
"d:\projects\flutter\49-mobile-app\lib\features\shipping\create_shipping_request\presentation\widgets\shipping_banner.dart", "Dart", 0, 74, 0, 0, 0, 0, 0, 0, 0, 0, 0, 62, 9, 145
"d:\projects\flutter\49-mobile-app\lib\features\shipping\create_shipping_request\presentation\widgets\shipping_details_widget.dart", "Dart", 0, 166, 0, 0, 0, 0, 0, 0, 0, 0, 0, 0, 8, 174
"d:\projects\flutter\49-mobile-app\lib\features\shipping\create_shipping_request\presentation\widgets\trip_card.dart", "Dart", 0, 428, 0, 0, 0, 0, 0, 0, 0, 0, 0, 10, 5, 443
"d:\projects\flutter\49-mobile-app\lib\features\social_media\chat\broadcasts\presentation\pages\broadcast_view.dart", "Dart", 0, 397, 0, 0, 0, 0, 0, 0, 0, 0, 0, 10, 16, 423
"d:\projects\flutter\49-mobile-app\lib\features\social_media\chat\broadcasts\presentation\pages\see_all_broadcasts.dart", "Dart", 0, 103, 0, 0, 0, 0, 0, 0, 0, 0, 0, 1, 4, 108
"d:\projects\flutter\49-mobile-app\lib\features\social_media\chat\broadcasts\presentation\widgets\follow_broadcast_card.dart", "Dart", 0, 79, 0, 0, 0, 0, 0, 0, 0, 0, 0, 0, 4, 83
"d:\projects\flutter\49-mobile-app\lib\features\social_media\chat\broadcasts\presentation\widgets\my_broadcast_card.dart", "Dart", 0, 30, 0, 0, 0, 0, 0, 0, 0, 0, 0, 0, 3, 33
"d:\projects\flutter\49-mobile-app\lib\features\social_media\chat\chat_profile\presentation\pages\chat_profile_view.dart", "Dart", 0, 117, 0, 0, 0, 0, 0, 0, 0, 0, 0, 18, 3, 138
"d:\projects\flutter\49-mobile-app\lib\features\social_media\chat\chat_room\data\datasources\local\chat_message_local_datasourse.dart", "Dart", 0, 53, 0, 0, 0, 0, 0, 0, 0, 0, 0, 7, 11, 71
"d:\projects\flutter\49-mobile-app\lib\features\social_media\chat\chat_room\data\datasources\remote\chat_message_remote_datasourse.dart", "Dart", 0, 213, 0, 0, 0, 0, 0, 0, 0, 0, 0, 38, 29, 280
"d:\projects\flutter\49-mobile-app\lib\features\social_media\chat\chat_room\data\models\contact_model.dart", "Dart", 0, 11, 0, 0, 0, 0, 0, 0, 0, 0, 0, 0, 3, 14
"d:\projects\flutter\49-mobile-app\lib\features\social_media\chat\chat_room\data\models\message_media_model.dart", "Dart", 0, 28, 0, 0, 0, 0, 0, 0, 0, 0, 0, 0, 4, 32
"d:\projects\flutter\49-mobile-app\lib\features\social_media\chat\chat_room\data\models\message_model.dart", "Dart", 0, 69, 0, 0, 0, 0, 0, 0, 0, 0, 0, 0, 3, 72
"d:\projects\flutter\49-mobile-app\lib\features\social_media\chat\chat_room\data\models\message_shared_contacts_model.dart", "Dart", 0, 12, 0, 0, 0, 0, 0, 0, 0, 0, 0, 0, 3, 15
"d:\projects\flutter\49-mobile-app\lib\features\social_media\chat\chat_room\data\models\reply_message_model.dart", "Dart", 0, 29, 0, 0, 0, 0, 0, 0, 0, 0, 0, 0, 4, 33
"d:\projects\flutter\49-mobile-app\lib\features\social_media\chat\chat_room\data\models\seen_history_model.dart", "Dart", 0, 21, 0, 0, 0, 0, 0, 0, 0, 0, 0, 16, 5, 42
"d:\projects\flutter\49-mobile-app\lib\features\social_media\chat\chat_room\data\models\typing_and_online_model.dart", "Dart", 0, 13, 0, 0, 0, 0, 0, 0, 0, 0, 0, 0, 3, 16
"d:\projects\flutter\49-mobile-app\lib\features\social_media\chat\chat_room\data\repositories\chat_room_repository_implement.dart", "Dart", 0, 60, 0, 0, 0, 0, 0, 0, 0, 0, 0, 0, 13, 73
"d:\projects\flutter\49-mobile-app\lib\features\social_media\chat\chat_room\domain\entities\contact_entity.dart", "Dart", 0, 6, 0, 0, 0, 0, 0, 0, 0, 0, 0, 0, 2, 8
"d:\projects\flutter\49-mobile-app\lib\features\social_media\chat\chat_room\domain\entities\message_entity.dart", "Dart", 0, 55, 0, 0, 0, 0, 0, 0, 0, 0, 0, 0, 7, 62
"d:\projects\flutter\49-mobile-app\lib\features\social_media\chat\chat_room\domain\entities\message_media_entity.dart", "Dart", 0, 14, 0, 0, 0, 0, 0, 0, 0, 0, 0, 0, 2, 16
"d:\projects\flutter\49-mobile-app\lib\features\social_media\chat\chat_room\domain\entities\message_sender_entity.dart", "Dart", 0, 7, 0, 0, 0, 0, 0, 0, 0, 0, 0, 0, 2, 9
"d:\projects\flutter\49-mobile-app\lib\features\social_media\chat\chat_room\domain\entities\message_shared_contacts_entity.dart", "Dart", 0, 18, 0, 0, 0, 0, 0, 0, 0, 0, 0, 0, 2, 20
"d:\projects\flutter\49-mobile-app\lib\features\social_media\chat\chat_room\domain\entities\reply_message_entity.dart", "Dart", 0, 13, 0, 0, 0, 0, 0, 0, 0, 0, 0, 0, 4, 17
"d:\projects\flutter\49-mobile-app\lib\features\social_media\chat\chat_room\domain\repositories\chat_room_repository.dart", "Dart", 0, 23, 0, 0, 0, 0, 0, 0, 0, 0, 0, 0, 12, 35
"d:\projects\flutter\49-mobile-app\lib\features\social_media\chat\chat_room\domain\usecases\get_messages_usecase.dart", "Dart", 0, 20, 0, 0, 0, 0, 0, 0, 0, 0, 0, 0, 6, 26
"d:\projects\flutter\49-mobile-app\lib\features\social_media\chat\chat_room\domain\usecases\listen_to_delivered_messages.dart", "Dart", 0, 11, 0, 0, 0, 0, 0, 0, 0, 0, 0, 0, 4, 15
"d:\projects\flutter\49-mobile-app\lib\features\social_media\chat\chat_room\domain\usecases\listen_to_new_message_usecase.dart", "Dart", 0, 12, 0, 0, 0, 0, 0, 0, 0, 0, 0, 0, 5, 17
"d:\projects\flutter\49-mobile-app\lib\features\social_media\chat\chat_room\domain\usecases\listen_to_seen_messages.dart", "Dart", 0, 12, 0, 0, 0, 0, 0, 0, 0, 0, 0, 0, 4, 16
"d:\projects\flutter\49-mobile-app\lib\features\social_media\chat\chat_room\domain\usecases\mark_message_as_seen_usecase.dart", "Dart", 0, 16, 0, 0, 0, 0, 0, 0, 0, 0, 0, 0, 5, 21
"d:\projects\flutter\49-mobile-app\lib\features\social_media\chat\chat_room\domain\usecases\mark_messages_as_delivered_usecase.dart", "Dart", 0, 17, 0, 0, 0, 0, 0, 0, 0, 0, 0, 0, 6, 23
"d:\projects\flutter\49-mobile-app\lib\features\social_media\chat\chat_room\domain\usecases\send_message_usecase.dart", "Dart", 0, 35, 0, 0, 0, 0, 0, 0, 0, 0, 0, 0, 9, 44
"d:\projects\flutter\49-mobile-app\lib\features\social_media\chat\chat_room\domain\usecases\stop_listen_to_delivered_messages.dart", "Dart", 0, 11, 0, 0, 0, 0, 0, 0, 0, 0, 0, 0, 4, 15
"d:\projects\flutter\49-mobile-app\lib\features\social_media\chat\chat_room\domain\usecases\stop_listen_to_messages.dart", "Dart", 0, 10, 0, 0, 0, 0, 0, 0, 0, 0, 0, 0, 3, 13
"d:\projects\flutter\49-mobile-app\lib\features\social_media\chat\chat_room\domain\usecases\stop_listen_to_seen_messages.dart", "Dart", 0, 10, 0, 0, 0, 0, 0, 0, 0, 0, 0, 0, 4, 14
"d:\projects\flutter\49-mobile-app\lib\features\social_media\chat\chat_room\presentation\controllers\camera_picker_cubit\camera_picker_cubit.dart", "Dart", 0, 133, 0, 0, 0, 0, 0, 0, 0, 0, 0, 3, 28, 164
"d:\projects\flutter\49-mobile-app\lib\features\social_media\chat\chat_room\presentation\controllers\camera_picker_cubit\camera_picker_state.dart", "Dart", 0, 39, 0, 0, 0, 0, 0, 0, 0, 0, 0, 0, 6, 45
"d:\projects\flutter\49-mobile-app\lib\features\social_media\chat\chat_room\presentation\controllers\chat_cubit\chat_room_cubit.dart", "Dart", 0, 0, 0, 0, 0, 0, 0, 0, 0, 0, 0, 232, 30, 262
"d:\projects\flutter\49-mobile-app\lib\features\social_media\chat\chat_room\presentation\controllers\chat_room_cubit\chat_room_cubit.dart", "Dart", 0, 256, 0, 0, 0, 0, 0, 0, 0, 0, 0, 7, 31, 294
"d:\projects\flutter\49-mobile-app\lib\features\social_media\chat\chat_room\presentation\controllers\chat_room_cubit\chat_room_state.dart", "Dart", 0, 35, 0, 0, 0, 0, 0, 0, 0, 0, 0, 0, 10, 45
"d:\projects\flutter\49-mobile-app\lib\features\social_media\chat\chat_room\presentation\pages\attachments_view.dart", "Dart", 0, 567, 0, 0, 0, 0, 0, 0, 0, 0, 0, 7, 38, 612
"d:\projects\flutter\49-mobile-app\lib\features\social_media\chat\chat_room\presentation\pages\camera_picker\camera_picker.dart", "Dart", 0, 548, 0, 0, 0, 0, 0, 0, 0, 0, 0, 23, 35, 606
"d:\projects\flutter\49-mobile-app\lib\features\social_media\chat\chat_room\presentation\pages\camera_picker\media_slider.dart", "Dart", 0, 358, 0, 0, 0, 0, 0, 0, 0, 0, 0, 193, 44, 595
"d:\projects\flutter\49-mobile-app\lib\features\social_media\chat\chat_room\presentation\pages\chat_room_view.dart", "Dart", 0, 61, 0, 0, 0, 0, 0, 0, 0, 0, 0, 139, 7, 207
"d:\projects\flutter\49-mobile-app\lib\features\social_media\chat\chat_room\presentation\pages\contacts_view.dart", "Dart", 0, 187, 0, 0, 0, 0, 0, 0, 0, 0, 0, 3, 13, 203
"d:\projects\flutter\49-mobile-app\lib\features\social_media\chat\chat_room\presentation\pages\select_contacts_to_share_view.dart", "Dart", 0, 107, 0, 0, 0, 0, 0, 0, 0, 0, 0, 1, 7, 115
"d:\projects\flutter\49-mobile-app\lib\features\social_media\chat\chat_room\presentation\pages\show_image_view.dart", "Dart", 0, 226, 0, 0, 0, 0, 0, 0, 0, 0, 0, 5, 24, 255
"d:\projects\flutter\49-mobile-app\lib\features\social_media\chat\chat_room\presentation\pages\show_images_view.dart", "Dart", 0, 48, 0, 0, 0, 0, 0, 0, 0, 0, 0, 0, 4, 52
"d:\projects\flutter\49-mobile-app\lib\features\social_media\chat\chat_room\presentation\pages\viewcontact_view.dart", "Dart", 0, 93, 0, 0, 0, 0, 0, 0, 0, 0, 0, 8, 4, 105
"d:\projects\flutter\49-mobile-app\lib\features\social_media\chat\chat_room\presentation\widgets\camera_picker\images_and_videos_slider.dart", "Dart", 0, 0, 0, 0, 0, 0, 0, 0, 0, 0, 0, 276, 20, 296
"d:\projects\flutter\49-mobile-app\lib\features\social_media\chat\chat_room\presentation\widgets\chat_room_widgets\Attachment_types.dart", "Dart", 0, 146, 0, 0, 0, 0, 0, 0, 0, 0, 0, 1, 8, 155
"d:\projects\flutter\49-mobile-app\lib\features\social_media\chat\chat_room\presentation\widgets\chat_room_widgets\chat_room_app_bar.dart", "Dart", 0, 283, 0, 0, 0, 0, 0, 0, 0, 0, 0, 3, 7, 293
"d:\projects\flutter\49-mobile-app\lib\features\social_media\chat\chat_room\presentation\widgets\chat_room_widgets\delete_message_body.dart", "Dart", 0, 54, 0, 0, 0, 0, 0, 0, 0, 0, 0, 9, 3, 66
"d:\projects\flutter\49-mobile-app\lib\features\social_media\chat\chat_room\presentation\widgets\chat_room_widgets\emoji_keyboard.dart", "Dart", 0, 235, 0, 0, 0, 0, 0, 0, 0, 0, 0, 3, 18, 256
"d:\projects\flutter\49-mobile-app\lib\features\social_media\chat\chat_room\presentation\widgets\chat_room_widgets\massages_list_view.dart", "Dart", 0, 116, 0, 0, 0, 0, 0, 0, 0, 0, 0, 45, 18, 179
"d:\projects\flutter\49-mobile-app\lib\features\social_media\chat\chat_room\presentation\widgets\chat_room_widgets\message_card.dart", "Dart", 0, 1283, 0, 0, 0, 0, 0, 0, 0, 0, 0, 50, 51, 1384
"d:\projects\flutter\49-mobile-app\lib\features\social_media\chat\chat_room\presentation\widgets\chat_room_widgets\recived_file.dart", "Dart", 0, 233, 0, 0, 0, 0, 0, 0, 0, 0, 0, 3, 11, 247
"d:\projects\flutter\49-mobile-app\lib\features\social_media\chat\chat_room\presentation\widgets\chat_room_widgets\replay_message_widget.dart", "Dart", 0, 60, 0, 0, 0, 0, 0, 0, 0, 0, 0, 0, 5, 65
"d:\projects\flutter\49-mobile-app\lib\features\social_media\chat\chat_room\presentation\widgets\chat_room_widgets\send_file.dart", "Dart", 0, 211, 0, 0, 0, 0, 0, 0, 0, 0, 0, 3, 11, 225
"d:\projects\flutter\49-mobile-app\lib\features\social_media\chat\chat_room\presentation\widgets\chat_room_widgets\send_message_widget.dart", "Dart", 0, 344, 0, 0, 0, 0, 0, 0, 0, 0, 0, 396, 56, 796
"d:\projects\flutter\49-mobile-app\lib\features\social_media\chat\chat_room\presentation\widgets\masseges_list_view.dart", "Dart", 0, 0, 0, 0, 0, 0, 0, 0, 0, 0, 0, 60, 4, 64
"d:\projects\flutter\49-mobile-app\lib\features\social_media\chat\chat_room\presentation\widgets\message_card.dart", "Dart", 0, 178, 0, 0, 0, 0, 0, 0, 0, 0, 0, 192, 17, 387
"d:\projects\flutter\49-mobile-app\lib\features\social_media\chat\chat_room\presentation\widgets\widgets_contacts\common_group_cart.dart", "Dart", 0, 55, 0, 0, 0, 0, 0, 0, 0, 0, 0, 0, 3, 58
"d:\projects\flutter\49-mobile-app\lib\features\social_media\chat\chat_room\presentation\widgets\widgets_contacts\create_group_with_contact_cart.dart", "Dart", 0, 46, 0, 0, 0, 0, 0, 0, 0, 0, 0, 0, 3, 49
"d:\projects\flutter\49-mobile-app\lib\features\social_media\chat\chat_room\presentation\widgets\widgets_contacts\recived_contacts.dart", "Dart", 0, 274, 0, 0, 0, 0, 0, 0, 0, 0, 0, 11, 15, 300
"d:\projects\flutter\49-mobile-app\lib\features\social_media\chat\chat_room\presentation\widgets\widgets_contacts\select_contacts_to_share_cart.dart", "Dart", 0, 110, 0, 0, 0, 0, 0, 0, 0, 0, 0, 1, 6, 117
"d:\projects\flutter\49-mobile-app\lib\features\social_media\chat\chat_room\presentation\widgets\widgets_contacts\send_contacts.dart", "Dart", 0, 224, 0, 0, 0, 0, 0, 0, 0, 0, 0, 5, 7, 236
"d:\projects\flutter\49-mobile-app\lib\features\social_media\chat\chat_room\presentation\widgets\widgets_contacts\toggle_icon_button.dart", "Dart", 0, 33, 0, 0, 0, 0, 0, 0, 0, 0, 0, 0, 6, 39
"d:\projects\flutter\49-mobile-app\lib\features\social_media\chat\chat_room\presentation\widgets\widgets_contacts\view_contact_chat_lock_cart.dart", "Dart", 0, 60, 0, 0, 0, 0, 0, 0, 0, 0, 0, 0, 3, 63
"d:\projects\flutter\49-mobile-app\lib\features\social_media\chat\chat_room\presentation\widgets\widgets_contacts\view_contact_custom_divider.dart", "Dart", 0, 18, 0, 0, 0, 0, 0, 0, 0, 0, 0, 0, 3, 21
"d:\projects\flutter\49-mobile-app\lib\features\social_media\chat\chat_room\presentation\widgets\widgets_contacts\view_contact_incription_cart.dart", "Dart", 0, 56, 0, 0, 0, 0, 0, 0, 0, 0, 0, 0, 3, 59
"d:\projects\flutter\49-mobile-app\lib\features\social_media\chat\chat_room\presentation\widgets\widgets_contacts\view_contact_status_cart.dart", "Dart", 0, 45, 0, 0, 0, 0, 0, 0, 0, 0, 0, 0, 3, 48
"d:\projects\flutter\49-mobile-app\lib\features\social_media\chat\chat_view\data\datasources\chats_remote_datasourse.dart", "Dart", 0, 210, 0, 0, 0, 0, 0, 0, 0, 0, 0, 4, 35, 249
"d:\projects\flutter\49-mobile-app\lib\features\social_media\chat\chat_view\data\models\chat_category_model.dart", "Dart", 0, 12, 0, 0, 0, 0, 0, 0, 0, 0, 0, 0, 3, 15
"d:\projects\flutter\49-mobile-app\lib\features\social_media\chat\chat_view\data\models\chat_model.dart", "Dart", 0, 40, 0, 0, 0, 0, 0, 0, 0, 0, 0, 0, 3, 43
"d:\projects\flutter\49-mobile-app\lib\features\social_media\chat\chat_view\data\models\socket_model.dart", "Dart", 0, 32, 0, 0, 0, 0, 0, 0, 0, 0, 0, 0, 7, 39
"d:\projects\flutter\49-mobile-app\lib\features\social_media\chat\chat_view\data\repositories\chats_repository_implement.dart", "Dart", 0, 78, 0, 0, 0, 0, 0, 0, 0, 0, 0, 2, 17, 97
"d:\projects\flutter\49-mobile-app\lib\features\social_media\chat\chat_view\domain\entities\chat_category_entity.dart", "Dart", 0, 6, 0, 0, 0, 0, 0, 0, 0, 0, 0, 0, 4, 10
"d:\projects\flutter\49-mobile-app\lib\features\social_media\chat\chat_view\domain\entities\chat_entity.dart", "Dart", 0, 37, 0, 0, 0, 0, 0, 0, 0, 0, 0, 0, 3, 40
"d:\projects\flutter\49-mobile-app\lib\features\social_media\chat\chat_view\domain\repositories\chats_repository.dart", "Dart", 0, 27, 0, 0, 0, 0, 0, 0, 0, 0, 0, 0, 5, 32
"d:\projects\flutter\49-mobile-app\lib\features\social_media\chat\chat_view\domain\usecases\changeChatMuteState_usecase.dart", "Dart", 0, 12, 0, 0, 0, 0, 0, 0, 0, 0, 0, 0, 4, 16
"d:\projects\flutter\49-mobile-app\lib\features\social_media\chat\chat_view\domain\usecases\changeChatToArchiveNormal_usecase.dart", "Dart", 0, 12, 0, 0, 0, 0, 0, 0, 0, 0, 0, 0, 4, 16
"d:\projects\flutter\49-mobile-app\lib\features\social_media\chat\chat_view\domain\usecases\create_anonymous_chat_use_case.dart", "Dart", 0, 19, 0, 0, 0, 0, 0, 0, 0, 0, 0, 0, 5, 24
"d:\projects\flutter\49-mobile-app\lib\features\social_media\chat\chat_view\domain\usecases\create_normal_chat_use_case.dart", "Dart", 0, 20, 0, 0, 0, 0, 0, 0, 0, 0, 0, 0, 5, 25
"d:\projects\flutter\49-mobile-app\lib\features\social_media\chat\chat_view\domain\usecases\delete_chat_use_case.dart", "Dart", 0, 12, 0, 0, 0, 0, 0, 0, 0, 0, 0, 0, 4, 16
"d:\projects\flutter\49-mobile-app\lib\features\social_media\chat\chat_view\domain\usecases\getGroupsChats_usecase.dart", "Dart", 0, 13, 0, 0, 0, 0, 0, 0, 0, 0, 0, 0, 4, 17
"d:\projects\flutter\49-mobile-app\lib\features\social_media\chat\chat_view\domain\usecases\getSeenHistoryUseCase.dart", "Dart", 0, 13, 0, 0, 0, 0, 0, 0, 0, 0, 0, 0, 4, 17
"d:\projects\flutter\49-mobile-app\lib\features\social_media\chat\chat_view\domain\usecases\get_chats_usecase.dart", "Dart", 0, 48, 0, 0, 0, 0, 0, 0, 0, 0, 0, 0, 9, 57
"d:\projects\flutter\49-mobile-app\lib\features\social_media\chat\chat_view\domain\usecases\get_groups_use_case.dart", "Dart", 0, 0, 0, 0, 0, 0, 0, 0, 0, 0, 0, 13, 1, 14
"d:\projects\flutter\49-mobile-app\lib\features\social_media\chat\chat_view\domain\usecases\listen_to_new_chat_use_case.dart", "Dart", 0, 11, 0, 0, 0, 0, 0, 0, 0, 0, 0, 0, 4, 15
"d:\projects\flutter\49-mobile-app\lib\features\social_media\chat\chat_view\domain\usecases\lock_chat_request.dart", "Dart", 0, 8, 0, 0, 0, 0, 0, 0, 0, 0, 0, 0, 2, 10
"d:\projects\flutter\49-mobile-app\lib\features\social_media\chat\chat_view\domain\usecases\lock_chat_usecase.dart", "Dart", 0, 13, 0, 0, 0, 0, 0, 0, 0, 0, 0, 0, 4, 17
"d:\projects\flutter\49-mobile-app\lib\features\social_media\chat\chat_view\domain\usecases\pin_chat_use_case.dart", "Dart", 0, 12, 0, 0, 0, 0, 0, 0, 0, 0, 0, 0, 4, 16
"d:\projects\flutter\49-mobile-app\lib\features\social_media\chat\chat_view\domain\usecases\unlock_chat_usecase.dart", "Dart", 0, 13, 0, 0, 0, 0, 0, 0, 0, 0, 0, 0, 4, 17
"d:\projects\flutter\49-mobile-app\lib\features\social_media\chat\chat_view\domain\usecases\unpin_chat_use_case.dart", "Dart", 0, 12, 0, 0, 0, 0, 0, 0, 0, 0, 0, 0, 4, 16
"d:\projects\flutter\49-mobile-app\lib\features\social_media\chat\chat_view\presentation\chat_cubit\chat_cubit.dart", "Dart", 0, 0, 0, 0, 0, 0, 0, 0, 0, 0, 0, 354, 33, 387
"d:\projects\flutter\49-mobile-app\lib\features\social_media\chat\chat_view\presentation\chat_cubit\chats_cubit.dart", "Dart", 0, 225, 0, 0, 0, 0, 0, 0, 0, 0, 0, 84, 46, 355
"d:\projects\flutter\49-mobile-app\lib\features\social_media\chat\chat_view\presentation\chat_cubit\chats_state.dart", "Dart", 0, 59, 0, 0, 0, 0, 0, 0, 0, 0, 0, 0, 15, 74
"d:\projects\flutter\49-mobile-app\lib\features\social_media\chat\chat_view\presentation\pages\archived_chats_view.dart", "Dart", 0, 202, 0, 0, 0, 0, 0, 0, 0, 0, 0, 11, 8, 221
"d:\projects\flutter\49-mobile-app\lib\features\social_media\chat\chat_view\presentation\pages\chats_view.dart", "Dart", 0, 964, 0, 0, 0, 0, 0, 0, 0, 0, 0, 311, 45, 1320
"d:\projects\flutter\49-mobile-app\lib\features\social_media\chat\chat_view\presentation\widgets\calling_card.dart", "Dart", 0, 58, 0, 0, 0, 0, 0, 0, 0, 0, 0, 0, 3, 61
"d:\projects\flutter\49-mobile-app\lib\features\social_media\chat\chat_view\presentation\widgets\chat_card.dart", "Dart", 0, 261, 0, 0, 0, 0, 0, 0, 0, 0, 0, 8, 5, 274
"d:\projects\flutter\49-mobile-app\lib\features\social_media\chat\chat_view\presentation\widgets\chat_stories.dart", "Dart", 0, 295, 0, 0, 0, 0, 0, 0, 0, 0, 0, 498, 14, 807
"d:\projects\flutter\49-mobile-app\lib\features\social_media\chat\chat_view\presentation\widgets\more_icon_bottom_sheet_body.dart", "Dart", 0, 171, 0, 0, 0, 0, 0, 0, 0, 0, 0, 9, 9, 189
"d:\projects\flutter\49-mobile-app\lib\features\social_media\chat\chat_view\presentation\widgets\social_chats_list_view.dart", "Dart", 0, 0, 0, 0, 0, 0, 0, 0, 0, 0, 0, 72, 1, 73
"d:\projects\flutter\49-mobile-app\lib\features\social_media\club_house\data\datasource\club_voice_datasource.dart", "Dart", 0, 77, 0, 0, 0, 0, 0, 0, 0, 0, 0, 1, 13, 91
"d:\projects\flutter\49-mobile-app\lib\features\social_media\club_house\data\model\club_voice_room_model.dart", "Dart", 0, 38, 0, 0, 0, 0, 0, 0, 0, 0, 0, 0, 4, 42
"d:\projects\flutter\49-mobile-app\lib\features\social_media\club_house\data\model\create_voice_room_model.dart", "Dart", 0, 12, 0, 0, 0, 0, 0, 0, 0, 0, 0, 1, 2, 15
"d:\projects\flutter\49-mobile-app\lib\features\social_media\club_house\data\repositories\club_voice_repository_impl.dart", "Dart", 0, 40, 0, 0, 0, 0, 0, 0, 0, 0, 0, 0, 10, 50
"d:\projects\flutter\49-mobile-app\lib\features\social_media\club_house\domain\entities\club_voice_room_entity.dart", "Dart", 0, 32, 0, 0, 0, 0, 0, 0, 0, 0, 0, 1, 5, 38
"d:\projects\flutter\49-mobile-app\lib\features\social_media\club_house\domain\entities\create_room_response_entity.dart", "Dart", 0, 11, 0, 0, 0, 0, 0, 0, 0, 0, 0, 1, 3, 15
"d:\projects\flutter\49-mobile-app\lib\features\social_media\club_house\domain\repositories\club_voice_repository.dart", "Dart", 0, 18, 0, 0, 0, 0, 0, 0, 0, 0, 0, 0, 3, 21
"d:\projects\flutter\49-mobile-app\lib\features\social_media\club_house\domain\usecases\add_club_voice_use_case.dart", "Dart", 0, 27, 0, 0, 0, 0, 0, 0, 0, 0, 0, 2, 9, 38
"d:\projects\flutter\49-mobile-app\lib\features\social_media\club_house\domain\usecases\end_club_voice_use_case.dart", "Dart", 0, 13, 0, 0, 0, 0, 0, 0, 0, 0, 0, 1, 6, 20
"d:\projects\flutter\49-mobile-app\lib\features\social_media\club_house\domain\usecases\get_club_voice_use_case.dart", "Dart", 0, 16, 0, 0, 0, 0, 0, 0, 0, 0, 0, 0, 6, 22
"d:\projects\flutter\49-mobile-app\lib\features\social_media\club_house\domain\usecases\join_club_voice_use_case.dart", "Dart", 0, 26, 0, 0, 0, 0, 0, 0, 0, 0, 0, 1, 7, 34
"d:\projects\flutter\49-mobile-app\lib\features\social_media\club_house\domain\usecases\leave_club_voice_use_case.dart", "Dart", 0, 13, 0, 0, 0, 0, 0, 0, 0, 0, 0, 0, 6, 19
"d:\projects\flutter\49-mobile-app\lib\features\social_media\club_house\domain\usecases\search_club_voice_use_case.dart", "Dart", 0, 24, 0, 0, 0, 0, 0, 0, 0, 0, 0, 1, 7, 32
"d:\projects\flutter\49-mobile-app\lib\features\social_media\club_house\presentation\controller\club_voice_bloc.dart", "Dart", 0, 126, 0, 0, 0, 0, 0, 0, 0, 0, 0, 6, 14, 146
"d:\projects\flutter\49-mobile-app\lib\features\social_media\club_house\presentation\controller\club_voice_state.dart", "Dart", 0, 31, 0, 0, 0, 0, 0, 0, 0, 0, 0, 1, 6, 38
"d:\projects\flutter\49-mobile-app\lib\features\social_media\club_house\presentation\pages\audio_stream_screen.dart", "Dart", 0, 123, 0, 0, 0, 0, 0, 0, 0, 0, 0, 57, 5, 185
"d:\projects\flutter\49-mobile-app\lib\features\social_media\club_house\presentation\pages\club_house_home_screen.dart", "Dart", 0, 108, 0, 0, 0, 0, 0, 0, 0, 0, 0, 56, 6, 170
"d:\projects\flutter\49-mobile-app\lib\features\social_media\club_house\presentation\widgets\audio_room_card.dart", "Dart", 0, 153, 0, 0, 0, 0, 0, 0, 0, 0, 0, 2, 5, 160
"d:\projects\flutter\49-mobile-app\lib\features\social_media\club_house\presentation\widgets\comment.dart", "Dart", 0, 273, 0, 0, 0, 0, 0, 0, 0, 0, 0, 12, 5, 290
"d:\projects\flutter\49-mobile-app\lib\features\social_media\club_house\presentation\widgets\components\create_voice_room_sheet.dart", "Dart", 0, 154, 0, 0, 0, 0, 0, 0, 0, 0, 0, 10, 10, 174
"d:\projects\flutter\49-mobile-app\lib\features\social_media\club_house\presentation\widgets\components\custom_extended_button.dart", "Dart", 0, 26, 0, 0, 0, 0, 0, 0, 0, 0, 0, 0, 3, 29
"d:\projects\flutter\49-mobile-app\lib\features\social_media\club_house\presentation\widgets\components\media_player.dart", "Dart", 0, 114, 0, 0, 0, 0, 0, 0, 0, 0, 0, 4, 6, 124
"d:\projects\flutter\49-mobile-app\lib\features\social_media\club_house\presentation\widgets\report_widget.dart", "Dart", 0, 183, 0, 0, 0, 0, 0, 0, 0, 0, 0, 0, 3, 186
"d:\projects\flutter\49-mobile-app\lib\features\social_media\club_house\presentation\widgets\roomInfo.dart", "Dart", 0, 241, 0, 0, 0, 0, 0, 0, 0, 0, 0, 0, 4, 245
"d:\projects\flutter\49-mobile-app\lib\features\social_media\club_house\presentation\widgets\zego_audio_room_widget.dart", "Dart", 0, 391, 0, 0, 0, 0, 0, 0, 0, 0, 0, 13, 25, 429
"d:\projects\flutter\49-mobile-app\lib\features\social_media\create_post\data\datasources\create_post_remote_datasource.dart", "Dart", 0, 89, 0, 0, 0, 0, 0, 0, 0, 0, 0, 12, 8, 109
"d:\projects\flutter\49-mobile-app\lib\features\social_media\create_post\data\models\activity_model.dart", "Dart", 0, 11, 0, 0, 0, 0, 0, 0, 0, 0, 0, 0, 2, 13
"d:\projects\flutter\49-mobile-app\lib\features\social_media\create_post\data\models\feeling_model.dart", "Dart", 0, 11, 0, 0, 0, 0, 0, 0, 0, 0, 0, 0, 2, 13
"d:\projects\flutter\49-mobile-app\lib\features\social_media\create_post\data\models\place_model.dart", "Dart", 0, 17, 0, 0, 0, 0, 0, 0, 0, 0, 0, 0, 2, 19
"d:\projects\flutter\49-mobile-app\lib\features\social_media\create_post\data\models\post_user_model.dart", "Dart", 0, 19, 0, 0, 0, 0, 0, 0, 0, 0, 0, 0, 2, 21
"d:\projects\flutter\49-mobile-app\lib\features\social_media\create_post\data\repositories\create_post_repo_impl.dart", "Dart", 0, 41, 0, 0, 0, 0, 0, 0, 0, 0, 0, 0, 7, 48
"d:\projects\flutter\49-mobile-app\lib\features\social_media\create_post\domain\entities\activity_entity.dart", "Dart", 0, 6, 0, 0, 0, 0, 0, 0, 0, 0, 0, 0, 1, 7
"d:\projects\flutter\49-mobile-app\lib\features\social_media\create_post\domain\entities\feeling_entity.dart", "Dart", 0, 6, 0, 0, 0, 0, 0, 0, 0, 0, 0, 0, 1, 7
"d:\projects\flutter\49-mobile-app\lib\features\social_media\create_post\domain\entities\place_entity.dart", "Dart", 0, 11, 0, 0, 0, 0, 0, 0, 0, 0, 0, 0, 2, 13
"d:\projects\flutter\49-mobile-app\lib\features\social_media\create_post\domain\entities\post_user_entity.dart", "Dart", 0, 18, 0, 0, 0, 0, 0, 0, 0, 0, 0, 0, 3, 21
"d:\projects\flutter\49-mobile-app\lib\features\social_media\create_post\domain\repositories\create_post_repo.dart", "Dart", 0, 19, 0, 0, 0, 0, 0, 0, 0, 0, 0, 0, 2, 21
"d:\projects\flutter\49-mobile-app\lib\features\social_media\create_post\domain\usecases\creat_twitter_usecase.dart", "Dart", 0, 24, 0, 0, 0, 0, 0, 0, 0, 0, 0, 0, 3, 27
"d:\projects\flutter\49-mobile-app\lib\features\social_media\create_post\domain\usecases\create_post_usecase.dart", "Dart", 0, 48, 0, 0, 0, 0, 0, 0, 0, 0, 0, 0, 3, 51
"d:\projects\flutter\49-mobile-app\lib\features\social_media\create_post\domain\usecases\friends-followers_usecase.dart", "Dart", 0, 27, 0, 0, 0, 0, 0, 0, 0, 0, 0, 0, 3, 30
"d:\projects\flutter\49-mobile-app\lib\features\social_media\create_post\domain\usecases\get_activities_usecase.dart", "Dart", 0, 13, 0, 0, 0, 0, 0, 0, 0, 0, 0, 0, 3, 16
"d:\projects\flutter\49-mobile-app\lib\features\social_media\create_post\domain\usecases\get_feelings_usecase.dart", "Dart", 0, 13, 0, 0, 0, 0, 0, 0, 0, 0, 0, 0, 3, 16
"d:\projects\flutter\49-mobile-app\lib\features\social_media\create_post\domain\usecases\get_places_usecase.dart", "Dart", 0, 16, 0, 0, 0, 0, 0, 0, 0, 0, 0, 0, 2, 18
"d:\projects\flutter\49-mobile-app\lib\features\social_media\create_post\presentation\cubit\create_post_cubit.dart", "Dart", 0, 283, 0, 0, 0, 0, 0, 0, 0, 0, 0, 32, 38, 353
"d:\projects\flutter\49-mobile-app\lib\features\social_media\create_post\presentation\cubit\create_post_state.dart", "Dart", 0, 74, 0, 0, 0, 0, 0, 0, 0, 0, 0, 0, 3, 77
"d:\projects\flutter\49-mobile-app\lib\features\social_media\create_post\presentation\pages\create_post_view.dart", "Dart", 0, 661, 0, 0, 0, 0, 0, 0, 0, 0, 0, 3, 11, 675
"d:\projects\flutter\49-mobile-app\lib\features\social_media\create_post\presentation\pages\select_activity_view.dart", "Dart", 0, 50, 0, 0, 0, 0, 0, 0, 0, 0, 0, 0, 5, 55
"d:\projects\flutter\49-mobile-app\lib\features\social_media\create_post\presentation\pages\select_feeling_view.dart", "Dart", 0, 50, 0, 0, 0, 0, 0, 0, 0, 0, 0, 0, 5, 55
"d:\projects\flutter\49-mobile-app\lib\features\social_media\create_post\presentation\widgets\build_search_friends.dart", "Dart", 0, 127, 0, 0, 0, 0, 0, 0, 0, 0, 0, 3, 6, 136
"d:\projects\flutter\49-mobile-app\lib\features\social_media\create_post\presentation\widgets\build_search_places.dart", "Dart", 0, 103, 0, 0, 0, 0, 0, 0, 0, 0, 0, 1, 4, 108
"d:\projects\flutter\49-mobile-app\lib\features\social_media\create_post\presentation\widgets\image_details.dart", "Dart", 0, 105, 0, 0, 0, 0, 0, 0, 0, 0, 0, 4, 8, 117
"d:\projects\flutter\49-mobile-app\lib\features\social_media\create_post\presentation\widgets\show_all_images.dart", "Dart", 0, 91, 0, 0, 0, 0, 0, 0, 0, 0, 0, 3, 6, 100
"d:\projects\flutter\49-mobile-app\lib\features\social_media\edit_profile\data\datasources\edit_profile_remote_datasource.dart", "Dart", 0, 22, 0, 0, 0, 0, 0, 0, 0, 0, 0, 0, 4, 26
"d:\projects\flutter\49-mobile-app\lib\features\social_media\edit_profile\data\repositories\edit_profile_repo_impl.dart", "Dart", 0, 14, 0, 0, 0, 0, 0, 0, 0, 0, 0, 0, 6, 20
"d:\projects\flutter\49-mobile-app\lib\features\social_media\edit_profile\domain\entities\edit_profile_entity.dart", "Dart", 0, 46, 0, 0, 0, 0, 0, 0, 0, 0, 0, 0, 3, 49
"d:\projects\flutter\49-mobile-app\lib\features\social_media\edit_profile\domain\repositories\edit_profile_repo.dart", "Dart", 0, 7, 0, 0, 0, 0, 0, 0, 0, 0, 0, 0, 2, 9
"d:\projects\flutter\49-mobile-app\lib\features\social_media\edit_profile\domain\usecases\edit_profile_usecase.dart", "Dart", 0, 13, 0, 0, 0, 0, 0, 0, 0, 0, 0, 0, 2, 15
"d:\projects\flutter\49-mobile-app\lib\features\social_media\edit_profile\presentation\cubit\edit_profile_cubit.dart", "Dart", 0, 56, 0, 0, 0, 0, 0, 0, 0, 0, 0, 1, 13, 70
"d:\projects\flutter\49-mobile-app\lib\features\social_media\edit_profile\presentation\cubit\edit_profile_state.dart", "Dart", 0, 53, 0, 0, 0, 0, 0, 0, 0, 0, 0, 0, 4, 57
"d:\projects\flutter\49-mobile-app\lib\features\social_media\edit_profile\presentation\pages\edit_profile_view.dart", "Dart", 0, 445, 0, 0, 0, 0, 0, 0, 0, 0, 0, 0, 6, 451
"d:\projects\flutter\49-mobile-app\lib\features\social_media\edit_profile\presentation\widgets\privact_icon.dart", "Dart", 0, 53, 0, 0, 0, 0, 0, 0, 0, 0, 0, 0, 2, 55
"d:\projects\flutter\49-mobile-app\lib\features\social_media\instagram\data\datasources\instagram_remote_datasource.dart", "Dart", 0, 107, 0, 0, 0, 0, 0, 0, 0, 0, 0, 0, 14, 121
"d:\projects\flutter\49-mobile-app\lib\features\social_media\instagram\data\models\instagram_post_model.dart", "Dart", 0, 18, 0, 0, 0, 0, 0, 0, 0, 0, 0, 0, 3, 21
"d:\projects\flutter\49-mobile-app\lib\features\social_media\instagram\data\repositories\instagram_repo_impl.dart", "Dart", 0, 42, 0, 0, 0, 0, 0, 0, 0, 0, 0, 0, 8, 50
"d:\projects\flutter\49-mobile-app\lib\features\social_media\instagram\domain\entities\instagram_post_entity.dart", "Dart", 0, 13, 0, 0, 0, 0, 0, 0, 0, 0, 0, 0, 2, 15
"d:\projects\flutter\49-mobile-app\lib\features\social_media\instagram\domain\repositories\social_posts_repo.dart", "Dart", 0, 20, 0, 0, 0, 0, 0, 0, 0, 0, 0, 0, 2, 22
"d:\projects\flutter\49-mobile-app\lib\features\social_media\instagram\domain\usecases\get_instagram_feed_usecase.dart", "Dart", 0, 16, 0, 0, 0, 0, 0, 0, 0, 0, 0, 0, 2, 18
"d:\projects\flutter\49-mobile-app\lib\features\social_media\instagram\domain\usecases\get_instagram_global_feed_usecase.dart", "Dart", 0, 16, 0, 0, 0, 0, 0, 0, 0, 0, 0, 0, 2, 18
"d:\projects\flutter\49-mobile-app\lib\features\social_media\instagram\domain\usecases\get_instagram_reels_usecase.dart", "Dart", 0, 16, 0, 0, 0, 0, 0, 0, 0, 0, 0, 0, 2, 18
"d:\projects\flutter\49-mobile-app\lib\features\social_media\instagram\domain\usecases\get_instagram_user_media_usecase.dart", "Dart", 0, 29, 0, 0, 0, 0, 0, 0, 0, 0, 0, 1, 3, 33
"d:\projects\flutter\49-mobile-app\lib\features\social_media\instagram\domain\usecases\get_saved_reels_usecase.dart", "Dart", 0, 16, 0, 0, 0, 0, 0, 0, 0, 0, 0, 0, 2, 18
"d:\projects\flutter\49-mobile-app\lib\features\social_media\instagram\domain\usecases\get_user_reels_usecase.dart", "Dart", 0, 28, 0, 0, 0, 0, 0, 0, 0, 0, 0, 1, 3, 32
"d:\projects\flutter\49-mobile-app\lib\features\social_media\instagram\presentation\cubit\instagram_cubit.dart", "Dart", 0, 561, 0, 0, 0, 0, 0, 0, 0, 0, 0, 44, 47, 652
"d:\projects\flutter\49-mobile-app\lib\features\social_media\instagram\presentation\cubit\instagram_state.dart", "Dart", 0, 53, 0, 0, 0, 0, 0, 0, 0, 0, 0, 0, 3, 56
"d:\projects\flutter\49-mobile-app\lib\features\social_media\instagram\presentation\pages\instgram_view.dart", "Dart", 0, 116, 0, 0, 0, 0, 0, 0, 0, 0, 0, 0, 9, 125
"d:\projects\flutter\49-mobile-app\lib\features\social_media\instagram\presentation\widgets\insta_reel_card.dart", "Dart", 0, 230, 0, 0, 0, 0, 0, 0, 0, 0, 0, 8, 21, 259
"d:\projects\flutter\49-mobile-app\lib\features\social_media\instagram\presentation\widgets\instagram_comment_card.dart", "Dart", 0, 291, 0, 0, 0, 0, 0, 0, 0, 0, 0, 2, 10, 303
"d:\projects\flutter\49-mobile-app\lib\features\social_media\instagram\presentation\widgets\instagram_comment_replies.dart", "Dart", 0, 233, 0, 0, 0, 0, 0, 0, 0, 0, 0, 1, 7, 241
"d:\projects\flutter\49-mobile-app\lib\features\social_media\instagram\presentation\widgets\instagram_global_posts.dart", "Dart", 0, 594, 0, 0, 0, 0, 0, 0, 0, 0, 0, 5, 6, 605
"d:\projects\flutter\49-mobile-app\lib\features\social_media\instagram\presentation\widgets\instagram_post_comments.dart", "Dart", 0, 219, 0, 0, 0, 0, 0, 0, 0, 0, 0, 0, 7, 226
"d:\projects\flutter\49-mobile-app\lib\features\social_media\instagram\presentation\widgets\instagram_posts.dart", "Dart", 0, 828, 0, 0, 0, 0, 0, 0, 0, 0, 0, 4, 10, 842
"d:\projects\flutter\49-mobile-app\lib\features\social_media\instagram\presentation\widgets\instagram_reply_card.dart", "Dart", 0, 302, 0, 0, 0, 0, 0, 0, 0, 0, 0, 0, 7, 309
"d:\projects\flutter\49-mobile-app\lib\features\social_media\instagram\presentation\widgets\instagram_suggest_people.dart", "Dart", 0, 390, 0, 0, 0, 0, 0, 0, 0, 0, 0, 19, 9, 418
"d:\projects\flutter\49-mobile-app\lib\features\social_media\live_streaming\data\datasource\live_datasource.dart", "Dart", 0, 146, 0, 0, 0, 0, 0, 0, 0, 0, 0, 10, 37, 193
"d:\projects\flutter\49-mobile-app\lib\features\social_media\live_streaming\data\model\goal_model.dart", "Dart", 0, 15, 0, 0, 0, 0, 0, 0, 0, 0, 0, 0, 3, 18
"d:\projects\flutter\49-mobile-app\lib\features\social_media\live_streaming\data\model\live_create_response_model.dart", "Dart", 0, 11, 0, 0, 0, 0, 0, 0, 0, 0, 0, 1, 2, 14
"d:\projects\flutter\49-mobile-app\lib\features\social_media\live_streaming\data\model\live_model.dart", "Dart", 0, 27, 0, 0, 0, 0, 0, 0, 0, 0, 0, 1, 4, 32
"d:\projects\flutter\49-mobile-app\lib\features\social_media\live_streaming\data\model\members_model.dart", "Dart", 0, 11, 0, 0, 0, 0, 0, 0, 0, 0, 0, 1, 4, 16
"d:\projects\flutter\49-mobile-app\lib\features\social_media\live_streaming\data\model\topic_model.dart", "Dart", 0, 7, 0, 0, 0, 0, 0, 0, 0, 0, 0, 0, 2, 9
"d:\projects\flutter\49-mobile-app\lib\features\social_media\live_streaming\data\repository\live_repository_impl.dart", "Dart", 0, 49, 0, 0, 0, 0, 0, 0, 0, 0, 0, 0, 12, 61
"d:\projects\flutter\49-mobile-app\lib\features\social_media\live_streaming\domain\entity\goal_entity.dart", "Dart", 0, 15, 0, 0, 0, 0, 0, 0, 0, 0, 0, 0, 4, 19
"d:\projects\flutter\49-mobile-app\lib\features\social_media\live_streaming\domain\entity\live_create_response_entity.dart", "Dart", 0, 7, 0, 0, 0, 0, 0, 0, 0, 0, 0, 1, 4, 12
"d:\projects\flutter\49-mobile-app\lib\features\social_media\live_streaming\domain\entity\live_entity.dart", "Dart", 0, 24, 0, 0, 0, 0, 0, 0, 0, 0, 0, 1, 5, 30
"d:\projects\flutter\49-mobile-app\lib\features\social_media\live_streaming\domain\entity\members_entity.dart", "Dart", 0, 9, 0, 0, 0, 0, 0, 0, 0, 0, 0, 0, 3, 12
"d:\projects\flutter\49-mobile-app\lib\features\social_media\live_streaming\domain\entity\topic_entity.dart", "Dart", 0, 11, 0, 0, 0, 0, 0, 0, 0, 0, 0, 1, 3, 15
"d:\projects\flutter\49-mobile-app\lib\features\social_media\live_streaming\domain\repository\live_repository.dart", "Dart", 0, 21, 0, 0, 0, 0, 0, 0, 0, 0, 0, 0, 3, 24
"d:\projects\flutter\49-mobile-app\lib\features\social_media\live_streaming\domain\usecases\create_live_use_case.dart", "Dart", 0, 62, 0, 0, 0, 0, 0, 0, 0, 0, 0, 0, 18, 80
"d:\projects\flutter\49-mobile-app\lib\features\social_media\live_streaming\domain\usecases\end_live_use_case.dart", "Dart", 0, 13, 0, 0, 0, 0, 0, 0, 0, 0, 0, 0, 3, 16
"d:\projects\flutter\49-mobile-app\lib\features\social_media\live_streaming\domain\usecases\get_all_lives_use_case.dart", "Dart", 0, 15, 0, 0, 0, 0, 0, 0, 0, 0, 0, 0, 6, 21
"d:\projects\flutter\49-mobile-app\lib\features\social_media\live_streaming\domain\usecases\get_all_topics_use_case.dart", "Dart", 0, 14, 0, 0, 0, 0, 0, 0, 0, 0, 0, 0, 4, 18
"d:\projects\flutter\49-mobile-app\lib\features\social_media\live_streaming\domain\usecases\listen_batttle_request_use_case.dart", "Dart", 0, 10, 0, 0, 0, 0, 0, 0, 0, 0, 0, 0, 4, 14
"d:\projects\flutter\49-mobile-app\lib\features\social_media\live_streaming\domain\usecases\listen_to_send_points_use_case.dart", "Dart", 0, 10, 0, 0, 0, 0, 0, 0, 0, 0, 0, 0, 4, 14
"d:\projects\flutter\49-mobile-app\lib\features\social_media\live_streaming\domain\usecases\request_battle_use_case.dart", "Dart", 0, 12, 0, 0, 0, 0, 0, 0, 0, 0, 0, 0, 4, 16
"d:\projects\flutter\49-mobile-app\lib\features\social_media\live_streaming\domain\usecases\send_points_use_case.dart", "Dart", 0, 11, 0, 0, 0, 0, 0, 0, 0, 0, 0, 0, 3, 14
"d:\projects\flutter\49-mobile-app\lib\features\social_media\live_streaming\presentation\controller\tiktok_controller_extension.dart", "Dart", 0, 179, 0, 0, 0, 0, 0, 0, 0, 0, 0, 7, 28, 214
"d:\projects\flutter\49-mobile-app\lib\features\social_media\live_streaming\presentation\pages\live_stream_home_screen.dart", "Dart", 0, 111, 0, 0, 0, 0, 0, 0, 0, 0, 0, 16, 6, 133
"d:\projects\flutter\49-mobile-app\lib\features\social_media\live_streaming\presentation\pages\live_stream_view.dart", "Dart", 0, 50, 0, 0, 0, 0, 0, 0, 0, 0, 0, 3, 12, 65
"d:\projects\flutter\49-mobile-app\lib\features\social_media\live_streaming\presentation\widgets\components\zego_prebuilt_audio_streaming\src\components\audio_video\audio_room_layout.dart", "Dart", 0, 163, 0, 0, 0, 0, 0, 0, 0, 0, 0, 8, 23, 194
"d:\projects\flutter\49-mobile-app\lib\features\social_media\live_streaming\presentation\widgets\components\zego_prebuilt_audio_streaming\src\components\audio_video\background.dart", "Dart", 0, 78, 0, 0, 0, 0, 0, 0, 0, 0, 0, 6, 11, 95
"d:\projects\flutter\49-mobile-app\lib\features\social_media\live_streaming\presentation\widgets\components\zego_prebuilt_audio_streaming\src\components\audio_video\defines.dart", "Dart", 0, 15, 0, 0, 0, 0, 0, 0, 0, 0, 0, 12, 12, 39
"d:\projects\flutter\49-mobile-app\lib\features\social_media\live_streaming\presentation\widgets\components\zego_prebuilt_audio_streaming\src\components\audio_video\foreground.dart", "Dart", 0, 268, 0, 0, 0, 0, 0, 0, 0, 0, 0, 30, 28, 326
"d:\projects\flutter\49-mobile-app\lib\features\social_media\live_streaming\presentation\widgets\components\zego_prebuilt_audio_streaming\src\components\audio_video\seat_container.dart", "Dart", 0, 99, 0, 0, 0, 0, 0, 0, 0, 0, 0, 16, 32, 147
"d:\projects\flutter\49-mobile-app\lib\features\social_media\live_streaming\presentation\widgets\components\zego_prebuilt_audio_streaming\src\components\avatar_default_item.dart", "Dart", 0, 87, 0, 0, 0, 0, 0, 0, 0, 0, 0, 5, 10, 102
"d:\projects\flutter\49-mobile-app\lib\features\social_media\live_streaming\presentation\widgets\components\zego_prebuilt_audio_streaming\src\components\bottom_bar.dart", "Dart", 0, 390, 0, 0, 0, 0, 0, 0, 0, 0, 0, 11, 33, 434
"d:\projects\flutter\49-mobile-app\lib\features\social_media\live_streaming\presentation\widgets\components\zego_prebuilt_audio_streaming\src\components\components.dart", "Dart", 0, 4, 0, 0, 0, 0, 0, 0, 0, 0, 0, 0, 1, 5
"d:\projects\flutter\49-mobile-app\lib\features\social_media\live_streaming\presentation\widgets\components\zego_prebuilt_audio_streaming\src\components\defines.dart", "Dart", 0, 59, 0, 0, 0, 0, 0, 0, 0, 0, 0, 6, 14, 79
"d:\projects\flutter\49-mobile-app\lib\features\social_media\live_streaming\presentation\widgets\components\zego_prebuilt_audio_streaming\src\components\dialogs.dart", "Dart", 0, 56, 0, 0, 0, 0, 0, 0, 0, 0, 0, 4, 5, 65
"d:\projects\flutter\49-mobile-app\lib\features\social_media\live_streaming\presentation\widgets\components\zego_prebuilt_audio_streaming\src\components\duration_time_board.dart", "Dart", 0, 184, 0, 0, 0, 0, 0, 0, 0, 0, 0, 6, 32, 222
"d:\projects\flutter\49-mobile-app\lib\features\social_media\live_streaming\presentation\widgets\components\zego_prebuilt_audio_streaming\src\components\effects\effect_grid.dart", "Dart", 0, 157, 0, 0, 0, 0, 0, 0, 0, 0, 0, 4, 20, 181
"d:\projects\flutter\49-mobile-app\lib\features\social_media\live_streaming\presentation\widgets\components\zego_prebuilt_audio_streaming\src\components\effects\sound_effect_button.dart", "Dart", 0, 67, 0, 0, 0, 0, 0, 0, 0, 0, 0, 5, 12, 84
"d:\projects\flutter\49-mobile-app\lib\features\social_media\live_streaming\presentation\widgets\components\zego_prebuilt_audio_streaming\src\components\effects\sound_effect_sheet.dart", "Dart", 0, 270, 0, 0, 0, 0, 0, 0, 0, 0, 0, 5, 23, 298
"d:\projects\flutter\49-mobile-app\lib\features\social_media\live_streaming\presentation\widgets\components\zego_prebuilt_audio_streaming\src\components\leave_button.dart", "Dart", 0, 85, 0, 0, 0, 0, 0, 0, 0, 0, 0, 6, 15, 106
"d:\projects\flutter\49-mobile-app\lib\features\social_media\live_streaming\presentation\widgets\components\zego_prebuilt_audio_streaming\src\components\live_page.dart", "Dart", 0, 357, 0, 0, 0, 0, 0, 0, 0, 0, 0, 10, 45, 412
"d:\projects\flutter\49-mobile-app\lib\features\social_media\live_streaming\presentation\widgets\components\zego_prebuilt_audio_streaming\src\components\member\button.dart", "Dart", 0, 124, 0, 0, 0, 0, 0, 0, 0, 0, 0, 6, 16, 146
"d:\projects\flutter\49-mobile-app\lib\features\social_media\live_streaming\presentation\widgets\components\zego_prebuilt_audio_streaming\src\components\member\list_sheet.dart", "Dart", 0, 473, 0, 0, 0, 0, 0, 0, 0, 0, 0, 17, 38, 528
"d:\projects\flutter\49-mobile-app\lib\features\social_media\live_streaming\presentation\widgets\components\zego_prebuilt_audio_streaming\src\components\message\input_board.dart", "Dart", 0, 69, 0, 0, 0, 0, 0, 0, 0, 0, 0, 8, 14, 91
"d:\projects\flutter\49-mobile-app\lib\features\social_media\live_streaming\presentation\widgets\components\zego_prebuilt_audio_streaming\src\components\message\input_board_button.dart", "Dart", 0, 54, 0, 0, 0, 0, 0, 0, 0, 0, 0, 4, 9, 67
"d:\projects\flutter\49-mobile-app\lib\features\social_media\live_streaming\presentation\widgets\components\zego_prebuilt_audio_streaming\src\components\message\view.dart", "Dart", 0, 59, 0, 0, 0, 0, 0, 0, 0, 0, 0, 5, 7, 71
"d:\projects\flutter\49-mobile-app\lib\features\social_media\live_streaming\presentation\widgets\components\zego_prebuilt_audio_streaming\src\components\permissions.dart", "Dart", 0, 140, 0, 0, 0, 0, 0, 0, 0, 0, 0, 4, 13, 157
"d:\projects\flutter\49-mobile-app\lib\features\social_media\live_streaming\presentation\widgets\components\zego_prebuilt_audio_streaming\src\components\pop_up_manager.dart", "Dart", 0, 19, 0, 0, 0, 0, 0, 0, 0, 0, 0, 2, 6, 27
"d:\projects\flutter\49-mobile-app\lib\features\social_media\live_streaming\presentation\widgets\components\zego_prebuilt_audio_streaming\src\components\pop_up_sheet_menu.dart", "Dart", 0, 209, 0, 0, 0, 0, 0, 0, 0, 0, 0, 9, 20, 238
"d:\projects\flutter\49-mobile-app\lib\features\social_media\live_streaming\presentation\widgets\components\zego_prebuilt_audio_streaming\src\components\toast.dart", "Dart", 0, 41, 0, 0, 0, 0, 0, 0, 0, 0, 0, 7, 15, 63
"d:\projects\flutter\49-mobile-app\lib\features\social_media\live_streaming\presentation\widgets\components\zego_prebuilt_audio_streaming\src\components\top_bar.dart", "Dart", 0, 83, 0, 0, 0, 0, 0, 0, 0, 0, 0, 5, 13, 101
"d:\projects\flutter\49-mobile-app\lib\features\social_media\live_streaming\presentation\widgets\components\zego_prebuilt_audio_streaming\src\config.dart", "Dart", 0, 404, 0, 0, 0, 0, 0, 0, 0, 0, 0, 229, 95, 728
"d:\projects\flutter\49-mobile-app\lib\features\social_media\live_streaming\presentation\widgets\components\zego_prebuilt_audio_streaming\src\config.defines.dart", "Dart", 0, 41, 0, 0, 0, 0, 0, 0, 0, 0, 0, 19, 15, 75
"d:\projects\flutter\49-mobile-app\lib\features\social_media\live_streaming\presentation\widgets\components\zego_prebuilt_audio_streaming\src\controller.dart", "Dart", 0, 90, 0, 0, 0, 0, 0, 0, 0, 0, 0, 20, 26, 136
"d:\projects\flutter\49-mobile-app\lib\features\social_media\live_streaming\presentation\widgets\components\zego_prebuilt_audio_streaming\src\controller\audio_video.dart", "Dart", 0, 118, 0, 0, 0, 0, 0, 0, 0, 0, 0, 24, 30, 172
"d:\projects\flutter\49-mobile-app\lib\features\social_media\live_streaming\presentation\widgets\components\zego_prebuilt_audio_streaming\src\controller\media.dart", "Dart", 0, 139, 0, 0, 0, 0, 0, 0, 0, 0, 0, 30, 36, 205
"d:\projects\flutter\49-mobile-app\lib\features\social_media\live_streaming\presentation\widgets\components\zego_prebuilt_audio_streaming\src\controller\message.dart", "Dart", 0, 28, 0, 0, 0, 0, 0, 0, 0, 0, 0, 47, 7, 82
"d:\projects\flutter\49-mobile-app\lib\features\social_media\live_streaming\presentation\widgets\components\zego_prebuilt_audio_streaming\src\controller\minimize.dart", "Dart", 0, 122, 0, 0, 0, 0, 0, 0, 0, 0, 0, 9, 23, 154
"d:\projects\flutter\49-mobile-app\lib\features\social_media\live_streaming\presentation\widgets\components\zego_prebuilt_audio_streaming\src\controller\private\audio_video.dart", "Dart", 0, 63, 0, 0, 0, 0, 0, 0, 0, 0, 0, 10, 18, 91
"d:\projects\flutter\49-mobile-app\lib\features\social_media\live_streaming\presentation\widgets\components\zego_prebuilt_audio_streaming\src\controller\private\minimize.dart", "Dart", 0, 27, 0, 0, 0, 0, 0, 0, 0, 0, 0, 5, 9, 41
"d:\projects\flutter\49-mobile-app\lib\features\social_media\live_streaming\presentation\widgets\components\zego_prebuilt_audio_streaming\src\controller\private\private.dart", "Dart", 0, 41, 0, 0, 0, 0, 0, 0, 0, 0, 0, 9, 10, 60
"d:\projects\flutter\49-mobile-app\lib\features\social_media\live_streaming\presentation\widgets\components\zego_prebuilt_audio_streaming\src\controller\private\room.dart", "Dart", 0, 215, 0, 0, 0, 0, 0, 0, 0, 0, 0, 16, 29, 260
"d:\projects\flutter\49-mobile-app\lib\features\social_media\live_streaming\presentation\widgets\components\zego_prebuilt_audio_streaming\src\controller\private\seat.dart", "Dart", 0, 138, 0, 0, 0, 0, 0, 0, 0, 0, 0, 20, 34, 192
"d:\projects\flutter\49-mobile-app\lib\features\social_media\live_streaming\presentation\widgets\components\zego_prebuilt_audio_streaming\src\controller\private\user.dart", "Dart", 0, 26, 0, 0, 0, 0, 0, 0, 0, 0, 0, 9, 8, 43
"d:\projects\flutter\49-mobile-app\lib\features\social_media\live_streaming\presentation\widgets\components\zego_prebuilt_audio_streaming\src\controller\room.dart", "Dart", 0, 209, 0, 0, 0, 0, 0, 0, 0, 0, 0, 37, 35, 281
"d:\projects\flutter\49-mobile-app\lib\features\social_media\live_streaming\presentation\widgets\components\zego_prebuilt_audio_streaming\src\controller\seat.dart", "Dart", 0, 370, 0, 0, 0, 0, 0, 0, 0, 0, 0, 174, 58, 602
"d:\projects\flutter\49-mobile-app\lib\features\social_media\live_streaming\presentation\widgets\components\zego_prebuilt_audio_streaming\src\controller\user.dart", "Dart", 0, 16, 0, 0, 0, 0, 0, 0, 0, 0, 0, 7, 5, 28
"d:\projects\flutter\49-mobile-app\lib\features\social_media\live_streaming\presentation\widgets\components\zego_prebuilt_audio_streaming\src\core\connect\connect_button.dart", "Dart", 0, 192, 0, 0, 0, 0, 0, 0, 0, 0, 0, 5, 26, 223
"d:\projects\flutter\49-mobile-app\lib\features\social_media\live_streaming\presentation\widgets\components\zego_prebuilt_audio_streaming\src\core\connect\connect_manager.dart", "Dart", 0, 571, 0, 0, 0, 0, 0, 0, 0, 0, 0, 22, 101, 694
"d:\projects\flutter\49-mobile-app\lib\features\social_media\live_streaming\presentation\widgets\components\zego_prebuilt_audio_streaming\src\core\connect\defines.dart", "Dart", 0, 30, 0, 0, 0, 0, 0, 0, 0, 0, 0, 6, 10, 46
"d:\projects\flutter\49-mobile-app\lib\features\social_media\live_streaming\presentation\widgets\components\zego_prebuilt_audio_streaming\src\core\connect\host_lock_seat_button.dart", "Dart", 0, 55, 0, 0, 0, 0, 0, 0, 0, 0, 0, 3, 7, 65
"d:\projects\flutter\49-mobile-app\lib\features\social_media\live_streaming\presentation\widgets\components\zego_prebuilt_audio_streaming\src\core\core_managers.dart", "Dart", 0, 116, 0, 0, 0, 0, 0, 0, 0, 0, 0, 3, 23, 142
"d:\projects\flutter\49-mobile-app\lib\features\social_media\live_streaming\presentation\widgets\components\zego_prebuilt_audio_streaming\src\core\live_duration_manager.dart", "Dart", 0, 119, 0, 0, 0, 0, 0, 0, 0, 0, 0, 5, 33, 157
"d:\projects\flutter\49-mobile-app\lib\features\social_media\live_streaming\presentation\widgets\components\zego_prebuilt_audio_streaming\src\core\protocol.dart", "Dart", 0, 47, 0, 0, 0, 0, 0, 0, 0, 0, 0, 4, 9, 60
"d:\projects\flutter\49-mobile-app\lib\features\social_media\live_streaming\presentation\widgets\components\zego_prebuilt_audio_streaming\src\core\seat\co_host_mixin.dart", "Dart", 0, 103, 0, 0, 0, 0, 0, 0, 0, 0, 0, 1, 16, 120
"d:\projects\flutter\49-mobile-app\lib\features\social_media\live_streaming\presentation\widgets\components\zego_prebuilt_audio_streaming\src\core\seat\defines.dart", "Dart", 0, 4, 0, 0, 0, 0, 0, 0, 0, 0, 0, 7, 5, 16
"d:\projects\flutter\49-mobile-app\lib\features\social_media\live_streaming\presentation\widgets\components\zego_prebuilt_audio_streaming\src\core\seat\plugins.dart", "Dart", 0, 414, 0, 0, 0, 0, 0, 0, 0, 0, 0, 8, 70, 492
"d:\projects\flutter\49-mobile-app\lib\features\social_media\live_streaming\presentation\widgets\components\zego_prebuilt_audio_streaming\src\core\seat\seat_manager.dart", "Dart", 0, 1563, 0, 0, 0, 0, 0, 0, 0, 0, 0, 49, 215, 1827
"d:\projects\flutter\49-mobile-app\lib\features\social_media\live_streaming\presentation\widgets\components\zego_prebuilt_audio_streaming\src\defines.dart", "Dart", 0, 26, 0, 0, 0, 0, 0, 0, 0, 0, 0, 37, 15, 78
"d:\projects\flutter\49-mobile-app\lib\features\social_media\live_streaming\presentation\widgets\components\zego_prebuilt_audio_streaming\src\deprecated\deprecated.dart", "Dart", 0, 1, 0, 0, 0, 0, 0, 0, 0, 0, 0, 0, 1, 2
"d:\projects\flutter\49-mobile-app\lib\features\social_media\live_streaming\presentation\widgets\components\zego_prebuilt_audio_streaming\src\deprecated\deprecated_300.dart", "Dart", 0, 216, 0, 0, 0, 0, 0, 0, 0, 0, 0, 2, 70, 288
"d:\projects\flutter\49-mobile-app\lib\features\social_media\live_streaming\presentation\widgets\components\zego_prebuilt_audio_streaming\src\error.dart", "Dart", 0, 3, 0, 0, 0, 0, 0, 0, 0, 0, 0, 27, 2, 32
"d:\projects\flutter\49-mobile-app\lib\features\social_media\live_streaming\presentation\widgets\components\zego_prebuilt_audio_streaming\src\events.dart", "Dart", 0, 136, 0, 0, 0, 0, 0, 0, 0, 0, 0, 168, 50, 354
"d:\projects\flutter\49-mobile-app\lib\features\social_media\live_streaming\presentation\widgets\components\zego_prebuilt_audio_streaming\src\events.defines.dart", "Dart", 0, 29, 0, 0, 0, 0, 0, 0, 0, 0, 0, 18, 10, 57
"d:\projects\flutter\49-mobile-app\lib\features\social_media\live_streaming\presentation\widgets\components\zego_prebuilt_audio_streaming\src\inner_text.dart", "Dart", 0, 207, 0, 0, 0, 0, 0, 0, 0, 0, 0, 104, 56, 367
"d:\projects\flutter\49-mobile-app\lib\features\social_media\live_streaming\presentation\widgets\components\zego_prebuilt_audio_streaming\src\internal\events.dart", "Dart", 0, 57, 0, 0, 0, 0, 0, 0, 0, 0, 0, 3, 15, 75
"d:\projects\flutter\49-mobile-app\lib\features\social_media\live_streaming\presentation\widgets\components\zego_prebuilt_audio_streaming\src\live_audio_room.dart", "Dart", 0, 567, 0, 0, 0, 0, 0, 0, 0, 0, 0, 42, 82, 691
"d:\projects\flutter\49-mobile-app\lib\features\social_media\live_streaming\presentation\widgets\components\zego_prebuilt_audio_streaming\src\minimizing\data.dart", "Dart", 0, 30, 0, 0, 0, 0, 0, 0, 0, 0, 0, 9, 12, 51
"d:\projects\flutter\49-mobile-app\lib\features\social_media\live_streaming\presentation\widgets\components\zego_prebuilt_audio_streaming\src\minimizing\defines.dart", "Dart", 0, 5, 0, 0, 0, 0, 0, 0, 0, 0, 0, 1, 1, 7
"d:\projects\flutter\49-mobile-app\lib\features\social_media\live_streaming\presentation\widgets\components\zego_prebuilt_audio_streaming\src\minimizing\export.dart", "Dart", 0, 2, 0, 0, 0, 0, 0, 0, 0, 0, 0, 0, 1, 3
"d:\projects\flutter\49-mobile-app\lib\features\social_media\live_streaming\presentation\widgets\components\zego_prebuilt_audio_streaming\src\minimizing\mini_button.dart", "Dart", 0, 58, 0, 0, 0, 0, 0, 0, 0, 0, 0, 9, 16, 83
"d:\projects\flutter\49-mobile-app\lib\features\social_media\live_streaming\presentation\widgets\components\zego_prebuilt_audio_streaming\src\minimizing\overlay_machine.dart", "Dart", 0, 115, 0, 0, 0, 0, 0, 0, 0, 0, 0, 8, 31, 154
"d:\projects\flutter\49-mobile-app\lib\features\social_media\live_streaming\presentation\widgets\components\zego_prebuilt_audio_streaming\src\minimizing\overlay_page.dart", "Dart", 0, 460, 0, 0, 0, 0, 0, 0, 0, 0, 0, 74, 56, 590
"d:\projects\flutter\49-mobile-app\lib\features\social_media\live_streaming\presentation\widgets\components\zego_prebuilt_audio_streaming\zego_uikit_prebuilt_live_audio_room.dart", "Dart", 0, 12, 0, 0, 0, 0, 0, 0, 0, 0, 0, 0, 4, 16
"d:\projects\flutter\49-mobile-app\lib\features\social_media\live_streaming\presentation\widgets\components\zego_prebuilt_live_streaming\src\components\audio_video_view_foreground.dart", "Dart", 0, 168, 0, 0, 0, 0, 0, 0, 0, 0, 0, 14, 20, 202
"d:\projects\flutter\49-mobile-app\lib\features\social_media\live_streaming\presentation\widgets\components\zego_prebuilt_live_streaming\src\components\central_audio_video_view.dart", "Dart", 0, 437, 0, 0, 0, 0, 0, 0, 0, 0, 0, 17, 48, 502
"d:\projects\flutter\49-mobile-app\lib\features\social_media\live_streaming\presentation\widgets\components\zego_prebuilt_live_streaming\src\components\components.dart", "Dart", 0, 5, 0, 0, 0, 0, 0, 0, 0, 0, 0, 0, 1, 6
"d:\projects\flutter\49-mobile-app\lib\features\social_media\live_streaming\presentation\widgets\components\zego_prebuilt_live_streaming\src\components\defines.dart", "Dart", 0, 20, 0, 0, 0, 0, 0, 0, 0, 0, 0, 8, 9, 37
"d:\projects\flutter\49-mobile-app\lib\features\social_media\live_streaming\presentation\widgets\components\zego_prebuilt_live_streaming\src\components\duration_time_board.dart", "Dart", 0, 129, 0, 0, 0, 0, 0, 0, 0, 0, 0, 5, 29, 163
"d:\projects\flutter\49-mobile-app\lib\features\social_media\live_streaming\presentation\widgets\components\zego_prebuilt_live_streaming\src\components\dynamic_progress_indicator.dart", "Dart", 0, 37, 0, 0, 0, 0, 0, 0, 0, 0, 0, 4, 8, 49
"d:\projects\flutter\49-mobile-app\lib\features\social_media\live_streaming\presentation\widgets\components\zego_prebuilt_live_streaming\src\components\effects\beauty_effect_button.dart", "Dart", 0, 66, 0, 0, 0, 0, 0, 0, 0, 0, 0, 6, 8, 80
"d:\projects\flutter\49-mobile-app\lib\features\social_media\live_streaming\presentation\widgets\components\zego_prebuilt_live_streaming\src\components\effects\beauty_effect_reset_button.dart", "Dart", 0, 40, 0, 0, 0, 0, 0, 0, 0, 0, 0, 6, 9, 55
"d:\projects\flutter\49-mobile-app\lib\features\social_media\live_streaming\presentation\widgets\components\zego_prebuilt_live_streaming\src\components\effects\beauty_effect_sheet.dart", "Dart", 0, 278, 0, 0, 0, 0, 0, 0, 0, 0, 0, 12, 27, 317
"d:\projects\flutter\49-mobile-app\lib\features\social_media\live_streaming\presentation\widgets\components\zego_prebuilt_live_streaming\src\components\effects\effect_grid.dart", "Dart", 0, 176, 0, 0, 0, 0, 0, 0, 0, 0, 0, 10, 25, 211
"d:\projects\flutter\49-mobile-app\lib\features\social_media\live_streaming\presentation\widgets\components\zego_prebuilt_live_streaming\src\components\effects\sound_effect_button.dart", "Dart", 0, 69, 0, 0, 0, 0, 0, 0, 0, 0, 0, 5, 11, 85
"d:\projects\flutter\49-mobile-app\lib\features\social_media\live_streaming\presentation\widgets\components\zego_prebuilt_live_streaming\src\components\effects\sound_effect_sheet.dart", "Dart", 0, 303, 0, 0, 0, 0, 0, 0, 0, 0, 0, 5, 24, 332
"d:\projects\flutter\49-mobile-app\lib\features\social_media\live_streaming\presentation\widgets\components\zego_prebuilt_live_streaming\src\components\leave_button.dart", "Dart", 0, 106, 0, 0, 0, 0, 0, 0, 0, 0, 0, 7, 19, 132
"d:\projects\flutter\49-mobile-app\lib\features\social_media\live_streaming\presentation\widgets\components\zego_prebuilt_live_streaming\src\components\live_page.dart", "Dart", 0, 392, 0, 0, 0, 0, 0, 0, 0, 0, 0, 22, 51, 465
"d:\projects\flutter\49-mobile-app\lib\features\social_media\live_streaming\presentation\widgets\components\zego_prebuilt_live_streaming\src\components\live_page_surface.dart", "Dart", 0, 449, 0, 0, 0, 0, 0, 0, 0, 0, 0, 11, 26, 486
"d:\projects\flutter\49-mobile-app\lib\features\social_media\live_streaming\presentation\widgets\components\zego_prebuilt_live_streaming\src\components\live_streaming.dart", "Dart", 0, 553, 0, 0, 0, 0, 0, 0, 0, 0, 0, 34, 87, 674
"d:\projects\flutter\49-mobile-app\lib\features\social_media\live_streaming\presentation\widgets\components\zego_prebuilt_live_streaming\src\components\member\button.dart", "Dart", 0, 168, 0, 0, 0, 0, 0, 0, 0, 0, 0, 8, 22, 198
"d:\projects\flutter\49-mobile-app\lib\features\social_media\live_streaming\presentation\widgets\components\zego_prebuilt_live_streaming\src\components\member\list_sheet.dart", "Dart", 0, 548, 0, 0, 0, 0, 0, 0, 0, 0, 0, 16, 39, 603
"d:\projects\flutter\49-mobile-app\lib\features\social_media\live_streaming\presentation\widgets\components\zego_prebuilt_live_streaming\src\components\message\defines.dart", "Dart", 0, 1, 0, 0, 0, 0, 0, 0, 0, 0, 0, 1, 1, 3
"d:\projects\flutter\49-mobile-app\lib\features\social_media\live_streaming\presentation\widgets\components\zego_prebuilt_live_streaming\src\components\message\disable_chat_button.dart", "Dart", 0, 88, 0, 0, 0, 0, 0, 0, 0, 0, 0, 5, 17, 110
"d:\projects\flutter\49-mobile-app\lib\features\social_media\live_streaming\presentation\widgets\components\zego_prebuilt_live_streaming\src\components\message\enable_property.dart", "Dart", 0, 35, 0, 0, 0, 0, 0, 0, 0, 0, 0, 5, 12, 52
"d:\projects\flutter\49-mobile-app\lib\features\social_media\live_streaming\presentation\widgets\components\zego_prebuilt_live_streaming\src\components\message\input_board.dart", "Dart", 0, 74, 0, 0, 0, 0, 0, 0, 0, 0, 0, 5, 13, 92
"d:\projects\flutter\49-mobile-app\lib\features\social_media\live_streaming\presentation\widgets\components\zego_prebuilt_live_streaming\src\components\message\input_board_button.dart", "Dart", 0, 114, 0, 0, 0, 0, 0, 0, 0, 0, 0, 6, 17, 137
"d:\projects\flutter\49-mobile-app\lib\features\social_media\live_streaming\presentation\widgets\components\zego_prebuilt_live_streaming\src\components\message\view.dart", "Dart", 0, 76, 0, 0, 0, 0, 0, 0, 0, 0, 0, 6, 8, 90
"d:\projects\flutter\49-mobile-app\lib\features\social_media\live_streaming\presentation\widgets\components\zego_prebuilt_live_streaming\src\components\minimized_screen.dart", "Dart", 0, 50, 0, 0, 0, 0, 0, 0, 0, 0, 0, 0, 9, 59
"d:\projects\flutter\49-mobile-app\lib\features\social_media\live_streaming\presentation\widgets\components\zego_prebuilt_live_streaming\src\components\preview_page.dart", "Dart", 0, 810, 0, 0, 0, 0, 0, 0, 0, 0, 0, 60, 54, 924
"d:\projects\flutter\49-mobile-app\lib\features\social_media\live_streaming\presentation\widgets\components\zego_prebuilt_live_streaming\src\components\select_live_goals_screen.dart", "Dart", 0, 314, 0, 0, 0, 0, 0, 0, 0, 0, 0, 23, 18, 355
"d:\projects\flutter\49-mobile-app\lib\features\social_media\live_streaming\presentation\widgets\components\zego_prebuilt_live_streaming\src\components\top_bar.dart", "Dart", 0, 426, 0, 0, 0, 0, 0, 0, 0, 0, 0, 80, 25, 531
"d:\projects\flutter\49-mobile-app\lib\features\social_media\live_streaming\presentation\widgets\components\zego_prebuilt_live_streaming\src\components\utils\dialogs.dart", "Dart", 0, 77, 0, 0, 0, 0, 0, 0, 0, 0, 0, 4, 6, 87
"d:\projects\flutter\49-mobile-app\lib\features\social_media\live_streaming\presentation\widgets\components\zego_prebuilt_live_streaming\src\components\utils\permissions.dart", "Dart", 0, 157, 0, 0, 0, 0, 0, 0, 0, 0, 0, 6, 12, 175
"d:\projects\flutter\49-mobile-app\lib\features\social_media\live_streaming\presentation\widgets\components\zego_prebuilt_live_streaming\src\components\utils\pop_up_manager.dart", "Dart", 0, 19, 0, 0, 0, 0, 0, 0, 0, 0, 0, 2, 6, 27
"d:\projects\flutter\49-mobile-app\lib\features\social_media\live_streaming\presentation\widgets\components\zego_prebuilt_live_streaming\src\components\utils\pop_up_sheet_menu.dart", "Dart", 0, 202, 0, 0, 0, 0, 0, 0, 0, 0, 0, 9, 19, 230
"d:\projects\flutter\49-mobile-app\lib\features\social_media\live_streaming\presentation\widgets\components\zego_prebuilt_live_streaming\src\components\utils\toast.dart", "Dart", 0, 62, 0, 0, 0, 0, 0, 0, 0, 0, 0, 11, 21, 94
"d:\projects\flutter\49-mobile-app\lib\features\social_media\live_streaming\presentation\widgets\components\zego_prebuilt_live_streaming\src\components\white_board_view.dart", "Dart", 0, 323, 0, 0, 0, 0, 0, 0, 0, 0, 0, 7, 22, 352
"d:\projects\flutter\49-mobile-app\lib\features\social_media\live_streaming\presentation\widgets\components\zego_prebuilt_live_streaming\src\components\zego_live_streaming_bottom_bar.dart", "Dart", 0, 501, 0, 0, 0, 0, 0, 0, 0, 0, 0, 56, 43, 600
"d:\projects\flutter\49-mobile-app\lib\features\social_media\live_streaming\presentation\widgets\components\zego_prebuilt_live_streaming\src\config.dart", "Dart", 0, 534, 0, 0, 0, 0, 0, 0, 0, 0, 0, 462, 159, 1155
"d:\projects\flutter\49-mobile-app\lib\features\social_media\live_streaming\presentation\widgets\components\zego_prebuilt_live_streaming\src\config.defines.dart", "Dart", 0, 93, 0, 0, 0, 0, 0, 0, 0, 0, 0, 96, 42, 231
"d:\projects\flutter\49-mobile-app\lib\features\social_media\live_streaming\presentation\widgets\components\zego_prebuilt_live_streaming\src\controller.dart", "Dart", 0, 60, 0, 0, 0, 0, 0, 0, 0, 0, 0, 17, 20, 97
"d:\projects\flutter\49-mobile-app\lib\features\social_media\live_streaming\presentation\widgets\components\zego_prebuilt_live_streaming\src\controller\audio_video.dart", "Dart", 0, 101, 0, 0, 0, 0, 0, 0, 0, 0, 0, 21, 30, 152
"d:\projects\flutter\49-mobile-app\lib\features\social_media\live_streaming\presentation\widgets\components\zego_prebuilt_live_streaming\src\controller\co.host.dart", "Dart", 0, 637, 0, 0, 0, 0, 0, 0, 0, 0, 0, 36, 114, 787
"d:\projects\flutter\49-mobile-app\lib\features\social_media\live_streaming\presentation\widgets\components\zego_prebuilt_live_streaming\src\controller\message.dart", "Dart", 0, 62, 0, 0, 0, 0, 0, 0, 0, 0, 0, 46, 10, 118
"d:\projects\flutter\49-mobile-app\lib\features\social_media\live_streaming\presentation\widgets\components\zego_prebuilt_live_streaming\src\controller\minimize.dart", "Dart", 0, 120, 0, 0, 0, 0, 0, 0, 0, 0, 0, 9, 22, 151
"d:\projects\flutter\49-mobile-app\lib\features\social_media\live_streaming\presentation\widgets\components\zego_prebuilt_live_streaming\src\controller\pk.dart", "Dart", 0, 134, 0, 0, 0, 0, 0, 0, 0, 0, 0, 58, 23, 215
"d:\projects\flutter\49-mobile-app\lib\features\social_media\live_streaming\presentation\widgets\components\zego_prebuilt_live_streaming\src\controller\private\audio_video.dart", "Dart", 0, 67, 0, 0, 0, 0, 0, 0, 0, 0, 0, 10, 18, 95
"d:\projects\flutter\49-mobile-app\lib\features\social_media\live_streaming\presentation\widgets\components\zego_prebuilt_live_streaming\src\controller\private\co.host.dart", "Dart", 0, 118, 0, 0, 0, 0, 0, 0, 0, 0, 0, 11, 38, 167
"d:\projects\flutter\49-mobile-app\lib\features\social_media\live_streaming\presentation\widgets\components\zego_prebuilt_live_streaming\src\controller\private\message.dart", "Dart", 0, 76, 0, 0, 0, 0, 0, 0, 0, 0, 0, 10, 26, 112
"d:\projects\flutter\49-mobile-app\lib\features\social_media\live_streaming\presentation\widgets\components\zego_prebuilt_live_streaming\src\controller\private\minimize.dart", "Dart", 0, 35, 0, 0, 0, 0, 0, 0, 0, 0, 0, 6, 11, 52
"d:\projects\flutter\49-mobile-app\lib\features\social_media\live_streaming\presentation\widgets\components\zego_prebuilt_live_streaming\src\controller\private\pk.dart", "Dart", 0, 55, 0, 0, 0, 0, 0, 0, 0, 0, 0, 9, 15, 79
"d:\projects\flutter\49-mobile-app\lib\features\social_media\live_streaming\presentation\widgets\components\zego_prebuilt_live_streaming\src\controller\private\private.dart", "Dart", 0, 21, 0, 0, 0, 0, 0, 0, 0, 0, 0, 9, 5, 35
"d:\projects\flutter\49-mobile-app\lib\features\social_media\live_streaming\presentation\widgets\components\zego_prebuilt_live_streaming\src\controller\private\room.dart", "Dart", 0, 130, 0, 0, 0, 0, 0, 0, 0, 0, 0, 12, 18, 160
"d:\projects\flutter\49-mobile-app\lib\features\social_media\live_streaming\presentation\widgets\components\zego_prebuilt_live_streaming\src\controller\private\swiping.dart", "Dart", 0, 31, 0, 0, 0, 0, 0, 0, 0, 0, 0, 6, 11, 48
"d:\projects\flutter\49-mobile-app\lib\features\social_media\live_streaming\presentation\widgets\components\zego_prebuilt_live_streaming\src\controller\private\user.dart", "Dart", 0, 94, 0, 0, 0, 0, 0, 0, 0, 0, 0, 7, 30, 131
"d:\projects\flutter\49-mobile-app\lib\features\social_media\live_streaming\presentation\widgets\components\zego_prebuilt_live_streaming\src\controller\room.dart", "Dart", 0, 268, 0, 0, 0, 0, 0, 0, 0, 0, 0, 36, 48, 352
"d:\projects\flutter\49-mobile-app\lib\features\social_media\live_streaming\presentation\widgets\components\zego_prebuilt_live_streaming\src\controller\screen.dart", "Dart", 0, 11, 0, 0, 0, 0, 0, 0, 0, 0, 0, 5, 5, 21
"d:\projects\flutter\49-mobile-app\lib\features\social_media\live_streaming\presentation\widgets\components\zego_prebuilt_live_streaming\src\controller\swiping.dart", "Dart", 0, 66, 0, 0, 0, 0, 0, 0, 0, 0, 0, 4, 19, 89
"d:\projects\flutter\49-mobile-app\lib\features\social_media\live_streaming\presentation\widgets\components\zego_prebuilt_live_streaming\src\controller\user.dart", "Dart", 0, 43, 0, 0, 0, 0, 0, 0, 0, 0, 0, 10, 12, 65
"d:\projects\flutter\49-mobile-app\lib\features\social_media\live_streaming\presentation\widgets\components\zego_prebuilt_live_streaming\src\core\co_host_control_button.dart", "Dart", 0, 185, 0, 0, 0, 0, 0, 0, 0, 0, 0, 6, 26, 217
"d:\projects\flutter\49-mobile-app\lib\features\social_media\live_streaming\presentation\widgets\components\zego_prebuilt_live_streaming\src\core\connect_manager.dart", "Dart", 0, 880, 0, 0, 0, 0, 0, 0, 0, 0, 0, 23, 159, 1062
"d:\projects\flutter\49-mobile-app\lib\features\social_media\live_streaming\presentation\widgets\components\zego_prebuilt_live_streaming\src\core\core_manager.audio_video.dart", "Dart", 0, 83, 0, 0, 0, 0, 0, 0, 0, 0, 0, 1, 14, 98
"d:\projects\flutter\49-mobile-app\lib\features\social_media\live_streaming\presentation\widgets\components\zego_prebuilt_live_streaming\src\core\core_managers.dart", "Dart", 0, 162, 0, 0, 0, 0, 0, 0, 0, 0, 0, 4, 41, 207
"d:\projects\flutter\49-mobile-app\lib\features\social_media\live_streaming\presentation\widgets\components\zego_prebuilt_live_streaming\src\core\defines.dart", "Dart", 0, 30, 0, 0, 0, 0, 0, 0, 0, 0, 0, 12, 10, 52
"d:\projects\flutter\49-mobile-app\lib\features\social_media\live_streaming\presentation\widgets\components\zego_prebuilt_live_streaming\src\core\host_manager.dart", "Dart", 0, 239, 0, 0, 0, 0, 0, 0, 0, 0, 0, 15, 37, 291
"d:\projects\flutter\49-mobile-app\lib\features\social_media\live_streaming\presentation\widgets\components\zego_prebuilt_live_streaming\src\core\live_duration_manager.dart", "Dart", 0, 144, 0, 0, 0, 0, 0, 0, 0, 0, 0, 23, 36, 203
"d:\projects\flutter\49-mobile-app\lib\features\social_media\live_streaming\presentation\widgets\components\zego_prebuilt_live_streaming\src\core\live_status_manager.dart", "Dart", 0, 185, 0, 0, 0, 0, 0, 0, 0, 0, 0, 13, 41, 239
"d:\projects\flutter\49-mobile-app\lib\features\social_media\live_streaming\presentation\widgets\components\zego_prebuilt_live_streaming\src\core\pk_service.dart", "Dart", 0, 158, 0, 0, 0, 0, 0, 0, 0, 0, 0, 17, 47, 222
"d:\projects\flutter\49-mobile-app\lib\features\social_media\live_streaming\presentation\widgets\components\zego_prebuilt_live_streaming\src\core\plugins.dart", "Dart", 0, 447, 0, 0, 0, 0, 0, 0, 0, 0, 0, 9, 79, 535
"d:\projects\flutter\49-mobile-app\lib\features\social_media\live_streaming\presentation\widgets\components\zego_prebuilt_live_streaming\src\defines.dart", "Dart", 0, 59, 0, 0, 0, 0, 0, 0, 0, 0, 0, 86, 35, 180
"d:\projects\flutter\49-mobile-app\lib\features\social_media\live_streaming\presentation\widgets\components\zego_prebuilt_live_streaming\src\deprecated\deprecated.dart", "Dart", 0, 10, 0, 0, 0, 0, 0, 0, 0, 0, 0, 0, 1, 11
"d:\projects\flutter\49-mobile-app\lib\features\social_media\live_streaming\presentation\widgets\components\zego_prebuilt_live_streaming\src\deprecated\deprecated_300.dart", "Dart", 0, 468, 0, 0, 0, 0, 0, 0, 0, 0, 0, 2, 134, 604
"d:\projects\flutter\49-mobile-app\lib\features\social_media\live_streaming\presentation\widgets\components\zego_prebuilt_live_streaming\src\deprecated\deprecated_302.dart", "Dart", 0, 10, 0, 0, 0, 0, 0, 0, 0, 0, 0, 1, 5, 16
"d:\projects\flutter\49-mobile-app\lib\features\social_media\live_streaming\presentation\widgets\components\zego_prebuilt_live_streaming\src\deprecated\deprecated_303.dart", "Dart", 0, 12, 0, 0, 0, 0, 0, 0, 0, 0, 0, 1, 5, 18
"d:\projects\flutter\49-mobile-app\lib\features\social_media\live_streaming\presentation\widgets\components\zego_prebuilt_live_streaming\src\deprecated\deprecated_310.dart", "Dart", 0, 7, 0, 0, 0, 0, 0, 0, 0, 0, 0, 1, 4, 12
"d:\projects\flutter\49-mobile-app\lib\features\social_media\live_streaming\presentation\widgets\components\zego_prebuilt_live_streaming\src\deprecated\deprecated_317.dart", "Dart", 0, 51, 0, 0, 0, 0, 0, 0, 0, 0, 0, 2, 17, 70
"d:\projects\flutter\49-mobile-app\lib\features\social_media\live_streaming\presentation\widgets\components\zego_prebuilt_live_streaming\src\deprecated\deprecated_330.dart", "Dart", 0, 33, 0, 0, 0, 0, 0, 0, 0, 0, 0, 1, 11, 45
"d:\projects\flutter\49-mobile-app\lib\features\social_media\live_streaming\presentation\widgets\components\zego_prebuilt_live_streaming\src\deprecated\deprecated_340.dart", "Dart", 0, 32, 0, 0, 0, 0, 0, 0, 0, 0, 0, 1, 11, 44
"d:\projects\flutter\49-mobile-app\lib\features\social_media\live_streaming\presentation\widgets\components\zego_prebuilt_live_streaming\src\deprecated\deprecated_350.dart", "Dart", 0, 21, 0, 0, 0, 0, 0, 0, 0, 0, 0, 2, 6, 29
"d:\projects\flutter\49-mobile-app\lib\features\social_media\live_streaming\presentation\widgets\components\zego_prebuilt_live_streaming\src\deprecated\deprecated_352.dart", "Dart", 0, 26, 0, 0, 0, 0, 0, 0, 0, 0, 0, 2, 7, 35
"d:\projects\flutter\49-mobile-app\lib\features\social_media\live_streaming\presentation\widgets\components\zego_prebuilt_live_streaming\src\deprecated\deprecated_390.dart", "Dart", 0, 7, 0, 0, 0, 0, 0, 0, 0, 0, 0, 1, 4, 12
"d:\projects\flutter\49-mobile-app\lib\features\social_media\live_streaming\presentation\widgets\components\zego_prebuilt_live_streaming\src\error.dart", "Dart", 0, 3, 0, 0, 0, 0, 0, 0, 0, 0, 0, 27, 2, 32
"d:\projects\flutter\49-mobile-app\lib\features\social_media\live_streaming\presentation\widgets\components\zego_prebuilt_live_streaming\src\events.dart", "Dart", 0, 262, 0, 0, 0, 0, 0, 0, 0, 0, 0, 284, 84, 630
"d:\projects\flutter\49-mobile-app\lib\features\social_media\live_streaming\presentation\widgets\components\zego_prebuilt_live_streaming\src\events.defines.dart", "Dart", 0, 166, 0, 0, 0, 0, 0, 0, 0, 0, 0, 20, 43, 229
"d:\projects\flutter\49-mobile-app\lib\features\social_media\live_streaming\presentation\widgets\components\zego_prebuilt_live_streaming\src\inner_text.dart", "Dart", 0, 316, 0, 0, 0, 0, 0, 0, 0, 0, 0, 170, 76, 562
"d:\projects\flutter\49-mobile-app\lib\features\social_media\live_streaming\presentation\widgets\components\zego_prebuilt_live_streaming\src\internal\defines.dart", "Dart", 0, 39, 0, 0, 0, 0, 0, 0, 0, 0, 0, 4, 7, 50
"d:\projects\flutter\49-mobile-app\lib\features\social_media\live_streaming\presentation\widgets\components\zego_prebuilt_live_streaming\src\internal\events.dart", "Dart", 0, 82, 0, 0, 0, 0, 0, 0, 0, 0, 0, 3, 18, 103
"d:\projects\flutter\49-mobile-app\lib\features\social_media\live_streaming\presentation\widgets\components\zego_prebuilt_live_streaming\src\internal\internal.dart", "Dart", 0, 1, 0, 0, 0, 0, 0, 0, 0, 0, 0, 0, 1, 2
"d:\projects\flutter\49-mobile-app\lib\features\social_media\live_streaming\presentation\widgets\components\zego_prebuilt_live_streaming\src\internal\pk_combine_notifier.dart", "Dart", 0, 69, 0, 0, 0, 0, 0, 0, 0, 0, 0, 3, 19, 91
"d:\projects\flutter\49-mobile-app\lib\features\social_media\live_streaming\presentation\widgets\components\zego_prebuilt_live_streaming\src\live_streaming.dart", "Dart", 0, 58, 0, 0, 0, 0, 0, 0, 0, 0, 0, 28, 15, 101
"d:\projects\flutter\49-mobile-app\lib\features\social_media\live_streaming\presentation\widgets\components\zego_prebuilt_live_streaming\src\minimizing\data.dart", "Dart", 0, 36, 0, 0, 0, 0, 0, 0, 0, 0, 0, 10, 13, 59
"d:\projects\flutter\49-mobile-app\lib\features\social_media\live_streaming\presentation\widgets\components\zego_prebuilt_live_streaming\src\minimizing\defines.dart", "Dart", 0, 5, 0, 0, 0, 0, 0, 0, 0, 0, 0, 1, 1, 7
"d:\projects\flutter\49-mobile-app\lib\features\social_media\live_streaming\presentation\widgets\components\zego_prebuilt_live_streaming\src\minimizing\export.dart", "Dart", 0, 2, 0, 0, 0, 0, 0, 0, 0, 0, 0, 0, 1, 3
"d:\projects\flutter\49-mobile-app\lib\features\social_media\live_streaming\presentation\widgets\components\zego_prebuilt_live_streaming\src\minimizing\mini_button.dart", "Dart", 0, 68, 0, 0, 0, 0, 0, 0, 0, 0, 0, 8, 16, 92
"d:\projects\flutter\49-mobile-app\lib\features\social_media\live_streaming\presentation\widgets\components\zego_prebuilt_live_streaming\src\minimizing\overlay_machine.dart", "Dart", 0, 151, 0, 0, 0, 0, 0, 0, 0, 0, 0, 8, 34, 193
"d:\projects\flutter\49-mobile-app\lib\features\social_media\live_streaming\presentation\widgets\components\zego_prebuilt_live_streaming\src\minimizing\overlay_page.dart", "Dart", 0, 569, 0, 0, 0, 0, 0, 0, 0, 0, 0, 76, 61, 706
"d:\projects\flutter\49-mobile-app\lib\features\social_media\live_streaming\presentation\widgets\components\zego_prebuilt_live_streaming\src\pk\components\audience_view.dart", "Dart", 0, 202, 0, 0, 0, 0, 0, 0, 0, 0, 0, 5, 21, 228
"d:\projects\flutter\49-mobile-app\lib\features\social_media\live_streaming\presentation\widgets\components\zego_prebuilt_live_streaming\src\pk\components\common.dart", "Dart", 0, 17, 0, 0, 0, 0, 0, 0, 0, 0, 0, 2, 4, 23
"d:\projects\flutter\49-mobile-app\lib\features\social_media\live_streaming\presentation\widgets\components\zego_prebuilt_live_streaming\src\pk\components\host_view.dart", "Dart", 0, 127, 0, 0, 0, 0, 0, 0, 0, 0, 0, 3, 14, 144
"d:\projects\flutter\49-mobile-app\lib\features\social_media\live_streaming\presentation\widgets\components\zego_prebuilt_live_streaming\src\pk\components\view.dart", "Dart", 0, 139, 0, 0, 0, 0, 0, 0, 0, 0, 0, 9, 16, 164
"d:\projects\flutter\49-mobile-app\lib\features\social_media\live_streaming\presentation\widgets\components\zego_prebuilt_live_streaming\src\pk\core\core.dart", "Dart", 0, 87, 0, 0, 0, 0, 0, 0, 0, 0, 0, 3, 24, 114
"d:\projects\flutter\49-mobile-app\lib\features\social_media\live_streaming\presentation\widgets\components\zego_prebuilt_live_streaming\src\pk\core\data.dart", "Dart", 0, 177, 0, 0, 0, 0, 0, 0, 0, 0, 0, 27, 43, 247
"d:\projects\flutter\49-mobile-app\lib\features\social_media\live_streaming\presentation\widgets\components\zego_prebuilt_live_streaming\src\pk\core\defines.dart", "Dart", 0, 30, 0, 0, 0, 0, 0, 0, 0, 0, 0, 2, 11, 43
"d:\projects\flutter\49-mobile-app\lib\features\social_media\live_streaming\presentation\widgets\components\zego_prebuilt_live_streaming\src\pk\core\event\defines.dart", "Dart", 0, 160, 0, 0, 0, 0, 0, 0, 0, 0, 0, 25, 42, 227
"d:\projects\flutter\49-mobile-app\lib\features\social_media\live_streaming\presentation\widgets\components\zego_prebuilt_live_streaming\src\pk\core\event\events.dart", "Dart", 0, 1032, 0, 0, 0, 0, 0, 0, 0, 0, 0, 38, 145, 1215
"d:\projects\flutter\49-mobile-app\lib\features\social_media\live_streaming\presentation\widgets\components\zego_prebuilt_live_streaming\src\pk\core\mixer.dart", "Dart", 0, 191, 0, 0, 0, 0, 0, 0, 0, 0, 0, 6, 46, 243
"d:\projects\flutter\49-mobile-app\lib\features\social_media\live_streaming\presentation\widgets\components\zego_prebuilt_live_streaming\src\pk\core\service\completer.dart", "Dart", 0, 28, 0, 0, 0, 0, 0, 0, 0, 0, 0, 0, 3, 31
"d:\projects\flutter\49-mobile-app\lib\features\social_media\live_streaming\presentation\widgets\components\zego_prebuilt_live_streaming\src\pk\core\service\defines.dart", "Dart", 0, 35, 0, 0, 0, 0, 0, 0, 0, 0, 0, 17, 12, 64
"d:\projects\flutter\49-mobile-app\lib\features\social_media\live_streaming\presentation\widgets\components\zego_prebuilt_live_streaming\src\pk\core\service\dialogs.dart", "Dart", 0, 132, 0, 0, 0, 0, 0, 0, 0, 0, 0, 0, 18, 150
"d:\projects\flutter\49-mobile-app\lib\features\social_media\live_streaming\presentation\widgets\components\zego_prebuilt_live_streaming\src\pk\core\service\host.pk.dart", "Dart", 0, 97, 0, 0, 0, 0, 0, 0, 0, 0, 0, 7, 14, 118
"d:\projects\flutter\49-mobile-app\lib\features\social_media\live_streaming\presentation\widgets\components\zego_prebuilt_live_streaming\src\pk\core\service\host.request.dart", "Dart", 0, 487, 0, 0, 0, 0, 0, 0, 0, 0, 0, 11, 41, 539
"d:\projects\flutter\49-mobile-app\lib\features\social_media\live_streaming\presentation\widgets\components\zego_prebuilt_live_streaming\src\pk\core\service\pk_users.dart", "Dart", 0, 346, 0, 0, 0, 0, 0, 0, 0, 0, 0, 16, 61, 423
"d:\projects\flutter\49-mobile-app\lib\features\social_media\live_streaming\presentation\widgets\components\zego_prebuilt_live_streaming\src\pk\core\service\protocol.dart", "Dart", 0, 73, 0, 0, 0, 0, 0, 0, 0, 0, 0, 3, 14, 90
"d:\projects\flutter\49-mobile-app\lib\features\social_media\live_streaming\presentation\widgets\components\zego_prebuilt_live_streaming\src\pk\core\service\services.dart", "Dart", 0, 126, 0, 0, 0, 0, 0, 0, 0, 0, 0, 4, 40, 170
"d:\projects\flutter\49-mobile-app\lib\features\social_media\live_streaming\presentation\widgets\components\zego_prebuilt_live_streaming\src\pk\export.dart", "Dart", 0, 4, 0, 0, 0, 0, 0, 0, 0, 0, 0, 0, 1, 5
"d:\projects\flutter\49-mobile-app\lib\features\social_media\live_streaming\presentation\widgets\components\zego_prebuilt_live_streaming\src\pk\layout\gird_layout.dart", "Dart", 0, 83, 0, 0, 0, 0, 0, 0, 0, 0, 0, 8, 18, 109
"d:\projects\flutter\49-mobile-app\lib\features\social_media\live_streaming\presentation\widgets\components\zego_prebuilt_live_streaming\src\pk\layout\layout.dart", "Dart", 0, 19, 0, 0, 0, 0, 0, 0, 0, 0, 0, 10, 8, 37
"d:\projects\flutter\49-mobile-app\lib\features\social_media\live_streaming\presentation\widgets\components\zego_prebuilt_live_streaming\src\pk\layout\prefer_gird_layout.dart", "Dart", 0, 132, 0, 0, 0, 0, 0, 0, 0, 0, 0, 3, 13, 148
"d:\projects\flutter\49-mobile-app\lib\features\social_media\live_streaming\presentation\widgets\components\zego_prebuilt_live_streaming\src\swiping\config.dart", "Dart", 0, 11, 0, 0, 0, 0, 0, 0, 0, 0, 0, 7, 5, 23
"d:\projects\flutter\49-mobile-app\lib\features\social_media\live_streaming\presentation\widgets\components\zego_prebuilt_live_streaming\src\swiping\loading_builder.dart", "Dart", 0, 84, 0, 0, 0, 0, 0, 0, 0, 0, 0, 6, 18, 108
"d:\projects\flutter\49-mobile-app\lib\features\social_media\live_streaming\presentation\widgets\components\zego_prebuilt_live_streaming\src\swiping\login_notifier.dart", "Dart", 0, 190, 0, 0, 0, 0, 0, 0, 0, 0, 0, 4, 45, 239
"d:\projects\flutter\49-mobile-app\lib\features\social_media\live_streaming\presentation\widgets\components\zego_prebuilt_live_streaming\src\swiping\logout_notifier.dart", "Dart", 0, 140, 0, 0, 0, 0, 0, 0, 0, 0, 0, 4, 39, 183
"d:\projects\flutter\49-mobile-app\lib\features\social_media\live_streaming\presentation\widgets\components\zego_prebuilt_live_streaming\src\swiping\page.dart", "Dart", 0, 219, 0, 0, 0, 0, 0, 0, 0, 0, 0, 17, 51, 287
"d:\projects\flutter\49-mobile-app\lib\features\social_media\live_streaming\presentation\widgets\components\zego_prebuilt_live_streaming\zego_uikit_prebuilt_live_streaming.dart", "Dart", 0, 14, 0, 0, 0, 0, 0, 0, 0, 0, 0, 0, 4, 18
"d:\projects\flutter\49-mobile-app\lib\features\social_media\live_streaming\presentation\widgets\components\zego_uikit\src\channel\method_channel.dart", "Dart", 0, 60, 0, 0, 0, 0, 0, 0, 0, 0, 0, 7, 11, 78
"d:\projects\flutter\49-mobile-app\lib\features\social_media\live_streaming\presentation\widgets\components\zego_uikit\src\channel\platform_interface.dart", "Dart", 0, 20, 0, 0, 0, 0, 0, 0, 0, 0, 0, 12, 9, 41
"d:\projects\flutter\49-mobile-app\lib\features\social_media\live_streaming\presentation\widgets\components\zego_uikit\src\components\audio_video\audio_video.dart", "Dart", 0, 12, 0, 0, 0, 0, 0, 0, 0, 0, 0, 0, 1, 13
"d:\projects\flutter\49-mobile-app\lib\features\social_media\live_streaming\presentation\widgets\components\zego_uikit\src\components\audio_video\audio_video_view.dart", "Dart", 0, 228, 0, 0, 0, 0, 0, 0, 0, 0, 0, 17, 30, 275
"d:\projects\flutter\49-mobile-app\lib\features\social_media\live_streaming\presentation\widgets\components\zego_uikit\src\components\audio_video\avatar\avatar.dart", "Dart", 0, 122, 0, 0, 0, 0, 0, 0, 0, 0, 0, 5, 11, 138
"d:\projects\flutter\49-mobile-app\lib\features\social_media\live_streaming\presentation\widgets\components\zego_uikit\src\components\audio_video\avatar\ripple_animation.dart", "Dart", 0, 84, 0, 0, 0, 0, 0, 0, 0, 0, 0, 3, 16, 103
"d:\projects\flutter\49-mobile-app\lib\features\social_media\live_streaming\presentation\widgets\components\zego_uikit\src\components\audio_video\avatar\ripple_avatar.dart", "Dart", 0, 119, 0, 0, 0, 0, 0, 0, 0, 0, 0, 24, 29, 172
"d:\projects\flutter\49-mobile-app\lib\features\social_media\live_streaming\presentation\widgets\components\zego_uikit\src\components\audio_video\camera_state_icon.dart", "Dart", 0, 19, 0, 0, 0, 0, 0, 0, 0, 0, 0, 4, 5, 28
"d:\projects\flutter\49-mobile-app\lib\features\social_media\live_streaming\presentation\widgets\components\zego_uikit\src\components\audio_video\defines.dart", "Dart", 0, 41, 0, 0, 0, 0, 0, 0, 0, 0, 0, 11, 13, 65
"d:\projects\flutter\49-mobile-app\lib\features\social_media\live_streaming\presentation\widgets\components\zego_uikit\src\components\audio_video\media\container.dart", "Dart", 0, 34, 0, 0, 0, 0, 0, 0, 0, 0, 0, 6, 9, 49
"d:\projects\flutter\49-mobile-app\lib\features\social_media\live_streaming\presentation\widgets\components\zego_uikit\src\components\audio_video\media\player.dart", "Dart", 0, 648, 0, 0, 0, 0, 0, 0, 0, 0, 0, 16, 69, 733
"d:\projects\flutter\49-mobile-app\lib\features\social_media\live_streaming\presentation\widgets\components\zego_uikit\src\components\audio_video\media\view.dart", "Dart", 0, 139, 0, 0, 0, 0, 0, 0, 0, 0, 0, 12, 20, 171
"d:\projects\flutter\49-mobile-app\lib\features\social_media\live_streaming\presentation\widgets\components\zego_uikit\src\components\audio_video\media\wave.dart", "Dart", 0, 96, 0, 0, 0, 0, 0, 0, 0, 0, 0, 3, 24, 123
"d:\projects\flutter\49-mobile-app\lib\features\social_media\live_streaming\presentation\widgets\components\zego_uikit\src\components\audio_video\microphone_state_icon.dart", "Dart", 0, 104, 0, 0, 0, 0, 0, 0, 0, 0, 0, 23, 19, 146
"d:\projects\flutter\49-mobile-app\lib\features\social_media\live_streaming\presentation\widgets\components\zego_uikit\src\components\audio_video\screen_sharing\controller.dart", "Dart", 0, 12, 0, 0, 0, 0, 0, 0, 0, 0, 0, 6, 6, 24
"d:\projects\flutter\49-mobile-app\lib\features\social_media\live_streaming\presentation\widgets\components\zego_uikit\src\components\audio_video\screen_sharing\toggle_button.dart", "Dart", 0, 70, 0, 0, 0, 0, 0, 0, 0, 0, 0, 8, 14, 92
"d:\projects\flutter\49-mobile-app\lib\features\social_media\live_streaming\presentation\widgets\components\zego_uikit\src\components\audio_video\screen_sharing\view.dart", "Dart", 0, 317, 0, 0, 0, 0, 0, 0, 0, 0, 0, 16, 28, 361
"d:\projects\flutter\49-mobile-app\lib\features\social_media\live_streaming\presentation\widgets\components\zego_uikit\src\components\audio_video\switch_audio_output_button.dart", "Dart", 0, 99, 0, 0, 0, 0, 0, 0, 0, 0, 0, 16, 19, 134
"d:\projects\flutter\49-mobile-app\lib\features\social_media\live_streaming\presentation\widgets\components\zego_uikit\src\components\audio_video\switch_camera_button.dart", "Dart", 0, 63, 0, 0, 0, 0, 0, 0, 0, 0, 0, 8, 14, 85
"d:\projects\flutter\49-mobile-app\lib\features\social_media\live_streaming\presentation\widgets\components\zego_uikit\src\components\audio_video\toggle_camera_button.dart", "Dart", 0, 82, 0, 0, 0, 0, 0, 0, 0, 0, 0, 13, 18, 113
"d:\projects\flutter\49-mobile-app\lib\features\social_media\live_streaming\presentation\widgets\components\zego_uikit\src\components\audio_video\toggle_microphone_button.dart", "Dart", 0, 84, 0, 0, 0, 0, 0, 0, 0, 0, 0, 14, 20, 118
"d:\projects\flutter\49-mobile-app\lib\features\social_media\live_streaming\presentation\widgets\components\zego_uikit\src\components\audio_video_container\audio_video_container.dart", "Dart", 0, 204, 0, 0, 0, 0, 0, 0, 0, 0, 0, 20, 44, 268
"d:\projects\flutter\49-mobile-app\lib\features\social_media\live_streaming\presentation\widgets\components\zego_uikit\src\components\audio_video_container\gallery\grid_layout_delegate.dart", "Dart", 0, 137, 0, 0, 0, 0, 0, 0, 0, 0, 0, 101, 30, 268
"d:\projects\flutter\49-mobile-app\lib\features\social_media\live_streaming\presentation\widgets\components\zego_uikit\src\components\audio_video_container\gallery\layout_gallery_last_item.dart", "Dart", 0, 106, 0, 0, 0, 0, 0, 0, 0, 0, 0, 2, 10, 118
"d:\projects\flutter\49-mobile-app\lib\features\social_media\live_streaming\presentation\widgets\components\zego_uikit\src\components\audio_video_container\layout.dart", "Dart", 0, 52, 0, 0, 0, 0, 0, 0, 0, 0, 0, 26, 18, 96
"d:\projects\flutter\49-mobile-app\lib\features\social_media\live_streaming\presentation\widgets\components\zego_uikit\src\components\audio_video_container\layout_gallery.dart", "Dart", 0, 200, 0, 0, 0, 0, 0, 0, 0, 0, 0, 14, 36, 250
"d:\projects\flutter\49-mobile-app\lib\features\social_media\live_streaming\presentation\widgets\components\zego_uikit\src\components\audio_video_container\layout_picture_in_picture.dart", "Dart", 0, 153, 0, 0, 0, 0, 0, 0, 0, 0, 0, 16, 31, 200
"d:\projects\flutter\49-mobile-app\lib\features\social_media\live_streaming\presentation\widgets\components\zego_uikit\src\components\audio_video_container\picture_in_picture\defines.dart", "Dart", 0, 6, 0, 0, 0, 0, 0, 0, 0, 0, 0, 1, 1, 8
"d:\projects\flutter\49-mobile-app\lib\features\social_media\live_streaming\presentation\widgets\components\zego_uikit\src\components\audio_video_container\picture_in_picture\layout_pip_small_item.dart", "Dart", 0, 169, 0, 0, 0, 0, 0, 0, 0, 0, 0, 8, 23, 200
"d:\projects\flutter\49-mobile-app\lib\features\social_media\live_streaming\presentation\widgets\components\zego_uikit\src\components\audio_video_container\picture_in_picture\layout_pip_small_item_list.dart", "Dart", 0, 245, 0, 0, 0, 0, 0, 0, 0, 0, 0, 10, 40, 295
"d:\projects\flutter\49-mobile-app\lib\features\social_media\live_streaming\presentation\widgets\components\zego_uikit\src\components\components.dart", "Dart", 0, 21, 0, 0, 0, 0, 0, 0, 0, 0, 0, 0, 1, 22
"d:\projects\flutter\49-mobile-app\lib\features\social_media\live_streaming\presentation\widgets\components\zego_uikit\src\components\defines.dart", "Dart", 0, 39, 0, 0, 0, 0, 0, 0, 0, 0, 0, 31, 19, 89
"d:\projects\flutter\49-mobile-app\lib\features\social_media\live_streaming\presentation\widgets\components\zego_uikit\src\components\effect\beauty_effect_slider.dart", "Dart", 0, 86, 0, 0, 0, 0, 0, 0, 0, 0, 0, 10, 18, 114
"d:\projects\flutter\49-mobile-app\lib\features\social_media\live_streaming\presentation\widgets\components\zego_uikit\src\components\functions.dart", "Dart", 0, 9, 0, 0, 0, 0, 0, 0, 0, 0, 0, 2, 2, 13
"d:\projects\flutter\49-mobile-app\lib\features\social_media\live_streaming\presentation\widgets\components\zego_uikit\src\components\internal\icon_defines.dart", "Dart", 0, 75, 0, 0, 0, 0, 0, 0, 0, 0, 0, 5, 16, 96
"d:\projects\flutter\49-mobile-app\lib\features\social_media\live_streaming\presentation\widgets\components\zego_uikit\src\components\internal\internal.dart", "Dart", 0, 2, 0, 0, 0, 0, 0, 0, 0, 0, 0, 0, 1, 3
"d:\projects\flutter\49-mobile-app\lib\features\social_media\live_streaming\presentation\widgets\components\zego_uikit\src\components\internal\type_transform.dart", "Dart", 0, 12, 0, 0, 0, 0, 0, 0, 0, 0, 0, 3, 3, 18
"d:\projects\flutter\49-mobile-app\lib\features\social_media\live_streaming\presentation\widgets\components\zego_uikit\src\components\leave_button.dart", "Dart", 0, 70, 0, 0, 0, 0, 0, 0, 0, 0, 0, 11, 14, 95
"d:\projects\flutter\49-mobile-app\lib\features\social_media\live_streaming\presentation\widgets\components\zego_uikit\src\components\member\member_list.dart", "Dart", 0, 179, 0, 0, 0, 0, 0, 0, 0, 0, 0, 6, 22, 207
"d:\projects\flutter\49-mobile-app\lib\features\social_media\live_streaming\presentation\widgets\components\zego_uikit\src\components\message\chat\chat_view.dart", "Dart", 0, 37, 0, 0, 0, 0, 0, 0, 0, 0, 0, 2, 7, 46
"d:\projects\flutter\49-mobile-app\lib\features\social_media\live_streaming\presentation\widgets\components\zego_uikit\src\components\message\chat\chat_view_item.dart", "Dart", 0, 193, 0, 0, 0, 0, 0, 0, 0, 0, 0, 3, 21, 217
"d:\projects\flutter\49-mobile-app\lib\features\social_media\live_streaming\presentation\widgets\components\zego_uikit\src\components\message\defines.dart", "Dart", 0, 22, 0, 0, 0, 0, 0, 0, 0, 0, 0, 3, 6, 31
"d:\projects\flutter\49-mobile-app\lib\features\social_media\live_streaming\presentation\widgets\components\zego_uikit\src\components\message\message.dart", "Dart", 0, 7, 0, 0, 0, 0, 0, 0, 0, 0, 0, 0, 1, 8
"d:\projects\flutter\49-mobile-app\lib\features\social_media\live_streaming\presentation\widgets\components\zego_uikit\src\components\message\message_input.dart", "Dart", 0, 199, 0, 0, 0, 0, 0, 0, 0, 0, 0, 3, 23, 225
"d:\projects\flutter\49-mobile-app\lib\features\social_media\live_streaming\presentation\widgets\components\zego_uikit\src\components\message\message_view.dart", "Dart", 0, 74, 0, 0, 0, 0, 0, 0, 0, 0, 0, 4, 22, 100
"d:\projects\flutter\49-mobile-app\lib\features\social_media\live_streaming\presentation\widgets\components\zego_uikit\src\components\message\message_view_item.dart", "Dart", 0, 330, 0, 0, 0, 0, 0, 0, 0, 0, 0, 19, 35, 384
"d:\projects\flutter\49-mobile-app\lib\features\social_media\live_streaming\presentation\widgets\components\zego_uikit\src\components\message\notification\notification_view.dart", "Dart", 0, 175, 0, 0, 0, 0, 0, 0, 0, 0, 0, 6, 35, 216
"d:\projects\flutter\49-mobile-app\lib\features\social_media\live_streaming\presentation\widgets\components\zego_uikit\src\components\message\notification\notification_view_item.dart", "Dart", 0, 99, 0, 0, 0, 0, 0, 0, 0, 0, 0, 2, 8, 109
"d:\projects\flutter\49-mobile-app\lib\features\social_media\live_streaming\presentation\widgets\components\zego_uikit\src\components\screen_util\core\_flutter_widgets.dart", "Dart", 0, 829, 0, 0, 0, 0, 0, 0, 0, 0, 0, 1, 2, 832
"d:\projects\flutter\49-mobile-app\lib\features\social_media\live_streaming\presentation\widgets\components\zego_uikit\src\components\screen_util\core\r_padding.dart", "Dart", 0, 63, 0, 0, 0, 0, 0, 0, 0, 0, 0, 61, 12, 136
"d:\projects\flutter\49-mobile-app\lib\features\social_media\live_streaming\presentation\widgets\components\zego_uikit\src\components\screen_util\core\r_sizedbox.dart", "Dart", 0, 53, 0, 0, 0, 0, 0, 0, 0, 0, 0, 3, 11, 67
"d:\projects\flutter\49-mobile-app\lib\features\social_media\live_streaming\presentation\widgets\components\zego_uikit\src\components\screen_util\core\screen_util.dart", "Dart", 0, 189, 0, 0, 0, 0, 0, 0, 0, 0, 0, 70, 53, 312
"d:\projects\flutter\49-mobile-app\lib\features\social_media\live_streaming\presentation\widgets\components\zego_uikit\src\components\screen_util\core\screenutil_init.dart", "Dart", 0, 160, 0, 0, 0, 0, 0, 0, 0, 0, 0, 7, 41, 208
"d:\projects\flutter\49-mobile-app\lib\features\social_media\live_streaming\presentation\widgets\components\zego_uikit\src\components\screen_util\core\screenutil_mixin.dart", "Dart", 0, 2, 0, 0, 0, 0, 0, 0, 0, 0, 0, 2, 2, 6
"d:\projects\flutter\49-mobile-app\lib\features\social_media\live_streaming\presentation\widgets\components\zego_uikit\src\components\screen_util\core\size_extension.dart", "Dart", 0, 124, 0, 0, 0, 0, 0, 0, 0, 0, 0, 35, 40, 199
"d:\projects\flutter\49-mobile-app\lib\features\social_media\live_streaming\presentation\widgets\components\zego_uikit\src\components\screen_util\screen_util.dart", "Dart", 0, 6, 0, 0, 0, 0, 0, 0, 0, 0, 0, 0, 1, 7
"d:\projects\flutter\49-mobile-app\lib\features\social_media\live_streaming\presentation\widgets\components\zego_uikit\src\components\theme.dart", "Dart", 0, 7, 0, 0, 0, 0, 0, 0, 0, 0, 0, 1, 4, 12
"d:\projects\flutter\49-mobile-app\lib\features\social_media\live_streaming\presentation\widgets\components\zego_uikit\src\components\widgets\dialogs.dart", "Dart", 0, 129, 0, 0, 0, 0, 0, 0, 0, 0, 0, 2, 12, 143
"d:\projects\flutter\49-mobile-app\lib\features\social_media\live_streaming\presentation\widgets\components\zego_uikit\src\components\widgets\draggable_bottom_sheet.dart", "Dart", 0, 107, 0, 0, 0, 0, 0, 0, 0, 0, 0, 113, 16, 236
"d:\projects\flutter\49-mobile-app\lib\features\social_media\live_streaming\presentation\widgets\components\zego_uikit\src\components\widgets\input_board_wrapper.dart", "Dart", 0, 33, 0, 0, 0, 0, 0, 0, 0, 0, 0, 2, 7, 42
"d:\projects\flutter\49-mobile-app\lib\features\social_media\live_streaming\presentation\widgets\components\zego_uikit\src\components\widgets\more_button.dart", "Dart", 0, 142, 0, 0, 0, 0, 0, 0, 0, 0, 0, 17, 19, 178
"d:\projects\flutter\49-mobile-app\lib\features\social_media\live_streaming\presentation\widgets\components\zego_uikit\src\components\widgets\text_icon_button.dart", "Dart", 0, 123, 0, 0, 0, 0, 0, 0, 0, 0, 0, 15, 17, 155
"d:\projects\flutter\49-mobile-app\lib\features\social_media\live_streaming\presentation\widgets\components\zego_uikit\src\components\widgets\value_notifier_icon.dart", "Dart", 0, 25, 0, 0, 0, 0, 0, 0, 0, 0, 0, 1, 5, 31
"d:\projects\flutter\49-mobile-app\lib\features\social_media\live_streaming\presentation\widgets\components\zego_uikit\src\components\widgets\value_notifier_slider_visibility.dart", "Dart", 0, 51, 0, 0, 0, 0, 0, 0, 0, 0, 0, 1, 12, 64
"d:\projects\flutter\49-mobile-app\lib\features\social_media\live_streaming\presentation\widgets\components\zego_uikit\src\components\widgets\widgets.dart", "Dart", 0, 7, 0, 0, 0, 0, 0, 0, 0, 0, 0, 0, 1, 8
"d:\projects\flutter\49-mobile-app\lib\features\social_media\live_streaming\presentation\widgets\components\zego_uikit\src\plugins\beauty\impl\core\core.dart", "Dart", 0, 27, 0, 0, 0, 0, 0, 0, 0, 0, 0, 11, 11, 49
"d:\projects\flutter\49-mobile-app\lib\features\social_media\live_streaming\presentation\widgets\components\zego_uikit\src\plugins\beauty\impl\core\data.dart", "Dart", 0, 61, 0, 0, 0, 0, 0, 0, 0, 0, 0, 8, 16, 85
"d:\projects\flutter\49-mobile-app\lib\features\social_media\live_streaming\presentation\widgets\components\zego_uikit\src\plugins\beauty\uikit_beauty_plugin_impl.dart", "Dart", 0, 29, 0, 0, 0, 0, 0, 0, 0, 0, 0, 7, 12, 48
"d:\projects\flutter\49-mobile-app\lib\features\social_media\live_streaming\presentation\widgets\components\zego_uikit\src\plugins\plugins.dart", "Dart", 0, 9, 0, 0, 0, 0, 0, 0, 0, 0, 0, 0, 1, 10
"d:\projects\flutter\49-mobile-app\lib\features\social_media\live_streaming\presentation\widgets\components\zego_uikit\src\plugins\signaling\defines.dart", "Dart", 0, 43, 0, 0, 0, 0, 0, 0, 0, 0, 0, 4, 9, 56
"d:\projects\flutter\49-mobile-app\lib\features\social_media\live_streaming\presentation\widgets\components\zego_uikit\src\plugins\signaling\impl\core\advance_invitation_data.dart", "Dart", 0, 903, 0, 0, 0, 0, 0, 0, 0, 0, 0, 50, 110, 1063
"d:\projects\flutter\49-mobile-app\lib\features\social_media\live_streaming\presentation\widgets\components\zego_uikit\src\plugins\signaling\impl\core\advance_invitation_protocol.dart", "Dart", 0, 53, 0, 0, 0, 0, 0, 0, 0, 0, 0, 3, 13, 69
"d:\projects\flutter\49-mobile-app\lib\features\social_media\live_streaming\presentation\widgets\components\zego_uikit\src\plugins\signaling\impl\core\core.dart", "Dart", 0, 50, 0, 0, 0, 0, 0, 0, 0, 0, 0, 11, 17, 78
"d:\projects\flutter\49-mobile-app\lib\features\social_media\live_streaming\presentation\widgets\components\zego_uikit\src\plugins\signaling\impl\core\data.dart", "Dart", 0, 387, 0, 0, 0, 0, 0, 0, 0, 0, 0, 16, 64, 467
"d:\projects\flutter\49-mobile-app\lib\features\social_media\live_streaming\presentation\widgets\components\zego_uikit\src\plugins\signaling\impl\core\defines.dart", "Dart", 0, 44, 0, 0, 0, 0, 0, 0, 0, 0, 0, 5, 9, 58
"d:\projects\flutter\49-mobile-app\lib\features\social_media\live_streaming\presentation\widgets\components\zego_uikit\src\plugins\signaling\impl\core\event.dart", "Dart", 0, 125, 0, 0, 0, 0, 0, 0, 0, 0, 0, 10, 17, 152
"d:\projects\flutter\49-mobile-app\lib\features\social_media\live_streaming\presentation\widgets\components\zego_uikit\src\plugins\signaling\impl\core\invitation_data.dart", "Dart", 0, 539, 0, 0, 0, 0, 0, 0, 0, 0, 0, 31, 79, 649
"d:\projects\flutter\49-mobile-app\lib\features\social_media\live_streaming\presentation\widgets\components\zego_uikit\src\plugins\signaling\impl\core\invitation_protocol.dart", "Dart", 0, 28, 0, 0, 0, 0, 0, 0, 0, 0, 0, 1, 7, 36
"d:\projects\flutter\49-mobile-app\lib\features\social_media\live_streaming\presentation\widgets\components\zego_uikit\src\plugins\signaling\impl\core\notification_data.dart", "Dart", 0, 35, 0, 0, 0, 0, 0, 0, 0, 0, 0, 5, 7, 47
"d:\projects\flutter\49-mobile-app\lib\features\social_media\live_streaming\presentation\widgets\components\zego_uikit\src\plugins\signaling\impl\service\background_message_service.dart", "Dart", 0, 17, 0, 0, 0, 0, 0, 0, 0, 0, 0, 2, 3, 22
"d:\projects\flutter\49-mobile-app\lib\features\social_media\live_streaming\presentation\widgets\components\zego_uikit\src\plugins\signaling\impl\service\callkit_service.dart", "Dart", 0, 88, 0, 0, 0, 0, 0, 0, 0, 0, 0, 7, 15, 110
"d:\projects\flutter\49-mobile-app\lib\features\social_media\live_streaming\presentation\widgets\components\zego_uikit\src\plugins\signaling\impl\service\invitation_service.dart", "Dart", 0, 245, 0, 0, 0, 0, 0, 0, 0, 0, 0, 26, 31, 302
"d:\projects\flutter\49-mobile-app\lib\features\social_media\live_streaming\presentation\widgets\components\zego_uikit\src\plugins\signaling\impl\service\invitation_service_advance.dart", "Dart", 0, 539, 0, 0, 0, 0, 0, 0, 0, 0, 0, 32, 53, 624
"d:\projects\flutter\49-mobile-app\lib\features\social_media\live_streaming\presentation\widgets\components\zego_uikit\src\plugins\signaling\impl\service\message_service.dart", "Dart", 0, 35, 0, 0, 0, 0, 0, 0, 0, 0, 0, 3, 6, 44
"d:\projects\flutter\49-mobile-app\lib\features\social_media\live_streaming\presentation\widgets\components\zego_uikit\src\plugins\signaling\impl\service\notification_service.dart", "Dart", 0, 29, 0, 0, 0, 0, 0, 0, 0, 0, 0, 4, 4, 37
"d:\projects\flutter\49-mobile-app\lib\features\social_media\live_streaming\presentation\widgets\components\zego_uikit\src\plugins\signaling\impl\service\room_properties.dart", "Dart", 0, 85, 0, 0, 0, 0, 0, 0, 0, 0, 0, 17, 10, 112
"d:\projects\flutter\49-mobile-app\lib\features\social_media\live_streaming\presentation\widgets\components\zego_uikit\src\plugins\signaling\impl\service\user_attributes.dart", "Dart", 0, 57, 0, 0, 0, 0, 0, 0, 0, 0, 0, 6, 11, 74
"d:\projects\flutter\49-mobile-app\lib\features\social_media\live_streaming\presentation\widgets\components\zego_uikit\src\plugins\signaling\impl\service\user_attributes_p.dart", "Dart", 0, 62, 0, 0, 0, 0, 0, 0, 0, 0, 0, 4, 15, 81
"d:\projects\flutter\49-mobile-app\lib\features\social_media\live_streaming\presentation\widgets\components\zego_uikit\src\plugins\signaling\invitation\components\accept_invitation_button.dart", "Dart", 0, 81, 0, 0, 0, 0, 0, 0, 0, 0, 0, 6, 13, 100
"d:\projects\flutter\49-mobile-app\lib\features\social_media\live_streaming\presentation\widgets\components\zego_uikit\src\plugins\signaling\invitation\components\cancel_invitation_button.dart", "Dart", 0, 82, 0, 0, 0, 0, 0, 0, 0, 0, 0, 6, 14, 102
"d:\projects\flutter\49-mobile-app\lib\features\social_media\live_streaming\presentation\widgets\components\zego_uikit\src\plugins\signaling\invitation\components\refuse_invitation_button.dart", "Dart", 0, 81, 0, 0, 0, 0, 0, 0, 0, 0, 0, 5, 12, 98
"d:\projects\flutter\49-mobile-app\lib\features\social_media\live_streaming\presentation\widgets\components\zego_uikit\src\plugins\signaling\invitation\components\start_invitation_button.dart", "Dart", 0, 125, 0, 0, 0, 0, 0, 0, 0, 0, 0, 6, 15, 146
"d:\projects\flutter\49-mobile-app\lib\features\social_media\live_streaming\presentation\widgets\components\zego_uikit\src\plugins\signaling\uikit_signaling_plugin_impl.dart", "Dart", 0, 88, 0, 0, 0, 0, 0, 0, 0, 0, 0, 11, 23, 122
"d:\projects\flutter\49-mobile-app\lib\features\social_media\live_streaming\presentation\widgets\components\zego_uikit\src\services\audio_video_service.dart", "Dart", 0, 193, 0, 0, 0, 0, 0, 0, 0, 0, 0, 40, 36, 269
"d:\projects\flutter\49-mobile-app\lib\features\social_media\live_streaming\presentation\widgets\components\zego_uikit\src\services\channel_service.dart", "Dart", 0, 22, 0, 0, 0, 0, 0, 0, 0, 0, 0, 7, 5, 34
"d:\projects\flutter\49-mobile-app\lib\features\social_media\live_streaming\presentation\widgets\components\zego_uikit\src\services\custom_command_service.dart", "Dart", 0, 27, 0, 0, 0, 0, 0, 0, 0, 0, 0, 2, 5, 34
"d:\projects\flutter\49-mobile-app\lib\features\social_media\live_streaming\presentation\widgets\components\zego_uikit\src\services\defines\audio_video.dart", "Dart", 0, 271, 0, 0, 0, 0, 0, 0, 0, 0, 0, 43, 70, 384
"d:\projects\flutter\49-mobile-app\lib\features\social_media\live_streaming\presentation\widgets\components\zego_uikit\src\services\defines\command.dart", "Dart", 0, 16, 0, 0, 0, 0, 0, 0, 0, 0, 0, 2, 12, 30
"d:\projects\flutter\49-mobile-app\lib\features\social_media\live_streaming\presentation\widgets\components\zego_uikit\src\services\defines\defines.dart", "Dart", 0, 11, 0, 0, 0, 0, 0, 0, 0, 0, 0, 0, 1, 12
"d:\projects\flutter\49-mobile-app\lib\features\social_media\live_streaming\presentation\widgets\components\zego_uikit\src\services\defines\effect.dart", "Dart", 0, 123, 0, 0, 0, 0, 0, 0, 0, 0, 0, 34, 41, 198
"d:\projects\flutter\49-mobile-app\lib\features\social_media\live_streaming\presentation\widgets\components\zego_uikit\src\services\defines\error.dart", "Dart", 0, 67, 0, 0, 0, 0, 0, 0, 0, 0, 0, 54, 27, 148
"d:\projects\flutter\49-mobile-app\lib\features\social_media\live_streaming\presentation\widgets\components\zego_uikit\src\services\defines\express.event.dart", "Dart", 0, 408, 0, 0, 0, 0, 0, 0, 0, 0, 0, 1017, 101, 1526
"d:\projects\flutter\49-mobile-app\lib\features\social_media\live_streaming\presentation\widgets\components\zego_uikit\src\services\defines\express_extension.dart", "Dart", 0, 47, 0, 0, 0, 0, 0, 0, 0, 0, 0, 1, 5, 53
"d:\projects\flutter\49-mobile-app\lib\features\social_media\live_streaming\presentation\widgets\components\zego_uikit\src\services\defines\media.dart", "Dart", 0, 74, 0, 0, 0, 0, 0, 0, 0, 0, 0, 18, 19, 111
"d:\projects\flutter\49-mobile-app\lib\features\social_media\live_streaming\presentation\widgets\components\zego_uikit\src\services\defines\media.event.dart", "Dart", 0, 55, 0, 0, 0, 0, 0, 0, 0, 0, 0, 133, 14, 202
"d:\projects\flutter\49-mobile-app\lib\features\social_media\live_streaming\presentation\widgets\components\zego_uikit\src\services\defines\message.dart", "Dart", 0, 73, 0, 0, 0, 0, 0, 0, 0, 0, 0, 22, 23, 118
"d:\projects\flutter\49-mobile-app\lib\features\social_media\live_streaming\presentation\widgets\components\zego_uikit\src\services\defines\permission.dart", "Dart", 0, 23, 0, 0, 0, 0, 0, 0, 0, 0, 0, 2, 6, 31
"d:\projects\flutter\49-mobile-app\lib\features\social_media\live_streaming\presentation\widgets\components\zego_uikit\src\services\defines\room.dart", "Dart", 0, 73, 0, 0, 0, 0, 0, 0, 0, 0, 0, 4, 17, 94
"d:\projects\flutter\49-mobile-app\lib\features\social_media\live_streaming\presentation\widgets\components\zego_uikit\src\services\defines\user.dart", "Dart", 0, 231, 0, 0, 0, 0, 0, 0, 0, 0, 0, 7, 56, 294
"d:\projects\flutter\49-mobile-app\lib\features\social_media\live_streaming\presentation\widgets\components\zego_uikit\src\services\device_service.dart", "Dart", 0, 17, 0, 0, 0, 0, 0, 0, 0, 0, 0, 1, 4, 22
"d:\projects\flutter\49-mobile-app\lib\features\social_media\live_streaming\presentation\widgets\components\zego_uikit\src\services\effect_service.dart", "Dart", 0, 70, 0, 0, 0, 0, 0, 0, 0, 0, 0, 25, 13, 108
"d:\projects\flutter\49-mobile-app\lib\features\social_media\live_streaming\presentation\widgets\components\zego_uikit\src\services\internal\core\core.dart", "Dart", 0, 1126, 0, 0, 0, 0, 0, 0, 0, 0, 0, 25, 178, 1329
"d:\projects\flutter\49-mobile-app\lib\features\social_media\live_streaming\presentation\widgets\components\zego_uikit\src\services\internal\core\data\data.dart", "Dart", 0, 116, 0, 0, 0, 0, 0, 0, 0, 0, 0, 1, 28, 145
"d:\projects\flutter\49-mobile-app\lib\features\social_media\live_streaming\presentation\widgets\components\zego_uikit\src\services\internal\core\data\media.dart", "Dart", 0, 517, 0, 0, 0, 0, 0, 0, 0, 0, 0, 18, 92, 627
"d:\projects\flutter\49-mobile-app\lib\features\social_media\live_streaming\presentation\widgets\components\zego_uikit\src\services\internal\core\data\message.dart", "Dart", 0, 52, 0, 0, 0, 0, 0, 0, 0, 0, 0, 2, 14, 68
"d:\projects\flutter\49-mobile-app\lib\features\social_media\live_streaming\presentation\widgets\components\zego_uikit\src\services\internal\core\data\network_timestamp.dart", "Dart", 0, 39, 0, 0, 0, 0, 0, 0, 0, 0, 0, 3, 11, 53
"d:\projects\flutter\49-mobile-app\lib\features\social_media\live_streaming\presentation\widgets\components\zego_uikit\src\services\internal\core\data\screen_sharing.dart", "Dart", 0, 88, 0, 0, 0, 0, 0, 0, 0, 0, 0, 6, 22, 116
"d:\projects\flutter\49-mobile-app\lib\features\social_media\live_streaming\presentation\widgets\components\zego_uikit\src\services\internal\core\data\stream.dart", "Dart", 0, 767, 0, 0, 0, 0, 0, 0, 0, 0, 0, 15, 114, 896
"d:\projects\flutter\49-mobile-app\lib\features\social_media\live_streaming\presentation\widgets\components\zego_uikit\src\services\internal\core\data\user.dart", "Dart", 0, 146, 0, 0, 0, 0, 0, 0, 0, 0, 0, 2, 34, 182
"d:\projects\flutter\49-mobile-app\lib\features\social_media\live_streaming\presentation\widgets\components\zego_uikit\src\services\internal\core\defines.dart", "Dart", 0, 294, 0, 0, 0, 0, 0, 0, 0, 0, 0, 26, 77, 397
"d:\projects\flutter\49-mobile-app\lib\features\social_media\live_streaming\presentation\widgets\components\zego_uikit\src\services\internal\core\error.dart", "Dart", 0, 69, 0, 0, 0, 0, 0, 0, 0, 0, 0, 2, 12, 83
"d:\projects\flutter\49-mobile-app\lib\features\social_media\live_streaming\presentation\widgets\components\zego_uikit\src\services\internal\core\event\event.dart", "Dart", 0, 53, 0, 0, 0, 0, 0, 0, 0, 0, 0, 3, 19, 75
"d:\projects\flutter\49-mobile-app\lib\features\social_media\live_streaming\presentation\widgets\components\zego_uikit\src\services\internal\core\event\express.dart", "Dart", 0, 1061, 0, 0, 0, 0, 0, 0, 0, 0, 0, 0, 109, 1170
"d:\projects\flutter\49-mobile-app\lib\features\social_media\live_streaming\presentation\widgets\components\zego_uikit\src\services\internal\core\event\media.dart", "Dart", 0, 170, 0, 0, 0, 0, 0, 0, 0, 0, 0, 0, 26, 196
"d:\projects\flutter\49-mobile-app\lib\features\social_media\live_streaming\presentation\widgets\components\zego_uikit\src\services\internal\core\event_handler.dart", "Dart", 0, 712, 0, 0, 0, 0, 0, 0, 0, 0, 0, 25, 94, 831
"d:\projects\flutter\49-mobile-app\lib\features\social_media\live_streaming\presentation\widgets\components\zego_uikit\src\services\internal\core\media.dart", "Dart", 0, 117, 0, 0, 0, 0, 0, 0, 0, 0, 0, 2, 29, 148
"d:\projects\flutter\49-mobile-app\lib\features\social_media\live_streaming\presentation\widgets\components\zego_uikit\src\services\internal\core\message.dart", "Dart", 0, 147, 0, 0, 0, 0, 0, 0, 0, 0, 0, 7, 29, 183
"d:\projects\flutter\49-mobile-app\lib\features\social_media\live_streaming\presentation\widgets\components\zego_uikit\src\services\internal\internal.dart", "Dart", 0, 2, 0, 0, 0, 0, 0, 0, 0, 0, 0, 0, 1, 3
"d:\projects\flutter\49-mobile-app\lib\features\social_media\live_streaming\presentation\widgets\components\zego_uikit\src\services\internal\utils\string_utils.dart", "Dart", 0, 43, 0, 0, 0, 0, 0, 0, 0, 0, 0, 5, 9, 57
"d:\projects\flutter\49-mobile-app\lib\features\social_media\live_streaming\presentation\widgets\components\zego_uikit\src\services\internal\utils\utils.dart", "Dart", 0, 1, 0, 0, 0, 0, 0, 0, 0, 0, 0, 0, 1, 2
"d:\projects\flutter\49-mobile-app\lib\features\social_media\live_streaming\presentation\widgets\components\zego_uikit\src\services\logger_service.dart", "Dart", 0, 86, 0, 0, 0, 0, 0, 0, 0, 0, 0, 1, 14, 101
"d:\projects\flutter\49-mobile-app\lib\features\social_media\live_streaming\presentation\widgets\components\zego_uikit\src\services\media_service.dart", "Dart", 0, 106, 0, 0, 0, 0, 0, 0, 0, 0, 0, 21, 29, 156
"d:\projects\flutter\49-mobile-app\lib\features\social_media\live_streaming\presentation\widgets\components\zego_uikit\src\services\message_service.dart", "Dart", 0, 81, 0, 0, 0, 0, 0, 0, 0, 0, 0, 6, 11, 98
"d:\projects\flutter\49-mobile-app\lib\features\social_media\live_streaming\presentation\widgets\components\zego_uikit\src\services\mixer_service.dart", "Dart", 0, 99, 0, 0, 0, 0, 0, 0, 0, 0, 0, 4, 16, 119
"d:\projects\flutter\49-mobile-app\lib\features\social_media\live_streaming\presentation\widgets\components\zego_uikit\src\services\plugin_service.dart", "Dart", 0, 31, 0, 0, 0, 0, 0, 0, 0, 0, 0, 8, 11, 50
"d:\projects\flutter\49-mobile-app\lib\features\social_media\live_streaming\presentation\widgets\components\zego_uikit\src\services\room_service.dart", "Dart", 0, 64, 0, 0, 0, 0, 0, 0, 0, 0, 0, 12, 15, 91
"d:\projects\flutter\49-mobile-app\lib\features\social_media\live_streaming\presentation\widgets\components\zego_uikit\src\services\services.dart", "Dart", 0, 9, 0, 0, 0, 0, 0, 0, 0, 0, 0, 0, 2, 11
"d:\projects\flutter\49-mobile-app\lib\features\social_media\live_streaming\presentation\widgets\components\zego_uikit\src\services\uikit_service.dart", "Dart", 0, 87, 0, 0, 0, 0, 0, 0, 0, 0, 0, 12, 31, 130
"d:\projects\flutter\49-mobile-app\lib\features\social_media\live_streaming\presentation\widgets\components\zego_uikit\src\services\user_service.dart", "Dart", 0, 71, 0, 0, 0, 0, 0, 0, 0, 0, 0, 12, 15, 98
"d:\projects\flutter\49-mobile-app\lib\features\social_media\live_streaming\presentation\widgets\components\zego_uikit\zego_uikit.dart", "Dart", 0, 5, 0, 0, 0, 0, 0, 0, 0, 0, 0, 0, 3, 8
"d:\projects\flutter\49-mobile-app\lib\features\social_media\live_streaming\presentation\widgets\live_card.dart", "Dart", 0, 15, 0, 0, 0, 0, 0, 0, 0, 0, 0, 0, 5, 20
"d:\projects\flutter\49-mobile-app\lib\features\social_media\reels\data\data_sources\reels_remote_data_source.dart", "Dart", 0, 188, 0, 0, 0, 0, 0, 0, 0, 0, 0, 8, 18, 214
"d:\projects\flutter\49-mobile-app\lib\features\social_media\reels\data\models\add_comments_model.dart", "Dart", 0, 96, 0, 0, 0, 0, 0, 0, 0, 0, 0, 2, 12, 110
"d:\projects\flutter\49-mobile-app\lib\features\social_media\reels\data\models\audio_reels_model.dart", "Dart", 0, 108, 0, 0, 0, 0, 0, 0, 0, 0, 0, 0, 15, 123
"d:\projects\flutter\49-mobile-app\lib\features\social_media\reels\data\models\get_comments_model.dart", "Dart", 0, 145, 0, 0, 0, 0, 0, 0, 0, 0, 0, 0, 16, 161
"d:\projects\flutter\49-mobile-app\lib\features\social_media\reels\data\models\like_model.dart", "Dart", 0, 20, 0, 0, 0, 0, 0, 0, 0, 0, 0, 2, 4, 26
"d:\projects\flutter\49-mobile-app\lib\features\social_media\reels\data\models\new_reels_model.dart", "Dart", 0, 217, 0, 0, 0, 0, 0, 0, 0, 0, 0, 0, 20, 237
"d:\projects\flutter\49-mobile-app\lib\features\social_media\reels\data\models\reel_model.dart", "Dart", 0, 24, 0, 0, 0, 0, 0, 0, 0, 0, 0, 0, 3, 27
"d:\projects\flutter\49-mobile-app\lib\features\social_media\reels\data\models\save_reel_model.dart", "Dart", 0, 19, 0, 0, 0, 0, 0, 0, 0, 0, 0, 0, 4, 23
"d:\projects\flutter\49-mobile-app\lib\features\social_media\reels\data\models\share_reel_model.dart", "Dart", 0, 45, 0, 0, 0, 0, 0, 0, 0, 0, 0, 0, 9, 54
"d:\projects\flutter\49-mobile-app\lib\features\social_media\reels\data\repositories\reels_repository_impl.dart", "Dart", 0, 72, 0, 0, 0, 0, 0, 0, 0, 0, 0, 423, 16, 511
"d:\projects\flutter\49-mobile-app\lib\features\social_media\reels\domain\entities\reel_entity.dart", "Dart", 0, 32, 0, 0, 0, 0, 0, 0, 0, 0, 0, 0, 4, 36
"d:\projects\flutter\49-mobile-app\lib\features\social_media\reels\domain\repositories\reels_repository.dart", "Dart", 0, 32, 0, 0, 0, 0, 0, 0, 0, 0, 0, 1, 3, 36
"d:\projects\flutter\49-mobile-app\lib\features\social_media\reels\domain\use_case\add_reel_comment_use_case.dart", "Dart", 0, 21, 0, 0, 0, 0, 0, 0, 0, 0, 0, 0, 7, 28
"d:\projects\flutter\49-mobile-app\lib\features\social_media\reels\domain\use_case\add_reel_reply_use_case.dart", "Dart", 0, 30, 0, 0, 0, 0, 0, 0, 0, 0, 0, 0, 7, 37
"d:\projects\flutter\49-mobile-app\lib\features\social_media\reels\domain\use_case\create_advertisement_use_case.dart", "Dart", 0, 25, 0, 0, 0, 0, 0, 0, 0, 0, 0, 0, 8, 33
"d:\projects\flutter\49-mobile-app\lib\features\social_media\reels\domain\use_case\create_reel_use_case.dart", "Dart", 0, 20, 0, 0, 0, 0, 0, 0, 0, 0, 0, 0, 8, 28
"d:\projects\flutter\49-mobile-app\lib\features\social_media\reels\domain\use_case\get_comments_use_case.dart", "Dart", 0, 13, 0, 0, 0, 0, 0, 0, 0, 0, 0, 0, 5, 18
"d:\projects\flutter\49-mobile-app\lib\features\social_media\reels\domain\use_case\get_explore_reels_use_case.dart", "Dart", 0, 13, 0, 0, 0, 0, 0, 0, 0, 0, 0, 0, 5, 18
"d:\projects\flutter\49-mobile-app\lib\features\social_media\reels\domain\use_case\get_followers_reels_use_case.dart", "Dart", 0, 13, 0, 0, 0, 0, 0, 0, 0, 0, 0, 0, 5, 18
"d:\projects\flutter\49-mobile-app\lib\features\social_media\reels\domain\use_case\like_reel_use_case.dart", "Dart", 0, 13, 0, 0, 0, 0, 0, 0, 0, 0, 0, 0, 5, 18
"d:\projects\flutter\49-mobile-app\lib\features\social_media\reels\domain\use_case\reels_with_same_audia_use_case.dart", "Dart", 0, 21, 0, 0, 0, 0, 0, 0, 0, 0, 0, 0, 7, 28
"d:\projects\flutter\49-mobile-app\lib\features\social_media\reels\domain\use_case\save_reel_use_case.dart", "Dart", 0, 13, 0, 0, 0, 0, 0, 0, 0, 0, 0, 0, 5, 18
"d:\projects\flutter\49-mobile-app\lib\features\social_media\reels\domain\use_case\share_reel_use_case.dart", "Dart", 0, 13, 0, 0, 0, 0, 0, 0, 0, 0, 0, 0, 5, 18
"d:\projects\flutter\49-mobile-app\lib\features\social_media\reels\domain\use_case\toggle_comment_like_use_case.dart", "Dart", 0, 12, 0, 0, 0, 0, 0, 0, 0, 0, 0, 0, 5, 17
"d:\projects\flutter\49-mobile-app\lib\features\social_media\reels\presentation\controllers\explore_reels_cubit\explore_reels_cubit.dart", "Dart", 0, 305, 0, 0, 0, 0, 0, 0, 0, 0, 0, 262, 38, 605
"d:\projects\flutter\49-mobile-app\lib\features\social_media\reels\presentation\controllers\explore_reels_cubit\explore_reels_state.dart", "Dart", 0, 149, 0, 0, 0, 0, 0, 0, 0, 0, 0, 6, 16, 171
"d:\projects\flutter\49-mobile-app\lib\features\social_media\reels\presentation\pages\audio_reel_view.dart", "Dart", 0, 64, 0, 0, 0, 0, 0, 0, 0, 0, 0, 5, 9, 78
"d:\projects\flutter\49-mobile-app\lib\features\social_media\reels\presentation\pages\audio_screen.dart", "Dart", 0, 445, 0, 0, 0, 0, 0, 0, 0, 0, 0, 1, 21, 467
"d:\projects\flutter\49-mobile-app\lib\features\social_media\reels\presentation\pages\main_reel_view.dart", "Dart", 0, 1292, 0, 0, 0, 0, 0, 0, 0, 0, 0, 63, 112, 1467
"d:\projects\flutter\49-mobile-app\lib\features\social_media\reels\presentation\pages\music_reels.dart", "Dart", 0, 72, 0, 0, 0, 0, 0, 0, 0, 0, 0, 0, 6, 78
"d:\projects\flutter\49-mobile-app\lib\features\social_media\reels\presentation\pages\profile_buttom_sheet.dart", "Dart", 0, 371, 0, 0, 0, 0, 0, 0, 0, 0, 0, 706, 42, 1119
"d:\projects\flutter\49-mobile-app\lib\features\social_media\reels\presentation\pages\recording\mix_voices.dart", "Dart", 0, 572, 0, 0, 0, 0, 0, 0, 0, 0, 0, 917, 50, 1539
"d:\projects\flutter\49-mobile-app\lib\features\social_media\reels\presentation\pages\recording\my_voice.dart", "Dart", 0, 550, 0, 0, 0, 0, 0, 0, 0, 0, 0, 1278, 46, 1874
"d:\projects\flutter\49-mobile-app\lib\features\social_media\reels\presentation\pages\recording\other_voice.dart", "Dart", 0, 576, 0, 0, 0, 0, 0, 0, 0, 0, 0, 580, 44, 1200
"d:\projects\flutter\49-mobile-app\lib\features\social_media\reels\presentation\pages\recording\recording_shared.dart", "Dart", 0, 172, 0, 0, 0, 0, 0, 0, 0, 0, 0, 176, 24, 372
"d:\projects\flutter\49-mobile-app\lib\features\social_media\reels\presentation\pages\reel_items.dart", "Dart", 0, 1035, 0, 0, 0, 0, 0, 0, 0, 0, 0, 135, 101, 1271
"d:\projects\flutter\49-mobile-app\lib\features\social_media\reels\presentation\shared\filter_utiles.dart", "Dart", 0, 461, 0, 0, 0, 0, 0, 0, 0, 0, 0, 0, 6, 467
"d:\projects\flutter\49-mobile-app\lib\features\social_media\reels\presentation\widgets\add_comment.dart", "Dart", 0, 0, 0, 0, 0, 0, 0, 0, 0, 0, 0, 19, 5, 24
"d:\projects\flutter\49-mobile-app\lib\features\social_media\reels\presentation\widgets\comments.dart", "Dart", 0, 591, 0, 0, 0, 0, 0, 0, 0, 0, 0, 2409, 49, 3049
"d:\projects\flutter\49-mobile-app\lib\features\social_media\reels\presentation\widgets\reel_account_info.dart", "Dart", 0, 49, 0, 0, 0, 0, 0, 0, 0, 0, 0, 0, 5, 54
"d:\projects\flutter\49-mobile-app\lib\features\social_media\reels\presentation\widgets\reel_actions.dart", "Dart", 0, 76, 0, 0, 0, 0, 0, 0, 0, 0, 0, 0, 4, 80
"d:\projects\flutter\49-mobile-app\lib\features\social_media\reels\presentation\widgets\reel_card.dart", "Dart", 0, 236, 0, 0, 0, 0, 0, 0, 0, 0, 0, 6, 21, 263
"d:\projects\flutter\49-mobile-app\lib\features\social_media\snap\presentation\pages\snap_view.dart", "Dart", 0, 1427, 0, 0, 0, 0, 0, 0, 0, 0, 0, 1582, 155, 3164
"d:\projects\flutter\49-mobile-app\lib\features\social_media\snap\utils\filters.dart", "Dart", 0, 367, 0, 0, 0, 0, 0, 0, 0, 0, 0, 0, 2, 369
"d:\projects\flutter\49-mobile-app\lib\features\social_media\social_posts\data\datasources\social_posts_remote_datasource.dart", "Dart", 0, 332, 0, 0, 0, 0, 0, 0, 0, 0, 0, 0, 42, 374
"d:\projects\flutter\49-mobile-app\lib\features\social_media\social_posts\data\models\comment_model.dart", "Dart", 0, 50, 0, 0, 0, 0, 0, 0, 0, 0, 0, 0, 3, 53
"d:\projects\flutter\49-mobile-app\lib\features\social_media\social_posts\data\models\location_model.dart", "Dart", 0, 15, 0, 0, 0, 0, 0, 0, 0, 0, 0, 0, 2, 17
"d:\projects\flutter\49-mobile-app\lib\features\social_media\social_posts\data\models\main_post_model.dart", "Dart", 0, 38, 0, 0, 0, 0, 0, 0, 0, 0, 0, 0, 2, 40
"d:\projects\flutter\49-mobile-app\lib\features\social_media\social_posts\data\models\post_model.dart", "Dart", 0, 137, 0, 0, 0, 0, 0, 0, 0, 0, 0, 1, 2, 140
"d:\projects\flutter\49-mobile-app\lib\features\social_media\social_posts\data\models\suggest_user_model.dart", "Dart", 0, 25, 0, 0, 0, 0, 0, 0, 0, 0, 0, 0, 2, 27
"d:\projects\flutter\49-mobile-app\lib\features\social_media\social_posts\data\models\user_profile_followers_model.dart", "Dart", 0, 12, 0, 0, 0, 0, 0, 0, 0, 0, 0, 0, 2, 14
"d:\projects\flutter\49-mobile-app\lib\features\social_media\social_posts\data\models\user_profile_model.dart", "Dart", 0, 68, 0, 0, 0, 0, 0, 0, 0, 0, 0, 0, 3, 71
"d:\projects\flutter\49-mobile-app\lib\features\social_media\social_posts\data\repositories\social_posts_repo_impl.dart", "Dart", 0, 159, 0, 0, 0, 0, 0, 0, 0, 0, 0, 0, 33, 192
"d:\projects\flutter\49-mobile-app\lib\features\social_media\social_posts\domain\entities\comment_entity.dart", "Dart", 0, 48, 0, 0, 0, 0, 0, 0, 0, 0, 0, 0, 3, 51
"d:\projects\flutter\49-mobile-app\lib\features\social_media\social_posts\domain\entities\location_entity.dart", "Dart", 0, 6, 0, 0, 0, 0, 0, 0, 0, 0, 0, 0, 2, 8
"d:\projects\flutter\49-mobile-app\lib\features\social_media\social_posts\domain\entities\main_post_entity.dart", "Dart", 0, 32, 0, 0, 0, 0, 0, 0, 0, 0, 0, 0, 5, 37
"d:\projects\flutter\49-mobile-app\lib\features\social_media\social_posts\domain\entities\post_entity.dart", "Dart", 0, 155, 0, 0, 0, 0, 0, 0, 0, 0, 0, 3, 11, 169
"d:\projects\flutter\49-mobile-app\lib\features\social_media\social_posts\domain\entities\react_entity.dart", "Dart", 0, 5, 0, 0, 0, 0, 0, 0, 0, 0, 0, 0, 2, 7
"d:\projects\flutter\49-mobile-app\lib\features\social_media\social_posts\domain\entities\suggest_user_entity.dart", "Dart", 0, 20, 0, 0, 0, 0, 0, 0, 0, 0, 0, 0, 2, 22
"d:\projects\flutter\49-mobile-app\lib\features\social_media\social_posts\domain\entities\user_profile_entity.dart", "Dart", 0, 59, 0, 0, 0, 0, 0, 0, 0, 0, 0, 0, 4, 63
"d:\projects\flutter\49-mobile-app\lib\features\social_media\social_posts\domain\entities\user_profile_followers_entity.dart", "Dart", 0, 7, 0, 0, 0, 0, 0, 0, 0, 0, 0, 0, 2, 9
"d:\projects\flutter\49-mobile-app\lib\features\social_media\social_posts\domain\repositories\social_posts_repo.dart", "Dart", 0, 65, 0, 0, 0, 0, 0, 0, 0, 0, 0, 0, 3, 68
"d:\projects\flutter\49-mobile-app\lib\features\social_media\social_posts\domain\usecases\accept_reject_friend_request_use_case.dart", "Dart", 0, 22, 0, 0, 0, 0, 0, 0, 0, 0, 0, 0, 4, 26
"d:\projects\flutter\49-mobile-app\lib\features\social_media\social_posts\domain\usecases\add_reply_usecase.dart", "Dart", 0, 29, 0, 0, 0, 0, 0, 0, 0, 0, 0, 1, 3, 33
"d:\projects\flutter\49-mobile-app\lib\features\social_media\social_posts\domain\usecases\block_user_usecase.dart", "Dart", 0, 12, 0, 0, 0, 0, 0, 0, 0, 0, 0, 0, 2, 14
"d:\projects\flutter\49-mobile-app\lib\features\social_media\social_posts\domain\usecases\comment_react_usecase.dart", "Dart", 0, 13, 0, 0, 0, 0, 0, 0, 0, 0, 0, 0, 2, 15
"d:\projects\flutter\49-mobile-app\lib\features\social_media\social_posts\domain\usecases\delete_comment_usecase.dart", "Dart", 0, 12, 0, 0, 0, 0, 0, 0, 0, 0, 0, 0, 2, 14
"d:\projects\flutter\49-mobile-app\lib\features\social_media\social_posts\domain\usecases\delete_friend_use_case.dart", "Dart", 0, 12, 0, 0, 0, 0, 0, 0, 0, 0, 0, 0, 2, 14
"d:\projects\flutter\49-mobile-app\lib\features\social_media\social_posts\domain\usecases\delete_post_usecase.dart", "Dart", 0, 12, 0, 0, 0, 0, 0, 0, 0, 0, 0, 0, 2, 14
"d:\projects\flutter\49-mobile-app\lib\features\social_media\social_posts\domain\usecases\edit_comment_usecase.dart", "Dart", 0, 13, 0, 0, 0, 0, 0, 0, 0, 0, 0, 0, 2, 15
"d:\projects\flutter\49-mobile-app\lib\features\social_media\social_posts\domain\usecases\face_advertisement_use_case.dart", "Dart", 0, 16, 0, 0, 0, 0, 0, 0, 0, 0, 0, 0, 2, 18
"d:\projects\flutter\49-mobile-app\lib\features\social_media\social_posts\domain\usecases\face_tweet_use_case.dart", "Dart", 0, 15, 0, 0, 0, 0, 0, 0, 0, 0, 0, 0, 2, 17
"d:\projects\flutter\49-mobile-app\lib\features\social_media\social_posts\domain\usecases\follow_user_usecase.dart", "Dart", 0, 12, 0, 0, 0, 0, 0, 0, 0, 0, 0, 0, 2, 14
"d:\projects\flutter\49-mobile-app\lib\features\social_media\social_posts\domain\usecases\friend_request_usecase.dart", "Dart", 0, 12, 0, 0, 0, 0, 0, 0, 0, 0, 0, 0, 2, 14
"d:\projects\flutter\49-mobile-app\lib\features\social_media\social_posts\domain\usecases\get_feed_usecase.dart", "Dart", 0, 15, 0, 0, 0, 0, 0, 0, 0, 0, 0, 0, 2, 17
"d:\projects\flutter\49-mobile-app\lib\features\social_media\social_posts\domain\usecases\get_global_feed_usecase.dart", "Dart", 0, 16, 0, 0, 0, 0, 0, 0, 0, 0, 0, 0, 2, 18
"d:\projects\flutter\49-mobile-app\lib\features\social_media\social_posts\domain\usecases\get_post_comment_replies_usecase.dart", "Dart", 0, 16, 0, 0, 0, 0, 0, 0, 0, 0, 0, 0, 2, 18
"d:\projects\flutter\49-mobile-app\lib\features\social_media\social_posts\domain\usecases\get_post_comments_usecase.dart", "Dart", 0, 40, 0, 0, 0, 0, 0, 0, 0, 0, 0, 0, 3, 43
"d:\projects\flutter\49-mobile-app\lib\features\social_media\social_posts\domain\usecases\get_post_usecase.dart", "Dart", 0, 13, 0, 0, 0, 0, 0, 0, 0, 0, 0, 0, 2, 15
"d:\projects\flutter\49-mobile-app\lib\features\social_media\social_posts\domain\usecases\get_user_posts_usecase.dart", "Dart", 0, 27, 0, 0, 0, 0, 0, 0, 0, 0, 0, 0, 3, 30
"d:\projects\flutter\49-mobile-app\lib\features\social_media\social_posts\domain\usecases\hide_post_usecase.dart", "Dart", 0, 12, 0, 0, 0, 0, 0, 0, 0, 0, 0, 0, 2, 14
"d:\projects\flutter\49-mobile-app\lib\features\social_media\social_posts\domain\usecases\post_comment_usecase.dart", "Dart", 0, 24, 0, 0, 0, 0, 0, 0, 0, 0, 0, 1, 3, 28
"d:\projects\flutter\49-mobile-app\lib\features\social_media\social_posts\domain\usecases\post_react_usecase.dart", "Dart", 0, 23, 0, 0, 0, 0, 0, 0, 0, 0, 0, 1, 3, 27
"d:\projects\flutter\49-mobile-app\lib\features\social_media\social_posts\domain\usecases\remove_friend_request_usecase.dart", "Dart", 0, 12, 0, 0, 0, 0, 0, 0, 0, 0, 0, 0, 2, 14
"d:\projects\flutter\49-mobile-app\lib\features\social_media\social_posts\domain\usecases\remove_suggest_user_usecase.dart", "Dart", 0, 12, 0, 0, 0, 0, 0, 0, 0, 0, 0, 0, 2, 14
"d:\projects\flutter\49-mobile-app\lib\features\social_media\social_posts\domain\usecases\search_users_usecase.dart", "Dart", 0, 16, 0, 0, 0, 0, 0, 0, 0, 0, 0, 0, 2, 18
"d:\projects\flutter\49-mobile-app\lib\features\social_media\social_posts\domain\usecases\send_greet_message_usecase.dart", "Dart", 0, 21, 0, 0, 0, 0, 0, 0, 0, 0, 0, 0, 5, 26
"d:\projects\flutter\49-mobile-app\lib\features\social_media\social_posts\domain\usecases\share_post_usecase.dart", "Dart", 0, 18, 0, 0, 0, 0, 0, 0, 0, 0, 0, 3, 5, 26
"d:\projects\flutter\49-mobile-app\lib\features\social_media\social_posts\domain\usecases\suggest_friends_usecase.dart", "Dart", 0, 27, 0, 0, 0, 0, 0, 0, 0, 0, 0, 0, 3, 30
"d:\projects\flutter\49-mobile-app\lib\features\social_media\social_posts\domain\usecases\un_follow_user_usecase.dart", "Dart", 0, 12, 0, 0, 0, 0, 0, 0, 0, 0, 0, 0, 2, 14
"d:\projects\flutter\49-mobile-app\lib\features\social_media\social_posts\domain\usecases\user_profile_usecase.dart", "Dart", 0, 13, 0, 0, 0, 0, 0, 0, 0, 0, 0, 0, 2, 15
"d:\projects\flutter\49-mobile-app\lib\features\social_media\social_posts\domain\usecases\view_profile_usecase.dart", "Dart", 0, 12, 0, 0, 0, 0, 0, 0, 0, 0, 0, 0, 2, 14
"d:\projects\flutter\49-mobile-app\lib\features\social_media\social_posts\presentation\cubit\social_posts_cubit.dart", "Dart", 0, 868, 0, 0, 0, 0, 0, 0, 0, 0, 0, 24, 72, 964
"d:\projects\flutter\49-mobile-app\lib\features\social_media\social_posts\presentation\cubit\social_posts_state.dart", "Dart", 0, 74, 0, 0, 0, 0, 0, 0, 0, 0, 0, 0, 2, 76
"d:\projects\flutter\49-mobile-app\lib\features\social_media\social_posts\presentation\pages\Social_home.dart", "Dart", 0, 205, 0, 0, 0, 0, 0, 0, 0, 0, 0, 4, 9, 218
"d:\projects\flutter\49-mobile-app\lib\features\social_media\social_posts\presentation\pages\api_error_page.dart", "Dart", 0, 39, 0, 0, 0, 0, 0, 0, 0, 0, 0, 0, 2, 41
"d:\projects\flutter\49-mobile-app\lib\features\social_media\social_posts\presentation\pages\instagram_profile.dart", "Dart", 0, 829, 0, 0, 0, 0, 0, 0, 0, 0, 0, 5, 10, 844
"d:\projects\flutter\49-mobile-app\lib\features\social_media\social_posts\presentation\pages\media_view.dart", "Dart", 0, 96, 0, 0, 0, 0, 0, 0, 0, 0, 0, 1, 4, 101
"d:\projects\flutter\49-mobile-app\lib\features\social_media\social_posts\presentation\pages\message_button.dart", "Dart", 0, 152, 0, 0, 0, 0, 0, 0, 0, 0, 0, 1, 8, 161
"d:\projects\flutter\49-mobile-app\lib\features\social_media\social_posts\presentation\pages\my_account_view.dart", "Dart", 0, 160, 0, 0, 0, 0, 0, 0, 0, 0, 0, 1, 5, 166
"d:\projects\flutter\49-mobile-app\lib\features\social_media\social_posts\presentation\pages\other_account_view.dart", "Dart", 0, 1023, 0, 0, 0, 0, 0, 0, 0, 0, 0, 21, 9, 1053
"d:\projects\flutter\49-mobile-app\lib\features\social_media\social_posts\presentation\pages\post_details_page.dart", "Dart", 0, 305, 0, 0, 0, 0, 0, 0, 0, 0, 0, 3, 9, 317
"d:\projects\flutter\49-mobile-app\lib\features\social_media\social_posts\presentation\pages\saved_reels_view.dart", "Dart", 0, 87, 0, 0, 0, 0, 0, 0, 0, 0, 0, 0, 3, 90
"d:\projects\flutter\49-mobile-app\lib\features\social_media\social_posts\presentation\pages\search_app_users.dart", "Dart", 0, 128, 0, 0, 0, 0, 0, 0, 0, 0, 0, 0, 6, 134
"d:\projects\flutter\49-mobile-app\lib\features\social_media\social_posts\presentation\pages\show_post_images.dart", "Dart", 0, 63, 0, 0, 0, 0, 0, 0, 0, 0, 0, 3, 5, 71
"d:\projects\flutter\49-mobile-app\lib\features\social_media\social_posts\presentation\widgets\account\instagram_suggest_people.dart", "Dart", 0, 349, 0, 0, 0, 0, 0, 0, 0, 0, 0, 2, 5, 356
"d:\projects\flutter\49-mobile-app\lib\features\social_media\social_posts\presentation\widgets\account\user_post_card.dart", "Dart", 0, 768, 0, 0, 0, 0, 0, 0, 0, 0, 0, 9, 18, 795
"d:\projects\flutter\49-mobile-app\lib\features\social_media\social_posts\presentation\widgets\account\user_posts.dart", "Dart", 0, 207, 0, 0, 0, 0, 0, 0, 0, 0, 0, 1, 3, 211
"d:\projects\flutter\49-mobile-app\lib\features\social_media\social_posts\presentation\widgets\account\user_reels.dart", "Dart", 0, 91, 0, 0, 0, 0, 0, 0, 0, 0, 0, 4, 3, 98
"d:\projects\flutter\49-mobile-app\lib\features\social_media\social_posts\presentation\widgets\account\user_tweets.dart", "Dart", 0, 259, 0, 0, 0, 0, 0, 0, 0, 0, 0, 9, 4, 272
"d:\projects\flutter\49-mobile-app\lib\features\social_media\social_posts\presentation\widgets\facebook_widgets\build_facebook_body.dart", "Dart", 0, 277, 0, 0, 0, 0, 0, 0, 0, 0, 0, 4, 6, 287
"d:\projects\flutter\49-mobile-app\lib\features\social_media\social_posts\presentation\widgets\facebook_widgets\build_global_facebook_body.dart", "Dart", 0, 320, 0, 0, 0, 0, 0, 0, 0, 0, 0, 3, 5, 328
"d:\projects\flutter\49-mobile-app\lib\features\social_media\social_posts\presentation\widgets\facebook_widgets\build_people_you_may_know.dart", "Dart", 0, 440, 0, 0, 0, 0, 0, 0, 0, 0, 0, 4, 6, 450
"d:\projects\flutter\49-mobile-app\lib\features\social_media\social_posts\presentation\widgets\facebook_widgets\build_reactions_buttons.dart", "Dart", 0, 493, 0, 0, 0, 0, 0, 0, 0, 0, 0, 1, 18, 512
"d:\projects\flutter\49-mobile-app\lib\features\social_media\social_posts\presentation\widgets\facebook_widgets\facebook_google_maps.dart", "Dart", 0, 57, 0, 0, 0, 0, 0, 0, 0, 0, 0, 1, 6, 64
"d:\projects\flutter\49-mobile-app\lib\features\social_media\social_posts\presentation\widgets\facebook_widgets\image_from_internet.dart", "Dart", 0, 83, 0, 0, 0, 0, 0, 0, 0, 0, 0, 0, 4, 87
"d:\projects\flutter\49-mobile-app\lib\features\social_media\social_posts\presentation\widgets\facebook_widgets\user_image.dart", "Dart", 0, 46, 0, 0, 0, 0, 0, 0, 0, 0, 0, 0, 4, 50
"d:\projects\flutter\49-mobile-app\lib\features\social_media\social_posts\presentation\widgets\posts\build_with_users.dart", "Dart", 0, 49, 0, 0, 0, 0, 0, 0, 0, 0, 0, 0, 2, 51
"d:\projects\flutter\49-mobile-app\lib\features\social_media\social_posts\presentation\widgets\posts\comment_card.dart", "Dart", 0, 252, 0, 0, 0, 0, 0, 0, 0, 0, 0, 14, 10, 276
"d:\projects\flutter\49-mobile-app\lib\features\social_media\social_posts\presentation\widgets\posts\comment_replies.dart", "Dart", 0, 215, 0, 0, 0, 0, 0, 0, 0, 0, 0, 3, 6, 224
"d:\projects\flutter\49-mobile-app\lib\features\social_media\social_posts\presentation\widgets\posts\create_post_banner.dart", "Dart", 0, 91, 0, 0, 0, 0, 0, 0, 0, 0, 0, 0, 4, 95
"d:\projects\flutter\49-mobile-app\lib\features\social_media\social_posts\presentation\widgets\posts\facebook_advirtesement_card.dart", "Dart", 0, 122, 0, 0, 0, 0, 0, 0, 0, 0, 0, 19, 3, 144
"d:\projects\flutter\49-mobile-app\lib\features\social_media\social_posts\presentation\widgets\posts\facebook_global_post_card.dart", "Dart", 0, 774, 0, 0, 0, 0, 0, 0, 0, 0, 0, 11, 15, 800
"d:\projects\flutter\49-mobile-app\lib\features\social_media\social_posts\presentation\widgets\posts\facebook_post_card.dart", "Dart", 0, 999, 0, 0, 0, 0, 0, 0, 0, 0, 0, 9, 16, 1024
"d:\projects\flutter\49-mobile-app\lib\features\social_media\social_posts\presentation\widgets\posts\facebook_post_comments.dart", "Dart", 0, 218, 0, 0, 0, 0, 0, 0, 0, 0, 0, 3, 7, 228
"d:\projects\flutter\49-mobile-app\lib\features\social_media\social_posts\presentation\widgets\posts\facebook_tweet_card.dart", "Dart", 0, 337, 0, 0, 0, 0, 0, 0, 0, 0, 0, 9, 5, 351
"d:\projects\flutter\49-mobile-app\lib\features\social_media\social_posts\presentation\widgets\posts\reply_card.dart", "Dart", 0, 214, 0, 0, 0, 0, 0, 0, 0, 0, 0, 0, 8, 222
"d:\projects\flutter\49-mobile-app\lib\features\social_media\spot_light\presentation\pages\spotlight_view.dart", "Dart", 0, 468, 0, 0, 0, 0, 0, 0, 0, 0, 0, 84, 36, 588
"d:\projects\flutter\49-mobile-app\lib\features\social_media\stories\data\data_sources\stories_data_source.dart", "Dart", 0, 134, 0, 0, 0, 0, 0, 0, 0, 0, 0, 0, 13, 147
"d:\projects\flutter\49-mobile-app\lib\features\social_media\stories\data\models\followers_model.dart", "Dart", 0, 187, 0, 0, 0, 0, 0, 0, 0, 0, 0, 0, 29, 216
"d:\projects\flutter\49-mobile-app\lib\features\social_media\stories\data\models\friends_stories_model.dart", "Dart", 0, 169, 0, 0, 0, 0, 0, 0, 0, 0, 0, 0, 24, 193
"d:\projects\flutter\49-mobile-app\lib\features\social_media\stories\data\models\muted_stories_model.dart", "Dart", 0, 51, 0, 0, 0, 0, 0, 0, 0, 0, 0, 0, 10, 61
"d:\projects\flutter\49-mobile-app\lib\features\social_media\stories\data\models\viewers_model.dart", "Dart", 0, 92, 0, 0, 0, 0, 0, 0, 0, 0, 0, 18, 15, 125
"d:\projects\flutter\49-mobile-app\lib\features\social_media\stories\data\repositories\StoriesRpo.dart", "Dart", 0, 143, 0, 0, 0, 0, 0, 0, 0, 0, 0, 14, 29, 186
"d:\projects\flutter\49-mobile-app\lib\features\social_media\stories\data\repositories\stories_repository_impl.dart", "Dart", 0, 52, 0, 0, 0, 0, 0, 0, 0, 0, 0, 0, 12, 64
"d:\projects\flutter\49-mobile-app\lib\features\social_media\stories\domain\repositories\stories_repository.dart", "Dart", 0, 21, 0, 0, 0, 0, 0, 0, 0, 0, 0, 0, 3, 24
"d:\projects\flutter\49-mobile-app\lib\features\social_media\stories\domain\use_case\create_story_use_case.dart", "Dart", 0, 12, 0, 0, 0, 0, 0, 0, 0, 0, 0, 0, 5, 17
"d:\projects\flutter\49-mobile-app\lib\features\social_media\stories\domain\use_case\delete_story_use_case.dart", "Dart", 0, 12, 0, 0, 0, 0, 0, 0, 0, 0, 0, 0, 5, 17
"d:\projects\flutter\49-mobile-app\lib\features\social_media\stories\domain\use_case\fetch_stories_use_case.dart", "Dart", 0, 14, 0, 0, 0, 0, 0, 0, 0, 0, 0, 0, 5, 19
"d:\projects\flutter\49-mobile-app\lib\features\social_media\stories\domain\use_case\get_followers_use_case.dart", "Dart", 0, 13, 0, 0, 0, 0, 0, 0, 0, 0, 0, 0, 5, 18
"d:\projects\flutter\49-mobile-app\lib\features\social_media\stories\domain\use_case\get_muted_stories_use_case.dart", "Dart", 0, 15, 0, 0, 0, 0, 0, 0, 0, 0, 0, 0, 5, 20
"d:\projects\flutter\49-mobile-app\lib\features\social_media\stories\domain\use_case\get_story_viewrs_use_case.dart", "Dart", 0, 13, 0, 0, 0, 0, 0, 0, 0, 0, 0, 0, 5, 18
"d:\projects\flutter\49-mobile-app\lib\features\social_media\stories\domain\use_case\make_view_use_case.dart", "Dart", 0, 12, 0, 0, 0, 0, 0, 0, 0, 0, 0, 0, 5, 17
"d:\projects\flutter\49-mobile-app\lib\features\social_media\stories\domain\use_case\mute_stories_use_case.dart", "Dart", 0, 12, 0, 0, 0, 0, 0, 0, 0, 0, 0, 0, 5, 17
"d:\projects\flutter\49-mobile-app\lib\features\social_media\stories\domain\use_case\update_privacy_use_case.dart", "Dart", 0, 22, 0, 0, 0, 0, 0, 0, 0, 0, 0, 1, 8, 31
"d:\projects\flutter\49-mobile-app\lib\features\social_media\stories\presentation\cubit\stories_cubit.dart", "Dart", 0, 474, 0, 0, 0, 0, 0, 0, 0, 0, 0, 46, 55, 575
"d:\projects\flutter\49-mobile-app\lib\features\social_media\stories\presentation\cubit\stories_state.dart", "Dart", 0, 62, 0, 0, 0, 0, 0, 0, 0, 0, 0, 1, 10, 73
"d:\projects\flutter\49-mobile-app\lib\features\social_media\stories\presentation\pages\create_story_screen.dart", "Dart", 0, 482, 0, 0, 0, 0, 0, 0, 0, 0, 0, 5, 41, 528
"d:\projects\flutter\49-mobile-app\lib\features\social_media\stories\presentation\pages\facebook_stories.dart", "Dart", 0, 340, 0, 0, 0, 0, 0, 0, 0, 0, 0, 3, 11, 354
"d:\projects\flutter\49-mobile-app\lib\features\social_media\stories\presentation\pages\more_stories.dart", "Dart", 0, 723, 0, 0, 0, 0, 0, 0, 0, 0, 0, 9, 41, 773
"d:\projects\flutter\49-mobile-app\lib\features\social_media\stories\presentation\pages\muted_stories.dart", "Dart", 0, 175, 0, 0, 0, 0, 0, 0, 0, 0, 0, 7, 13, 195
"d:\projects\flutter\49-mobile-app\lib\features\social_media\stories\presentation\pages\new_story_view.dart", "Dart", 0, 0, 0, 0, 0, 0, 0, 0, 0, 0, 0, 858, 1, 859
"d:\projects\flutter\49-mobile-app\lib\features\social_media\stories\presentation\pages\privacy_screen.dart", "Dart", 0, 211, 0, 0, 0, 0, 0, 0, 0, 0, 0, 5, 19, 235
"d:\projects\flutter\49-mobile-app\lib\features\social_media\tinder\data\models\add_category_model.dart", "Dart", 0, 57, 0, 0, 0, 0, 0, 0, 0, 0, 0, 0, 12, 69
"d:\projects\flutter\49-mobile-app\lib\features\social_media\tinder\data\models\anonymous_chat_model.dart", "Dart", 0, 148, 0, 0, 0, 0, 0, 0, 0, 0, 0, 0, 16, 164
"d:\projects\flutter\49-mobile-app\lib\features\social_media\tinder\data\models\fav_category_model.dart", "Dart", 0, 295, 0, 0, 0, 0, 0, 0, 0, 0, 0, 0, 26, 321
"d:\projects\flutter\49-mobile-app\lib\features\social_media\tinder\data\models\get_fav_category_model.dart", "Dart", 0, 97, 0, 0, 0, 0, 0, 0, 0, 0, 0, 0, 12, 109
"d:\projects\flutter\49-mobile-app\lib\features\social_media\tinder\data\models\get_fav_sub_category_model.dart", "Dart", 0, 82, 0, 0, 0, 0, 0, 0, 0, 0, 0, 93, 13, 188
"d:\projects\flutter\49-mobile-app\lib\features\social_media\tinder\data\models\gift_model.dart", "Dart", 0, 92, 0, 0, 0, 0, 0, 0, 0, 0, 0, 89, 13, 194
"d:\projects\flutter\49-mobile-app\lib\features\social_media\tinder\data\models\last_seen_model.dart", "Dart", 0, 55, 0, 0, 0, 0, 0, 0, 0, 0, 0, 0, 8, 63
"d:\projects\flutter\49-mobile-app\lib\features\social_media\tinder\data\models\main_category_model.dart", "Dart", 0, 67, 0, 0, 0, 0, 0, 0, 0, 0, 0, 11, 13, 91
"d:\projects\flutter\49-mobile-app\lib\features\social_media\tinder\data\models\near_by_model.dart", "Dart", 0, 33, 0, 0, 0, 0, 0, 0, 0, 0, 0, 0, 8, 41
"d:\projects\flutter\49-mobile-app\lib\features\social_media\tinder\data\models\normal_chat_model.dart", "Dart", 0, 152, 0, 0, 0, 0, 0, 0, 0, 0, 0, 0, 16, 168
"d:\projects\flutter\49-mobile-app\lib\features\social_media\tinder\data\models\profile_user_model.dart", "Dart", 0, 146, 0, 0, 0, 0, 0, 0, 0, 0, 0, 169, 21, 336
"d:\projects\flutter\49-mobile-app\lib\features\social_media\tinder\data\models\send_gift_model.dart", "Dart", 0, 67, 0, 0, 0, 0, 0, 0, 0, 0, 0, 0, 11, 78
"d:\projects\flutter\49-mobile-app\lib\features\social_media\tinder\data\models\tinder_person_model.dart", "Dart", 0, 126, 0, 0, 0, 0, 0, 0, 0, 0, 0, 0, 16, 142
"d:\projects\flutter\49-mobile-app\lib\features\social_media\tinder\data\models\tinder_subcategory_model.dart", "Dart", 0, 217, 0, 0, 0, 0, 0, 0, 0, 0, 0, 0, 10, 227
"d:\projects\flutter\49-mobile-app\lib\features\social_media\tinder\data\repo\tinder_repo.dart", "Dart", 0, 245, 0, 0, 0, 0, 0, 0, 0, 0, 0, 255, 25, 525
"d:\projects\flutter\49-mobile-app\lib\features\social_media\tinder\data\shared\shared.dart", "Dart", 0, 551, 0, 0, 0, 0, 0, 0, 0, 0, 0, 4, 35, 590
"d:\projects\flutter\49-mobile-app\lib\features\social_media\tinder\data\shared\tinder_shared_utils.dart", "Dart", 0, 159, 0, 0, 0, 0, 0, 0, 0, 0, 0, 0, 16, 175
"d:\projects\flutter\49-mobile-app\lib\features\social_media\tinder\presentation\cubit\gift_cubit.dart", "Dart", 0, 101, 0, 0, 0, 0, 0, 0, 0, 0, 0, 91, 19, 211
"d:\projects\flutter\49-mobile-app\lib\features\social_media\tinder\presentation\cubit\tinder_cubit.dart", "Dart", 0, 266, 0, 0, 0, 0, 0, 0, 0, 0, 0, 36, 37, 339
"d:\projects\flutter\49-mobile-app\lib\features\social_media\tinder\presentation\cubit\tinder_state.dart", "Dart", 0, 203, 0, 0, 0, 0, 0, 0, 0, 0, 0, 1, 29, 233
"d:\projects\flutter\49-mobile-app\lib\features\social_media\tinder\presentation\pages\tinder_sub_category_ads_view.dart", "Dart", 0, 219, 0, 0, 0, 0, 0, 0, 0, 0, 0, 1, 17, 237
"d:\projects\flutter\49-mobile-app\lib\features\social_media\tinder\presentation\pages\tinder_view.dart", "Dart", 0, 228, 0, 0, 0, 0, 0, 0, 0, 0, 0, 253, 18, 499
"d:\projects\flutter\49-mobile-app\lib\features\social_media\tinder\presentation\pages\user_profile.dart", "Dart", 0, 329, 0, 0, 0, 0, 0, 0, 0, 0, 0, 7, 31, 367
"d:\projects\flutter\49-mobile-app\lib\features\social_media\tinder\presentation\widgets\show_user_in_map.dart", "Dart", 0, 213, 0, 0, 0, 0, 0, 0, 0, 0, 0, 0, 8, 221
"d:\projects\flutter\49-mobile-app\lib\features\social_media\tinder\presentation\widgets\tinder_card_stack.dart", "Dart", 0, 789, 0, 0, 0, 0, 0, 0, 0, 0, 0, 807, 63, 1659
"d:\projects\flutter\49-mobile-app\lib\features\social_media\tinder\presentation\widgets\tinder_person_card.dart", "Dart", 0, 0, 0, 0, 0, 0, 0, 0, 0, 0, 0, 91, 1, 92
"d:\projects\flutter\49-mobile-app\lib\features\social_media\tinder\presentation\widgets\tinder_person_options_widget.dart", "Dart", 0, 0, 0, 0, 0, 0, 0, 0, 0, 0, 0, 10, 1, 11
"d:\projects\flutter\49-mobile-app\lib\features\social_media\tinder\presentation\widgets\tinder_sub_category_card.dart", "Dart", 0, 204, 0, 0, 0, 0, 0, 0, 0, 0, 0, 276, 11, 491
"d:\projects\flutter\49-mobile-app\lib\features\social_media\twitter\data\datasources\twitter_remote_datasource.dart", "Dart", 0, 208, 0, 0, 0, 0, 0, 0, 0, 0, 0, 1, 25, 234
"d:\projects\flutter\49-mobile-app\lib\features\social_media\twitter\data\models\twitter_comment_model.dart", "Dart", 0, 31, 0, 0, 0, 0, 0, 0, 0, 0, 0, 0, 2, 33
"d:\projects\flutter\49-mobile-app\lib\features\social_media\twitter\data\models\twitter_comment_reply_model.dart", "Dart", 0, 33, 0, 0, 0, 0, 0, 0, 0, 0, 0, 0, 2, 35
"d:\projects\flutter\49-mobile-app\lib\features\social_media\twitter\data\models\twitter_main_post_model.dart", "Dart", 0, 39, 0, 0, 0, 0, 0, 0, 0, 0, 0, 4, 2, 45
"d:\projects\flutter\49-mobile-app\lib\features\social_media\twitter\data\models\twitter_post_comment_model.dart", "Dart", 0, 36, 0, 0, 0, 0, 0, 0, 0, 0, 0, 2, 2, 40
"d:\projects\flutter\49-mobile-app\lib\features\social_media\twitter\data\models\twitter_post_model.dart", "Dart", 0, 54, 0, 0, 0, 0, 0, 0, 0, 0, 0, 3, 3, 60
"d:\projects\flutter\49-mobile-app\lib\features\social_media\twitter\data\models\twitter_user_model.dart", "Dart", 0, 29, 0, 0, 0, 0, 0, 0, 0, 0, 0, 0, 2, 31
"d:\projects\flutter\49-mobile-app\lib\features\social_media\twitter\data\repositories\twitter_repo_impl.dart", "Dart", 0, 101, 0, 0, 0, 0, 0, 0, 0, 0, 0, 0, 19, 120
"d:\projects\flutter\49-mobile-app\lib\features\social_media\twitter\domain\entities\category_report_entity.dart", "Dart", 0, 5, 0, 0, 0, 0, 0, 0, 0, 0, 0, 0, 2, 7
"d:\projects\flutter\49-mobile-app\lib\features\social_media\twitter\domain\entities\twitter_comment_entity.dart", "Dart", 0, 31, 0, 0, 0, 0, 0, 0, 0, 0, 0, 0, 4, 35
"d:\projects\flutter\49-mobile-app\lib\features\social_media\twitter\domain\entities\twitter_comment_reply_entity.dart", "Dart", 0, 32, 0, 0, 0, 0, 0, 0, 0, 0, 0, 0, 3, 35
"d:\projects\flutter\49-mobile-app\lib\features\social_media\twitter\domain\entities\twitter_main_post_entity.dart", "Dart", 0, 80, 0, 0, 0, 0, 0, 0, 0, 0, 0, 0, 9, 89
"d:\projects\flutter\49-mobile-app\lib\features\social_media\twitter\domain\entities\twitter_post_comment_entity.dart", "Dart", 0, 36, 0, 0, 0, 0, 0, 0, 0, 0, 0, 2, 3, 41
"d:\projects\flutter\49-mobile-app\lib\features\social_media\twitter\domain\entities\twitter_post_entity.dart", "Dart", 0, 86, 0, 0, 0, 0, 0, 0, 0, 0, 0, 0, 8, 94
"d:\projects\flutter\49-mobile-app\lib\features\social_media\twitter\domain\entities\twitter_user_entity.dart", "Dart", 0, 22, 0, 0, 0, 0, 0, 0, 0, 0, 0, 0, 3, 25
"d:\projects\flutter\49-mobile-app\lib\features\social_media\twitter\domain\repositories\twitter_repo.dart", "Dart", 0, 46, 0, 0, 0, 0, 0, 0, 0, 0, 0, 0, 3, 49
"d:\projects\flutter\49-mobile-app\lib\features\social_media\twitter\domain\usecases\comment_react_usecase.dart", "Dart", 0, 24, 0, 0, 0, 0, 0, 0, 0, 0, 0, 0, 3, 27
"d:\projects\flutter\49-mobile-app\lib\features\social_media\twitter\domain\usecases\comment_reply_usecase.dart", "Dart", 0, 30, 0, 0, 0, 0, 0, 0, 0, 0, 0, 0, 3, 33
"d:\projects\flutter\49-mobile-app\lib\features\social_media\twitter\domain\usecases\delete_twitter_comment_usecase.dart", "Dart", 0, 12, 0, 0, 0, 0, 0, 0, 0, 0, 0, 0, 2, 14
"d:\projects\flutter\49-mobile-app\lib\features\social_media\twitter\domain\usecases\delete_twitter_post_usecase.dart", "Dart", 0, 12, 0, 0, 0, 0, 0, 0, 0, 0, 0, 0, 2, 14
"d:\projects\flutter\49-mobile-app\lib\features\social_media\twitter\domain\usecases\edit_twitter_comment_usecase.dart", "Dart", 0, 14, 0, 0, 0, 0, 0, 0, 0, 0, 0, 0, 2, 16
"d:\projects\flutter\49-mobile-app\lib\features\social_media\twitter\domain\usecases\get_comment_replies_usecase.dart", "Dart", 0, 16, 0, 0, 0, 0, 0, 0, 0, 0, 0, 0, 2, 18
"d:\projects\flutter\49-mobile-app\lib\features\social_media\twitter\domain\usecases\get_feed_usecase.dart", "Dart", 0, 25, 0, 0, 0, 0, 0, 0, 0, 0, 0, 1, 3, 29
"d:\projects\flutter\49-mobile-app\lib\features\social_media\twitter\domain\usecases\get_global_feed_usecase.dart", "Dart", 0, 16, 0, 0, 0, 0, 0, 0, 0, 0, 0, 0, 2, 18
"d:\projects\flutter\49-mobile-app\lib\features\social_media\twitter\domain\usecases\get_post_comment_reply_usecase.dart", "Dart", 0, 16, 0, 0, 0, 0, 0, 0, 0, 0, 0, 0, 2, 18
"d:\projects\flutter\49-mobile-app\lib\features\social_media\twitter\domain\usecases\get_post_comments_usecase.dart", "Dart", 0, 16, 0, 0, 0, 0, 0, 0, 0, 0, 0, 0, 2, 18
"d:\projects\flutter\49-mobile-app\lib\features\social_media\twitter\domain\usecases\get_twitter_post_usecase.dart", "Dart", 0, 13, 0, 0, 0, 0, 0, 0, 0, 0, 0, 0, 2, 15
"d:\projects\flutter\49-mobile-app\lib\features\social_media\twitter\domain\usecases\get_user_posts_usecase.dart", "Dart", 0, 24, 0, 0, 0, 0, 0, 0, 0, 0, 0, 0, 4, 28
"d:\projects\flutter\49-mobile-app\lib\features\social_media\twitter\domain\usecases\hide_twitter_post_usecase.dart", "Dart", 0, 12, 0, 0, 0, 0, 0, 0, 0, 0, 0, 0, 2, 14
"d:\projects\flutter\49-mobile-app\lib\features\social_media\twitter\domain\usecases\post_comment_usecase.dart", "Dart", 0, 26, 0, 0, 0, 0, 0, 0, 0, 0, 0, 1, 3, 30
"d:\projects\flutter\49-mobile-app\lib\features\social_media\twitter\domain\usecases\post_react_usecase.dart", "Dart", 0, 22, 0, 0, 0, 0, 0, 0, 0, 0, 0, 0, 3, 25
"d:\projects\flutter\49-mobile-app\lib\features\social_media\twitter\domain\usecases\request_document_usecase.dart", "Dart", 0, 25, 0, 0, 0, 0, 0, 0, 0, 0, 0, 0, 4, 29
"d:\projects\flutter\49-mobile-app\lib\features\social_media\twitter\domain\usecases\share_twitter_post_usecase.dart", "Dart", 0, 12, 0, 0, 0, 0, 0, 0, 0, 0, 0, 3, 2, 17
"d:\projects\flutter\49-mobile-app\lib\features\social_media\twitter\domain\usecases\twitter_report_usecase.dart", "Dart", 0, 41, 0, 0, 0, 0, 0, 0, 0, 0, 0, 1, 5, 47
"d:\projects\flutter\49-mobile-app\lib\features\social_media\twitter\presentation\bloc\twitter_bloc.dart", "Dart", 0, 470, 0, 0, 0, 0, 0, 0, 0, 0, 0, 37, 46, 553
"d:\projects\flutter\49-mobile-app\lib\features\social_media\twitter\presentation\bloc\twitter_state.dart", "Dart", 0, 89, 0, 0, 0, 0, 0, 0, 0, 0, 0, 0, 5, 94
"d:\projects\flutter\49-mobile-app\lib\features\social_media\twitter\presentation\pages\twitter_post_details.dart", "Dart", 0, 206, 0, 0, 0, 0, 0, 0, 0, 0, 0, 8, 5, 219
"d:\projects\flutter\49-mobile-app\lib\features\social_media\twitter\presentation\pages\twitter_view.dart", "Dart", 0, 441, 0, 0, 0, 0, 0, 0, 0, 0, 0, 5, 8, 454
"d:\projects\flutter\49-mobile-app\lib\features\social_media\twitter\presentation\widgets\build_meta_verified.dart", "Dart", 0, 263, 0, 0, 0, 0, 0, 0, 0, 0, 0, 6, 11, 280
"d:\projects\flutter\49-mobile-app\lib\features\social_media\twitter\presentation\widgets\build_twitter_document_card.dart", "Dart", 0, 91, 0, 0, 0, 0, 0, 0, 0, 0, 0, 0, 4, 95
"d:\projects\flutter\49-mobile-app\lib\features\social_media\twitter\presentation\widgets\report_view.dart", "Dart", 0, 288, 0, 0, 0, 0, 0, 0, 0, 0, 0, 1, 14, 303
"d:\projects\flutter\49-mobile-app\lib\features\social_media\twitter\presentation\widgets\twitter_comment_card.dart", "Dart", 0, 249, 0, 0, 0, 0, 0, 0, 0, 0, 0, 0, 7, 256
"d:\projects\flutter\49-mobile-app\lib\features\social_media\twitter\presentation\widgets\twitter_comment_replied.dart", "Dart", 0, 208, 0, 0, 0, 0, 0, 0, 0, 0, 0, 0, 6, 214
"d:\projects\flutter\49-mobile-app\lib\features\social_media\twitter\presentation\widgets\twitter_post_card.dart", "Dart", 0, 495, 0, 0, 0, 0, 0, 0, 0, 0, 0, 47, 17, 559
"d:\projects\flutter\49-mobile-app\lib\features\social_media\twitter\presentation\widgets\twitter_post_comments.dart", "Dart", 0, 274, 0, 0, 0, 0, 0, 0, 0, 0, 0, 2, 9, 285
"d:\projects\flutter\49-mobile-app\lib\features\social_media\twitter\presentation\widgets\twitter_reply_card.dart", "Dart", 0, 237, 0, 0, 0, 0, 0, 0, 0, 0, 0, 0, 8, 245
"d:\projects\flutter\49-mobile-app\lib\features\social_media\voice_meeting\presentation\bloc\voice_meeting_bloc.dart", "Dart", 0, 10, 0, 0, 0, 0, 0, 0, 0, 0, 0, 1, 3, 14
"d:\projects\flutter\49-mobile-app\lib\features\social_media\voice_meeting\presentation\bloc\voice_meeting_event.dart", "Dart", 0, 6, 0, 0, 0, 0, 0, 0, 0, 0, 0, 0, 3, 9
"d:\projects\flutter\49-mobile-app\lib\features\social_media\voice_meeting\presentation\bloc\voice_meeting_state.dart", "Dart", 0, 7, 0, 0, 0, 0, 0, 0, 0, 0, 0, 0, 4, 11
"d:\projects\flutter\49-mobile-app\lib\features\star_feature\data\data_source\star_remote_data_source.dart", "Dart", 0, 64, 0, 0, 0, 0, 0, 0, 0, 0, 0, 0, 14, 78
"d:\projects\flutter\49-mobile-app\lib\features\star_feature\data\model\star_model.dart", "Dart", 0, 35, 0, 0, 0, 0, 0, 0, 0, 0, 0, 0, 3, 38
"d:\projects\flutter\49-mobile-app\lib\features\star_feature\data\model\user_star_model.dart", "Dart", 0, 20, 0, 0, 0, 0, 0, 0, 0, 0, 0, 0, 3, 23
"d:\projects\flutter\49-mobile-app\lib\features\star_feature\data\repository\star_repository_impl.dart", "Dart", 0, 26, 0, 0, 0, 0, 0, 0, 0, 0, 0, 0, 6, 32
"d:\projects\flutter\49-mobile-app\lib\features\star_feature\domain\entity\star_entity.dart", "Dart", 0, 30, 0, 0, 0, 0, 0, 0, 0, 0, 0, 0, 3, 33
"d:\projects\flutter\49-mobile-app\lib\features\star_feature\domain\entity\user_star_entity.dart", "Dart", 0, 15, 0, 0, 0, 0, 0, 0, 0, 0, 0, 0, 2, 17
"d:\projects\flutter\49-mobile-app\lib\features\star_feature\domain\repository\star_repository.dart", "Dart", 0, 10, 0, 0, 0, 0, 0, 0, 0, 0, 0, 0, 2, 12
"d:\projects\flutter\49-mobile-app\lib\features\star_feature\domain\use_case\delete_my_star_use_case.dart", "Dart", 0, 12, 0, 0, 0, 0, 0, 0, 0, 0, 0, 0, 4, 16
"d:\projects\flutter\49-mobile-app\lib\features\star_feature\domain\use_case\fetch_all_star_use_case.dart", "Dart", 0, 13, 0, 0, 0, 0, 0, 0, 0, 0, 0, 0, 3, 16
"d:\projects\flutter\49-mobile-app\lib\features\star_feature\domain\use_case\fetch_myl_star_use_case.dart", "Dart", 0, 13, 0, 0, 0, 0, 0, 0, 0, 0, 0, 0, 3, 16
"d:\projects\flutter\49-mobile-app\lib\features\star_feature\domain\use_case\upload_my_star_use_case.dart", "Dart", 0, 24, 0, 0, 0, 0, 0, 0, 0, 0, 0, 0, 7, 31
"d:\projects\flutter\49-mobile-app\lib\features\star_feature\presentation\controller\cubit\star_cubit.dart", "Dart", 0, 124, 0, 0, 0, 0, 0, 0, 0, 0, 0, 7, 17, 148
"d:\projects\flutter\49-mobile-app\lib\features\star_feature\presentation\controller\cubit\star_state.dart", "Dart", 0, 25, 0, 0, 0, 0, 0, 0, 0, 0, 0, 0, 5, 30
"d:\projects\flutter\49-mobile-app\lib\features\star_feature\presentation\pages\be_star_view.dart", "Dart", 0, 64, 0, 0, 0, 0, 0, 0, 0, 0, 0, 4, 4, 72
"d:\projects\flutter\49-mobile-app\lib\features\star_feature\presentation\pages\widgets\floating_action_button_star.dart", "Dart", 0, 16, 0, 0, 0, 0, 0, 0, 0, 0, 0, 6, 3, 25
"d:\projects\flutter\49-mobile-app\lib\features\subcategories\data\datasources\subcategories_remote_datasource.dart", "Dart", 0, 56, 0, 0, 0, 0, 0, 0, 0, 0, 0, 0, 10, 66
"d:\projects\flutter\49-mobile-app\lib\features\subcategories\data\models\sub_category_model.dart", "Dart", 0, 32, 0, 0, 0, 0, 0, 0, 0, 0, 0, 0, 5, 37
"d:\projects\flutter\49-mobile-app\lib\features\subcategories\data\repositories\subcategories_repo_impl.dart", "Dart", 0, 27, 0, 0, 0, 0, 0, 0, 0, 0, 0, 0, 7, 34
"d:\projects\flutter\49-mobile-app\lib\features\subcategories\domain\entities\sub_category_entity.dart", "Dart", 0, 16, 0, 0, 0, 0, 0, 0, 0, 0, 0, 0, 2, 18
"d:\projects\flutter\49-mobile-app\lib\features\subcategories\domain\repositories\subcategories_repo.dart", "Dart", 0, 11, 0, 0, 0, 0, 0, 0, 0, 0, 0, 0, 3, 14
"d:\projects\flutter\49-mobile-app\lib\features\subcategories\domain\usecases\delete_favorite_category_use_case.dart", "Dart", 0, 12, 0, 0, 0, 0, 0, 0, 0, 0, 0, 0, 4, 16
"d:\projects\flutter\49-mobile-app\lib\features\subcategories\domain\usecases\get_sub_categories_use_case.dart", "Dart", 0, 25, 0, 0, 0, 0, 0, 0, 0, 0, 0, 0, 5, 30
"d:\projects\flutter\49-mobile-app\lib\features\subcategories\domain\usecases\toggle_favorite_category.dart", "Dart", 0, 12, 0, 0, 0, 0, 0, 0, 0, 0, 0, 0, 4, 16
"d:\projects\flutter\49-mobile-app\lib\features\subcategories\domain\usecases\toggle_favorite_subcategory.dart", "Dart", 0, 12, 0, 0, 0, 0, 0, 0, 0, 0, 0, 0, 4, 16
"d:\projects\flutter\49-mobile-app\lib\features\subcategories\presentation\cubit\subcategories_cubit.dart", "Dart", 0, 47, 0, 0, 0, 0, 0, 0, 0, 0, 0, 1, 9, 57
"d:\projects\flutter\49-mobile-app\lib\features\subcategories\presentation\cubit\subcategories_state.dart", "Dart", 0, 27, 0, 0, 0, 0, 0, 0, 0, 0, 0, 0, 5, 32
"d:\projects\flutter\49-mobile-app\lib\features\subcategories\presentation\pages\subcategories_view.dart", "Dart", 0, 64, 0, 0, 0, 0, 0, 0, 0, 0, 0, 0, 7, 71
"d:\projects\flutter\49-mobile-app\lib\features\subcategories\presentation\widgets\subcategory_card.dart", "Dart", 0, 115, 0, 0, 0, 0, 0, 0, 0, 0, 0, 0, 5, 120
"d:\projects\flutter\49-mobile-app\lib\features\subcategories\presentation\widgets\subcategory_card_selected.dart", "Dart", 0, 94, 0, 0, 0, 0, 0, 0, 0, 0, 0, 34, 5, 133
"d:\projects\flutter\49-mobile-app\lib\features\subscripe\data\datasources\subscribe_remote_datasource.dart", "Dart", 0, 58, 0, 0, 0, 0, 0, 0, 0, 0, 0, 0, 10, 68
"d:\projects\flutter\49-mobile-app\lib\features\subscripe\data\models\subscribtion_plans_model.dart", "Dart", 0, 10, 0, 0, 0, 0, 0, 0, 0, 0, 0, 0, 2, 12
"d:\projects\flutter\49-mobile-app\lib\features\subscripe\data\models\subscription_amount_model.dart", "Dart", 0, 16, 0, 0, 0, 0, 0, 0, 0, 0, 0, 0, 3, 19
"d:\projects\flutter\49-mobile-app\lib\features\subscripe\data\repositories\subscribtion_plans_repo_impl.dart", "Dart", 0, 30, 0, 0, 0, 0, 0, 0, 0, 0, 0, 0, 9, 39
"d:\projects\flutter\49-mobile-app\lib\features\subscripe\domain\entities\subscription_amount_entity.dart", "Dart", 0, 12, 0, 0, 0, 0, 0, 0, 0, 0, 0, 0, 2, 14
"d:\projects\flutter\49-mobile-app\lib\features\subscripe\domain\entities\subscription_plans_entity.dart", "Dart", 0, 8, 0, 0, 0, 0, 0, 0, 0, 0, 0, 0, 1, 9
"d:\projects\flutter\49-mobile-app\lib\features\subscripe\domain\repositories\subscription_plans_repo.dart", "Dart", 0, 14, 0, 0, 0, 0, 0, 0, 0, 0, 0, 0, 3, 17
"d:\projects\flutter\49-mobile-app\lib\features\subscripe\domain\usecases\check_if_user_subscribed_usecase.dart", "Dart", 0, 12, 0, 0, 0, 0, 0, 0, 0, 0, 0, 0, 2, 14
"d:\projects\flutter\49-mobile-app\lib\features\subscripe\domain\usecases\get_active_subscription_amounts.dart", "Dart", 0, 15, 0, 0, 0, 0, 0, 0, 0, 0, 0, 0, 4, 19
"d:\projects\flutter\49-mobile-app\lib\features\subscripe\domain\usecases\get_subscription_plans_usecase.dart", "Dart", 0, 14, 0, 0, 0, 0, 0, 0, 0, 0, 0, 0, 2, 16
"d:\projects\flutter\49-mobile-app\lib\features\subscripe\domain\usecases\subscribe_usecase.dart", "Dart", 0, 30, 0, 0, 0, 0, 0, 0, 0, 0, 0, 0, 3, 33
"d:\projects\flutter\49-mobile-app\lib\features\subscripe\presentation\controllers\subscription_controller.dart", "Dart", 0, 133, 0, 0, 0, 0, 0, 0, 0, 0, 0, 5, 15, 153
"d:\projects\flutter\49-mobile-app\lib\features\subscripe\presentation\widgets\amounts.dart", "Dart", 0, 93, 0, 0, 0, 0, 0, 0, 0, 0, 0, 1, 7, 101
"d:\projects\flutter\49-mobile-app\lib\features\subscripe\presentation\widgets\subscription_plans.dart", "Dart", 0, 302, 0, 0, 0, 0, 0, 0, 0, 0, 0, 12, 21, 335
"d:\projects\flutter\49-mobile-app\lib\features\subscripe\presentation\widgets\wallets.dart", "Dart", 0, 20, 0, 0, 0, 0, 0, 0, 0, 0, 0, 0, 3, 23
"d:\projects\flutter\49-mobile-app\lib\features\trip_join\add_new_trip_join\data\models\car_brand_model.dart", "Dart", 0, 14, 0, 0, 0, 0, 0, 0, 0, 0, 0, 1, 4, 19
"d:\projects\flutter\49-mobile-app\lib\features\trip_join\add_new_trip_join\data\models\car_type_model.dart", "Dart", 0, 14, 0, 0, 0, 0, 0, 0, 0, 0, 0, 1, 4, 19
"d:\projects\flutter\49-mobile-app\lib\features\trip_join\add_new_trip_join\data\models\car_year_type_model.dart", "Dart", 0, 19, 0, 0, 0, 0, 0, 0, 0, 0, 0, 1, 4, 24
"d:\projects\flutter\49-mobile-app\lib\features\trip_join\add_new_trip_join\data\models\location_model\address_component.dart", "Dart", 0, 27, 0, 0, 0, 0, 0, 0, 0, 0, 0, 6, 8, 41
"d:\projects\flutter\49-mobile-app\lib\features\trip_join\add_new_trip_join\data\models\location_model\geometry.dart", "Dart", 0, 31, 0, 0, 0, 0, 0, 0, 0, 0, 0, 6, 9, 46
"d:\projects\flutter\49-mobile-app\lib\features\trip_join\add_new_trip_join\data\models\location_model\location.dart", "Dart", 0, 20, 0, 0, 0, 0, 0, 0, 0, 0, 0, 6, 8, 34
"d:\projects\flutter\49-mobile-app\lib\features\trip_join\add_new_trip_join\data\models\location_model\location_model.dart", "Dart", 0, 52, 0, 0, 0, 0, 0, 0, 0, 0, 0, 6, 10, 68
"d:\projects\flutter\49-mobile-app\lib\features\trip_join\add_new_trip_join\data\models\location_model\northeast.dart", "Dart", 0, 20, 0, 0, 0, 0, 0, 0, 0, 0, 0, 6, 8, 34
"d:\projects\flutter\49-mobile-app\lib\features\trip_join\add_new_trip_join\data\models\location_model\southwest.dart", "Dart", 0, 20, 0, 0, 0, 0, 0, 0, 0, 0, 0, 6, 8, 34
"d:\projects\flutter\49-mobile-app\lib\features\trip_join\add_new_trip_join\data\models\location_model\viewport.dart", "Dart", 0, 28, 0, 0, 0, 0, 0, 0, 0, 0, 0, 6, 9, 43
"d:\projects\flutter\49-mobile-app\lib\features\trip_join\add_new_trip_join\data\models\trip_join_model.dart", "Dart", 0, 28, 0, 0, 0, 0, 0, 0, 0, 0, 0, 0, 5, 33
"d:\projects\flutter\49-mobile-app\lib\features\trip_join\add_new_trip_join\data\remote_data_source\fetch_location_remote_datasource.dart", "Dart", 0, 39, 0, 0, 0, 0, 0, 0, 0, 0, 0, 1, 4, 44
"d:\projects\flutter\49-mobile-app\lib\features\trip_join\add_new_trip_join\data\remote_data_source\trip_join_remote_datasource.dart", "Dart", 0, 134, 0, 0, 0, 0, 0, 0, 0, 0, 0, 2, 14, 150
"d:\projects\flutter\49-mobile-app\lib\features\trip_join\add_new_trip_join\data\repo\trip_join_google_api_repo_imp.dart", "Dart", 0, 15, 0, 0, 0, 0, 0, 0, 0, 0, 0, 0, 3, 18
"d:\projects\flutter\49-mobile-app\lib\features\trip_join\add_new_trip_join\data\repo\trip_join_repo_imp.dart", "Dart", 0, 46, 0, 0, 0, 0, 0, 0, 0, 0, 0, 0, 7, 53
"d:\projects\flutter\49-mobile-app\lib\features\trip_join\add_new_trip_join\domain\entities\car_brand_entity.dart", "Dart", 0, 6, 0, 0, 0, 0, 0, 0, 0, 0, 0, 1, 3, 10
"d:\projects\flutter\49-mobile-app\lib\features\trip_join\add_new_trip_join\domain\entities\car_model_entity.dart", "Dart", 0, 6, 0, 0, 0, 0, 0, 0, 0, 0, 0, 1, 3, 10
"d:\projects\flutter\49-mobile-app\lib\features\trip_join\add_new_trip_join\domain\entities\car_year_type_entity.dart", "Dart", 0, 10, 0, 0, 0, 0, 0, 0, 0, 0, 0, 0, 2, 12
"d:\projects\flutter\49-mobile-app\lib\features\trip_join\add_new_trip_join\domain\entities\location_entity.dart", "Dart", 0, 13, 0, 0, 0, 0, 0, 0, 0, 0, 0, 0, 3, 16
"d:\projects\flutter\49-mobile-app\lib\features\trip_join\add_new_trip_join\domain\entities\trip_info_entity.dart", "Dart", 0, 14, 0, 0, 0, 0, 0, 0, 0, 0, 0, 1, 1, 16
"d:\projects\flutter\49-mobile-app\lib\features\trip_join\add_new_trip_join\domain\entities\trip_join_publish_param.dart", "Dart", 0, 104, 0, 0, 0, 0, 0, 0, 0, 0, 0, 2, 6, 112
"d:\projects\flutter\49-mobile-app\lib\features\trip_join\add_new_trip_join\domain\repo\trip_join_google_api_repo.dart", "Dart", 0, 7, 0, 0, 0, 0, 0, 0, 0, 0, 0, 0, 2, 9
"d:\projects\flutter\49-mobile-app\lib\features\trip_join\add_new_trip_join\domain\repo\trip_join_repo.dart", "Dart", 0, 22, 0, 0, 0, 0, 0, 0, 0, 0, 0, 0, 2, 24
"d:\projects\flutter\49-mobile-app\lib\features\trip_join\add_new_trip_join\domain\usecases\fetch_car_brand_usecase.dart", "Dart", 0, 11, 0, 0, 0, 0, 0, 0, 0, 0, 0, 0, 3, 14
"d:\projects\flutter\49-mobile-app\lib\features\trip_join\add_new_trip_join\domain\usecases\fetch_car_model_usecase.dart", "Dart", 0, 11, 0, 0, 0, 0, 0, 0, 0, 0, 0, 0, 3, 14
"d:\projects\flutter\49-mobile-app\lib\features\trip_join\add_new_trip_join\domain\usecases\fetch_car_year_type_usecase.dart", "Dart", 0, 12, 0, 0, 0, 0, 0, 0, 0, 0, 0, 0, 3, 15
"d:\projects\flutter\49-mobile-app\lib\features\trip_join\add_new_trip_join\domain\usecases\fetch_location_cordinates_usecase.dart", "Dart", 0, 15, 0, 0, 0, 0, 0, 0, 0, 0, 0, 1, 4, 20
"d:\projects\flutter\49-mobile-app\lib\features\trip_join\add_new_trip_join\domain\usecases\fetch_price_distance_usecase.dart", "Dart", 0, 18, 0, 0, 0, 0, 0, 0, 0, 0, 0, 0, 3, 21
"d:\projects\flutter\49-mobile-app\lib\features\trip_join\add_new_trip_join\domain\usecases\publish_trip_join_usecase.dart", "Dart", 0, 13, 0, 0, 0, 0, 0, 0, 0, 0, 0, 0, 3, 16
"d:\projects\flutter\49-mobile-app\lib\features\trip_join\add_new_trip_join\presentation\cubits\destination_location\destination_location_cubit.dart", "Dart", 0, 39, 0, 0, 0, 0, 0, 0, 0, 0, 0, 1, 6, 46
"d:\projects\flutter\49-mobile-app\lib\features\trip_join\add_new_trip_join\presentation\cubits\destination_location\destination_location_state.dart", "Dart", 0, 16, 0, 0, 0, 0, 0, 0, 0, 0, 0, 0, 9, 25
"d:\projects\flutter\49-mobile-app\lib\features\trip_join\add_new_trip_join\presentation\cubits\fetch_car_brands\fetch_car_brands_cubit.dart", "Dart", 0, 30, 0, 0, 0, 0, 0, 0, 0, 0, 0, 0, 3, 33
"d:\projects\flutter\49-mobile-app\lib\features\trip_join\add_new_trip_join\presentation\cubits\fetch_car_brands\fetch_car_brands_state.dart", "Dart", 0, 12, 0, 0, 0, 0, 0, 0, 0, 0, 0, 0, 8, 20
"d:\projects\flutter\49-mobile-app\lib\features\trip_join\add_new_trip_join\presentation\cubits\fetch_car_models\fetch_car_models_cubit.dart", "Dart", 0, 29, 0, 0, 0, 0, 0, 0, 0, 0, 0, 1, 3, 33
"d:\projects\flutter\49-mobile-app\lib\features\trip_join\add_new_trip_join\presentation\cubits\fetch_car_models\fetch_car_models_state.dart", "Dart", 0, 12, 0, 0, 0, 0, 0, 0, 0, 0, 0, 0, 8, 20
"d:\projects\flutter\49-mobile-app\lib\features\trip_join\add_new_trip_join\presentation\cubits\fetch_car_year_type\fetch_car_year_type_cubit.dart", "Dart", 0, 36, 0, 0, 0, 0, 0, 0, 0, 0, 0, 1, 3, 40
"d:\projects\flutter\49-mobile-app\lib\features\trip_join\add_new_trip_join\presentation\cubits\fetch_car_year_type\fetch_car_year_type_state.dart", "Dart", 0, 12, 0, 0, 0, 0, 0, 0, 0, 0, 0, 0, 8, 20
"d:\projects\flutter\49-mobile-app\lib\features\trip_join\add_new_trip_join\presentation\cubits\fetch_price_distance\fetch_price_distance_cubit.dart", "Dart", 0, 35, 0, 0, 0, 0, 0, 0, 0, 0, 0, 1, 3, 39
"d:\projects\flutter\49-mobile-app\lib\features\trip_join\add_new_trip_join\presentation\cubits\fetch_price_distance\fetch_price_distance_state.dart", "Dart", 0, 12, 0, 0, 0, 0, 0, 0, 0, 0, 0, 0, 8, 20
"d:\projects\flutter\49-mobile-app\lib\features\trip_join\add_new_trip_join\presentation\cubits\publish_trip_join\publish_trip_join_cubit.dart", "Dart", 0, 30, 0, 0, 0, 0, 0, 0, 0, 0, 0, 1, 4, 35
"d:\projects\flutter\49-mobile-app\lib\features\trip_join\add_new_trip_join\presentation\cubits\publish_trip_join\publish_trip_join_state.dart", "Dart", 0, 9, 0, 0, 0, 0, 0, 0, 0, 0, 0, 0, 7, 16
"d:\projects\flutter\49-mobile-app\lib\features\trip_join\add_new_trip_join\presentation\cubits\starting_location\starting_location_cubit.dart", "Dart", 0, 38, 0, 0, 0, 0, 0, 0, 0, 0, 0, 1, 5, 44
"d:\projects\flutter\49-mobile-app\lib\features\trip_join\add_new_trip_join\presentation\cubits\starting_location\starting_location_state.dart", "Dart", 0, 12, 0, 0, 0, 0, 0, 0, 0, 0, 0, 0, 8, 20
"d:\projects\flutter\49-mobile-app\lib\features\trip_join\add_new_trip_join\presentation\cubits\trip_join_view\trip_join_view_cubit.dart", "Dart", 0, 19, 0, 0, 0, 0, 0, 0, 0, 0, 0, 0, 5, 24
"d:\projects\flutter\49-mobile-app\lib\features\trip_join\add_new_trip_join\presentation\cubits\trip_join_view\trip_join_view_state.dart", "Dart", 0, 13, 0, 0, 0, 0, 0, 0, 0, 0, 0, 0, 7, 20
"d:\projects\flutter\49-mobile-app\lib\features\trip_join\add_new_trip_join\presentation\views\trip_join_view.dart", "Dart", 0, 23, 0, 0, 0, 0, 0, 0, 0, 0, 0, 13, 3, 39
"d:\projects\flutter\49-mobile-app\lib\features\trip_join\add_new_trip_join\presentation\views\widgets\button.dart", "Dart", 0, 42, 0, 0, 0, 0, 0, 0, 0, 0, 0, 0, 2, 44
"d:\projects\flutter\49-mobile-app\lib\features\trip_join\add_new_trip_join\presentation\views\widgets\car_info_v2.dart", "Dart", 0, 134, 0, 0, 0, 0, 0, 0, 0, 0, 0, 7, 7, 148
"d:\projects\flutter\49-mobile-app\lib\features\trip_join\add_new_trip_join\presentation\views\widgets\card.dart", "Dart", 0, 48, 0, 0, 0, 0, 0, 0, 0, 0, 0, 1, 2, 51
"d:\projects\flutter\49-mobile-app\lib\features\trip_join\add_new_trip_join\presentation\views\widgets\card_title_and_info.dart", "Dart", 0, 19, 0, 0, 0, 0, 0, 0, 0, 0, 0, 0, 2, 21
"d:\projects\flutter\49-mobile-app\lib\features\trip_join\add_new_trip_join\presentation\views\widgets\custom_row_v2.dart", "Dart", 0, 28, 0, 0, 0, 0, 0, 0, 0, 0, 0, 0, 2, 30
"d:\projects\flutter\49-mobile-app\lib\features\trip_join\add_new_trip_join\presentation\views\widgets\date_time_picker_v2.dart", "Dart", 0, 76, 0, 0, 0, 0, 0, 0, 0, 0, 0, 2, 8, 86
"d:\projects\flutter\49-mobile-app\lib\features\trip_join\add_new_trip_join\presentation\views\widgets\destination_position_suggesstion.dart", "Dart", 0, 0, 0, 0, 0, 0, 0, 0, 0, 0, 0, 0, 2, 2
"d:\projects\flutter\49-mobile-app\lib\features\trip_join\add_new_trip_join\presentation\views\widgets\destination_text_field_and_find_button.dart", "Dart", 0, 122, 0, 0, 0, 0, 0, 0, 0, 0, 0, 5, 11, 138
"d:\projects\flutter\49-mobile-app\lib\features\trip_join\add_new_trip_join\presentation\views\widgets\distance_and_price_per_person_v2.dart", "Dart", 0, 43, 0, 0, 0, 0, 0, 0, 0, 0, 0, 0, 4, 47
"d:\projects\flutter\49-mobile-app\lib\features\trip_join\add_new_trip_join\presentation\views\widgets\driver_phone_number.dart", "Dart", 0, 28, 0, 0, 0, 0, 0, 0, 0, 0, 0, 0, 3, 31
"d:\projects\flutter\49-mobile-app\lib\features\trip_join\add_new_trip_join\presentation\views\widgets\driver_phone_number_v2.dart", "Dart", 0, 56, 0, 0, 0, 0, 0, 0, 0, 0, 0, 1, 8, 65
"d:\projects\flutter\49-mobile-app\lib\features\trip_join\add_new_trip_join\presentation\views\widgets\illustration_image.dart", "Dart", 0, 18, 0, 0, 0, 0, 0, 0, 0, 0, 0, 0, 3, 21
"d:\projects\flutter\49-mobile-app\lib\features\trip_join\add_new_trip_join\presentation\views\widgets\pick_date_time_widget.dart", "Dart", 0, 123, 0, 0, 0, 0, 0, 0, 0, 0, 0, 0, 7, 130
"d:\projects\flutter\49-mobile-app\lib\features\trip_join\add_new_trip_join\presentation\views\widgets\publish_button_v2.dart", "Dart", 0, 128, 0, 0, 0, 0, 0, 0, 0, 0, 0, 2, 6, 136
"d:\projects\flutter\49-mobile-app\lib\features\trip_join\add_new_trip_join\presentation\views\widgets\repeated_check_box.dart", "Dart", 0, 35, 0, 0, 0, 0, 0, 0, 0, 0, 0, 0, 4, 39
"d:\projects\flutter\49-mobile-app\lib\features\trip_join\add_new_trip_join\presentation\views\widgets\seats_number.dart", "Dart", 0, 60, 0, 0, 0, 0, 0, 0, 0, 0, 0, 0, 4, 64
"d:\projects\flutter\49-mobile-app\lib\features\trip_join\add_new_trip_join\presentation\views\widgets\select_seat_and_repeat_v2.dart", "Dart", 0, 65, 0, 0, 0, 0, 0, 0, 0, 0, 0, 0, 6, 71
"d:\projects\flutter\49-mobile-app\lib\features\trip_join\add_new_trip_join\presentation\views\widgets\start_text_field_and_find_button.dart", "Dart", 0, 121, 0, 0, 0, 0, 0, 0, 0, 0, 0, 49, 9, 179
"d:\projects\flutter\49-mobile-app\lib\features\trip_join\add_new_trip_join\presentation\views\widgets\starting_point_suggestion.dart", "Dart", 0, 0, 0, 0, 0, 0, 0, 0, 0, 0, 0, 0, 2, 2
"d:\projects\flutter\49-mobile-app\lib\features\trip_join\add_new_trip_join\presentation\views\widgets\total_price_v2.dart", "Dart", 0, 51, 0, 0, 0, 0, 0, 0, 0, 0, 0, 0, 4, 55
"d:\projects\flutter\49-mobile-app\lib\features\trip_join\add_new_trip_join\presentation\views\widgets\trip_and_car_information_v2.dart", "Dart", 0, 44, 0, 0, 0, 0, 0, 0, 0, 0, 0, 0, 5, 49
"d:\projects\flutter\49-mobile-app\lib\features\trip_join\add_new_trip_join\presentation\views\widgets\trip_join_body.dart", "Dart", 0, 59, 0, 0, 0, 0, 0, 0, 0, 0, 0, 5, 5, 69
"d:\projects\flutter\49-mobile-app\lib\features\trip_join\add_new_trip_join\presentation\views\widgets\trip_join_google_map.dart", "Dart", 0, 198, 0, 0, 0, 0, 0, 0, 0, 0, 0, 3, 17, 218
"d:\projects\flutter\49-mobile-app\lib\features\trip_join\add_new_trip_join\presentation\views\widgets\trip_join_notes.dart", "Dart", 0, 27, 0, 0, 0, 0, 0, 0, 0, 0, 0, 0, 3, 30
"d:\projects\flutter\49-mobile-app\lib\features\trip_join\add_new_trip_join\presentation\views\widgets\trip_join_static_map.dart", "Dart", 0, 0, 0, 0, 0, 0, 0, 0, 0, 0, 0, 19, 3, 22
"d:\projects\flutter\49-mobile-app\lib\features\trip_join\add_new_trip_join\presentation\views\widgets\upload_button_and_info.dart", "Dart", 0, 64, 0, 0, 0, 0, 0, 0, 0, 0, 0, 1, 3, 68
"d:\projects\flutter\49-mobile-app\lib\features\trip_join\add_new_trip_join\presentation\views\widgets\upload_documents.dart", "Dart", 0, 49, 0, 0, 0, 0, 0, 0, 0, 0, 0, 0, 3, 52
"d:\projects\flutter\49-mobile-app\lib\features\trip_join\add_new_trip_join\presentation\views\widgets\upload_image_button_sheet.dart", "Dart", 0, 116, 0, 0, 0, 0, 0, 0, 0, 0, 0, 0, 3, 119
"d:\projects\flutter\49-mobile-app\lib\features\trip_join\add_new_trip_join\presentation\views\widgets\upload_image_info.dart", "Dart", 0, 42, 0, 0, 0, 0, 0, 0, 0, 0, 0, 0, 2, 44
"d:\projects\flutter\49-mobile-app\lib\features\trip_join\add_new_trip_join\presentation\views\widgets\upload_image_popup.dart", "Dart", 0, 87, 0, 0, 0, 0, 0, 0, 0, 0, 0, 0, 2, 89
"d:\projects\flutter\49-mobile-app\lib\features\trip_join\add_new_trip_join\presentation\views\widgets\welcome_text.dart", "Dart", 0, 22, 0, 0, 0, 0, 0, 0, 0, 0, 0, 1, 2, 25
"d:\projects\flutter\49-mobile-app\lib\features\trip_join\data\repo\trip_join_repo_imp.dart", "Dart", 0, 0, 0, 0, 0, 0, 0, 0, 0, 0, 0, 0, 2, 2
"d:\projects\flutter\49-mobile-app\lib\features\trip_join\helpers\print_helper.dart", "Dart", 0, 22, 0, 0, 0, 0, 0, 0, 0, 0, 0, 4, 6, 32
"d:\projects\flutter\49-mobile-app\lib\features\trip_join\notifications\data\models\trip_join_request_model\trip_info.dart", "Dart", 0, 104, 0, 0, 0, 0, 0, 0, 0, 0, 0, 0, 5, 109
"d:\projects\flutter\49-mobile-app\lib\features\trip_join\notifications\data\models\trip_join_request_model\trip_join_request_model.dart", "Dart", 0, 71, 0, 0, 0, 0, 0, 0, 0, 0, 0, 0, 7, 78
"d:\projects\flutter\49-mobile-app\lib\features\trip_join\notifications\presentation\views\request_trip_join_notification.dart", "Dart", 0, 122, 0, 0, 0, 0, 0, 0, 0, 0, 0, 0, 7, 129
"d:\projects\flutter\49-mobile-app\lib\features\trip_join\notifications\presentation\views\widgets\trip_join_request_notification_widget.dart", "Dart", 0, 248, 0, 0, 0, 0, 0, 0, 0, 0, 0, 0, 5, 253
"d:\projects\flutter\49-mobile-app\lib\features\trip_join\presentation\views\widgets\trip_join_google_map.dart", "Dart", 0, 0, 0, 0, 0, 0, 0, 0, 0, 0, 0, 0, 2, 2
"d:\projects\flutter\49-mobile-app\lib\features\trip_join\trip_join_requests_history\data\datasource\trip_join_request_history_remote_datasource.dart", "Dart", 0, 105, 0, 0, 0, 0, 0, 0, 0, 0, 0, 2, 11, 118
"d:\projects\flutter\49-mobile-app\lib\features\trip_join\trip_join_requests_history\data\models\trip_join_request_model\category_id.dart", "Dart", 0, 23, 0, 0, 0, 0, 0, 0, 0, 0, 0, 0, 5, 28
"d:\projects\flutter\49-mobile-app\lib\features\trip_join\trip_join_requests_history\data\models\trip_join_request_model\profile_picture_key.dart", "Dart", 0, 17, 0, 0, 0, 0, 0, 0, 0, 0, 0, 0, 5, 22
"d:\projects\flutter\49-mobile-app\lib\features\trip_join\trip_join_requests_history\data\models\trip_join_request_model\trip_join_request_model.dart", "Dart", 0, 133, 0, 0, 0, 0, 0, 0, 0, 0, 0, 0, 6, 139
"d:\projects\flutter\49-mobile-app\lib\features\trip_join\trip_join_requests_history\data\models\trip_join_request_model\user_id.dart", "Dart", 0, 24, 0, 0, 0, 0, 0, 0, 0, 0, 0, 0, 6, 30
"d:\projects\flutter\49-mobile-app\lib\features\trip_join\trip_join_requests_history\data\models\trip_join_request_model\user_profile.dart", "Dart", 0, 24, 0, 0, 0, 0, 0, 0, 0, 0, 0, 0, 6, 30
"d:\projects\flutter\49-mobile-app\lib\features\trip_join\trip_join_requests_history\data\models\trip_join_request_model\vehicle_id.dart", "Dart", 0, 18, 0, 0, 0, 0, 0, 0, 0, 0, 0, 0, 5, 23
"d:\projects\flutter\49-mobile-app\lib\features\trip_join\trip_join_requests_history\data\models\tripjoin_request_history_model\tripjoin_request_history_model.dart", "Dart", 0, 48, 0, 0, 0, 0, 0, 0, 0, 0, 0, 0, 7, 55
"d:\projects\flutter\49-mobile-app\lib\features\trip_join\trip_join_requests_history\data\models\tripjoin_request_history_model\user_id.dart", "Dart", 0, 24, 0, 0, 0, 0, 0, 0, 0, 0, 0, 0, 5, 29
"d:\projects\flutter\49-mobile-app\lib\features\trip_join\trip_join_requests_history\data\repo\trip_join_request_history_repo_impl.dart", "Dart", 0, 29, 0, 0, 0, 0, 0, 0, 0, 0, 0, 1, 4, 34
"d:\projects\flutter\49-mobile-app\lib\features\trip_join\trip_join_requests_history\domain\entities\tripjoin_request_entity.dart", "Dart", 0, 44, 0, 0, 0, 0, 0, 0, 0, 0, 0, 1, 2, 47
"d:\projects\flutter\49-mobile-app\lib\features\trip_join\trip_join_requests_history\domain\entities\tripjoin_request_history_entity.dart", "Dart", 0, 26, 0, 0, 0, 0, 0, 0, 0, 0, 0, 1, 2, 29
"d:\projects\flutter\49-mobile-app\lib\features\trip_join\trip_join_requests_history\domain\repo\trip_join_request_history_repo.dart", "Dart", 0, 11, 0, 0, 0, 0, 0, 0, 0, 0, 0, 0, 2, 13
"d:\projects\flutter\49-mobile-app\lib\features\trip_join\trip_join_requests_history\domain\usecases\delet_trip_usecase.dart", "Dart", 0, 10, 0, 0, 0, 0, 0, 0, 0, 0, 0, 0, 3, 13
"d:\projects\flutter\49-mobile-app\lib\features\trip_join\trip_join_requests_history\domain\usecases\fetch_ty_trip_join_ads_usecase.dart", "Dart", 0, 14, 0, 0, 0, 0, 0, 0, 0, 0, 0, 1, 3, 18
"d:\projects\flutter\49-mobile-app\lib\features\trip_join\trip_join_requests_history\domain\usecases\get_request_usecase.dart", "Dart", 0, 12, 0, 0, 0, 0, 0, 0, 0, 0, 0, 0, 3, 15
"d:\projects\flutter\49-mobile-app\lib\features\trip_join\trip_join_requests_history\presentation\cubits\delete_trips\delete_trips_cubit.dart", "Dart", 0, 22, 0, 0, 0, 0, 0, 0, 0, 0, 0, 0, 3, 25
"d:\projects\flutter\49-mobile-app\lib\features\trip_join\trip_join_requests_history\presentation\cubits\delete_trips\delete_trips_state.dart", "Dart", 0, 9, 0, 0, 0, 0, 0, 0, 0, 0, 0, 0, 7, 16
"d:\projects\flutter\49-mobile-app\lib\features\trip_join\trip_join_requests_history\presentation\cubits\fetch_my_trip_join_ads\fetch_my_trip_join_ads_cubit.dart", "Dart", 0, 27, 0, 0, 0, 0, 0, 0, 0, 0, 0, 0, 4, 31
"d:\projects\flutter\49-mobile-app\lib\features\trip_join\trip_join_requests_history\presentation\cubits\fetch_my_trip_join_ads\fetch_my_trip_join_ads_state.dart", "Dart", 0, 12, 0, 0, 0, 0, 0, 0, 0, 0, 0, 0, 7, 19
"d:\projects\flutter\49-mobile-app\lib\features\trip_join\trip_join_requests_history\presentation\cubits\get_request\get_request_cubit.dart", "Dart", 0, 26, 0, 0, 0, 0, 0, 0, 0, 0, 0, 0, 4, 30
"d:\projects\flutter\49-mobile-app\lib\features\trip_join\trip_join_requests_history\presentation\cubits\get_request\get_request_state.dart", "Dart", 0, 12, 0, 0, 0, 0, 0, 0, 0, 0, 0, 0, 8, 20
"d:\projects\flutter\49-mobile-app\lib\features\trip_join\trip_join_requests_history\presentation\pages\tripjoin_request_history_view.dart", "Dart", 0, 43, 0, 0, 0, 0, 0, 0, 0, 0, 0, 0, 5, 48
"d:\projects\flutter\49-mobile-app\lib\features\trip_join\trip_join_requests_history\presentation\pages\tripjoin_request_view.dart", "Dart", 0, 44, 0, 0, 0, 0, 0, 0, 0, 0, 0, 0, 3, 47
"d:\projects\flutter\49-mobile-app\lib\features\trip_join\trip_join_requests_history\presentation\widgets\trip_join_request_body.dart", "Dart", 0, 9, 0, 0, 0, 0, 0, 0, 0, 0, 0, 0, 3, 12
"d:\projects\flutter\49-mobile-app\lib\features\trip_join\trip_join_requests_history\presentation\widgets\trip_join_request_builder.dart", "Dart", 0, 115, 0, 0, 0, 0, 0, 0, 0, 0, 0, 7, 8, 130
"d:\projects\flutter\49-mobile-app\lib\features\trip_join\trip_join_requests_history\presentation\widgets\trip_join_request_card.dart", "Dart", 0, 236, 0, 0, 0, 0, 0, 0, 0, 0, 0, 0, 5, 241
"d:\projects\flutter\49-mobile-app\lib\features\trip_join\trip_join_requests_history\presentation\widgets\trip_join_request_history_builder.dart", "Dart", 0, 148, 0, 0, 0, 0, 0, 0, 0, 0, 0, 8, 8, 164
"d:\projects\flutter\49-mobile-app\lib\features\trip_join\trip_join_requests_history\presentation\widgets\trip_join_request_history_card.dart", "Dart", 0, 100, 0, 0, 0, 0, 0, 0, 0, 0, 0, 0, 2, 102
"d:\projects\flutter\49-mobile-app\lib\features\trip_join\trip_join_requests_history\presentation\widgets\trip_join_request_history_card_loading.dart", "Dart", 0, 104, 0, 0, 0, 0, 0, 0, 0, 0, 0, 0, 10, 114
"d:\projects\flutter\49-mobile-app\lib\features\trip_join\trip_join_requests_history\presentation\widgets\trip_join_request_loading.dart", "Dart", 0, 108, 0, 0, 0, 0, 0, 0, 0, 0, 0, 1, 10, 119
"d:\projects\flutter\49-mobile-app\lib\features\trip_join\view_all_pick_me\data\data_source\view_all_pick_me_remote_datasource.dart", "Dart", 0, 57, 0, 0, 0, 0, 0, 0, 0, 0, 0, 27, 7, 91
"d:\projects\flutter\49-mobile-app\lib\features\trip_join\view_all_pick_me\data\models\pick_me_card_model\category_id.dart", "Dart", 0, 23, 0, 0, 0, 0, 0, 0, 0, 0, 0, 0, 5, 28
"d:\projects\flutter\49-mobile-app\lib\features\trip_join\view_all_pick_me\data\models\pick_me_card_model\pick_me_card_model.dart", "Dart", 0, 43, 0, 0, 0, 0, 0, 0, 0, 0, 0, 2, 7, 52
"d:\projects\flutter\49-mobile-app\lib\features\trip_join\view_all_pick_me\data\models\pick_me_card_model\trip.dart", "Dart", 0, 70, 0, 0, 0, 0, 0, 0, 0, 0, 0, 0, 6, 76
"d:\projects\flutter\49-mobile-app\lib\features\trip_join\view_all_pick_me\data\models\pick_me_card_model\user_id.dart", "Dart", 0, 24, 0, 0, 0, 0, 0, 0, 0, 0, 0, 0, 5, 29
"d:\projects\flutter\49-mobile-app\lib\features\trip_join\view_all_pick_me\data\repo\view_all_pick_me_repo_imp.dart", "Dart", 0, 14, 0, 0, 0, 0, 0, 0, 0, 0, 0, 11, 5, 30
"d:\projects\flutter\49-mobile-app\lib\features\trip_join\view_all_pick_me\domain\entities\pickme_entity.dart", "Dart", 0, 98, 0, 0, 0, 0, 0, 0, 0, 0, 0, 1, 4, 103
"d:\projects\flutter\49-mobile-app\lib\features\trip_join\view_all_pick_me\domain\repo\view_all_pick_me_repo.dart", "Dart", 0, 7, 0, 0, 0, 0, 0, 0, 0, 0, 0, 0, 2, 9
"d:\projects\flutter\49-mobile-app\lib\features\trip_join\view_all_pick_me\domain\usecases\view_all_pick_me_usecase.dart", "Dart", 0, 11, 0, 0, 0, 0, 0, 0, 0, 0, 0, 0, 3, 14
"d:\projects\flutter\49-mobile-app\lib\features\trip_join\view_all_pick_me\presentation\cubits\view_all_pick_me\view_all_pick_me_cubit.dart", "Dart", 0, 28, 0, 0, 0, 0, 0, 0, 0, 0, 0, 0, 3, 31
"d:\projects\flutter\49-mobile-app\lib\features\trip_join\view_all_pick_me\presentation\cubits\view_all_pick_me\view_all_pick_me_state.dart", "Dart", 0, 12, 0, 0, 0, 0, 0, 0, 0, 0, 0, 0, 8, 20
"d:\projects\flutter\49-mobile-app\lib\features\trip_join\view_all_pick_me\presentation\views\all_pickme_view.dart", "Dart", 0, 16, 0, 0, 0, 0, 0, 0, 0, 0, 0, 0, 3, 19
"d:\projects\flutter\49-mobile-app\lib\features\trip_join\view_all_pick_me\presentation\widgets\all_pick_me_body.dart", "Dart", 0, 13, 0, 0, 0, 0, 0, 0, 0, 0, 0, 0, 3, 16
"d:\projects\flutter\49-mobile-app\lib\features\trip_join\view_all_pick_me\presentation\widgets\all_pick_me_builder.dart", "Dart", 0, 175, 0, 0, 0, 0, 0, 0, 0, 0, 0, 23, 11, 209
"d:\projects\flutter\49-mobile-app\lib\features\trip_join\view_all_pick_me\presentation\widgets\all_pick_me_card.dart", "Dart", 0, 289, 0, 0, 0, 0, 0, 0, 0, 0, 0, 12, 6, 307
"d:\projects\flutter\49-mobile-app\lib\features\trip_join\view_all_pick_me\presentation\widgets\all_pick_me_card_loading.dart", "Dart", 0, 107, 0, 0, 0, 0, 0, 0, 0, 0, 0, 0, 10, 117
"d:\projects\flutter\49-mobile-app\lib\features\trip_join\view_all_pick_me\presentation\widgets\all_pickme_floating_action_button.dart", "Dart", 0, 20, 0, 0, 0, 0, 0, 0, 0, 0, 0, 1, 3, 24
"d:\projects\flutter\49-mobile-app\lib\features\trip_join\view_all_trip_join\data\datasource\remote_datasource\view_all_trip_join_remote_datasource.dart", "Dart", 0, 79, 0, 0, 0, 0, 0, 0, 0, 0, 0, 6, 9, 94
"d:\projects\flutter\49-mobile-app\lib\features\trip_join\view_all_trip_join\data\models\trip_join_card_model\trip_join_card_model.dart", "Dart", 0, 137, 0, 0, 0, 0, 0, 0, 0, 0, 0, 0, 7, 144
"d:\projects\flutter\49-mobile-app\lib\features\trip_join\view_all_trip_join\data\models\trip_join_card_model\vehicle_id.dart", "Dart", 0, 18, 0, 0, 0, 0, 0, 0, 0, 0, 0, 0, 5, 23
"d:\projects\flutter\49-mobile-app\lib\features\trip_join\view_all_trip_join\data\repos\view_all_trip_join_repo_imp.dart", "Dart", 0, 30, 0, 0, 0, 0, 0, 0, 0, 0, 0, 0, 4, 34
"d:\projects\flutter\49-mobile-app\lib\features\trip_join\view_all_trip_join\domain\entities\trip_join_card_entity.dart", "Dart", 0, 94, 0, 0, 0, 0, 0, 0, 0, 0, 0, 1, 3, 98
"d:\projects\flutter\49-mobile-app\lib\features\trip_join\view_all_trip_join\domain\repos\view_all_trip_join_repo.dart", "Dart", 0, 15, 0, 0, 0, 0, 0, 0, 0, 0, 0, 0, 2, 17
"d:\projects\flutter\49-mobile-app\lib\features\trip_join\view_all_trip_join\domain\usecases\request_trip_join_usecase.dart", "Dart", 0, 19, 0, 0, 0, 0, 0, 0, 0, 0, 0, 1, 2, 22
"d:\projects\flutter\49-mobile-app\lib\features\trip_join\view_all_trip_join\domain\usecases\view_all_trip_join_usecase.dart", "Dart", 0, 18, 0, 0, 0, 0, 0, 0, 0, 0, 0, 0, 3, 21
"d:\projects\flutter\49-mobile-app\lib\features\trip_join\view_all_trip_join\presentation\cubits\request_trip_join_cubit\request_trip_join_cubit.dart", "Dart", 0, 36, 0, 0, 0, 0, 0, 0, 0, 0, 0, 0, 3, 39
"d:\projects\flutter\49-mobile-app\lib\features\trip_join\view_all_trip_join\presentation\cubits\request_trip_join_cubit\request_trip_join_state.dart", "Dart", 0, 9, 0, 0, 0, 0, 0, 0, 0, 0, 0, 0, 7, 16
"d:\projects\flutter\49-mobile-app\lib\features\trip_join\view_all_trip_join\presentation\cubits\view_all_trip_join_cubit\view_all_trip_join_cubit.dart", "Dart", 0, 37, 0, 0, 0, 0, 0, 0, 0, 0, 0, 4, 5, 46
"d:\projects\flutter\49-mobile-app\lib\features\trip_join\view_all_trip_join\presentation\cubits\view_all_trip_join_cubit\view_all_trip_join_state.dart", "Dart", 0, 12, 0, 0, 0, 0, 0, 0, 0, 0, 0, 0, 8, 20
"d:\projects\flutter\49-mobile-app\lib\features\trip_join\view_all_trip_join\presentation\views\avaiable_trips_view.dart", "Dart", 0, 113, 0, 0, 0, 0, 0, 0, 0, 0, 0, 2, 4, 119
"d:\projects\flutter\49-mobile-app\lib\features\trip_join\view_all_trip_join\presentation\views\widgets\available_trip_button.dart", "Dart", 0, 48, 0, 0, 0, 0, 0, 0, 0, 0, 0, 0, 2, 50
"d:\projects\flutter\49-mobile-app\lib\features\trip_join\view_all_trip_join\presentation\views\widgets\available_trip_card.dart", "Dart", 0, 259, 0, 0, 0, 0, 0, 0, 0, 0, 0, 3, 4, 266
"d:\projects\flutter\49-mobile-app\lib\features\trip_join\view_all_trip_join\presentation\views\widgets\available_trips_card_loading.dart", "Dart", 0, 108, 0, 0, 0, 0, 0, 0, 0, 0, 0, 0, 10, 118
"d:\projects\flutter\49-mobile-app\lib\features\trip_join\view_all_trip_join\presentation\views\widgets\available_trips_floating_action_button.dart", "Dart", 0, 25, 0, 0, 0, 0, 0, 0, 0, 0, 0, 0, 3, 28
"d:\projects\flutter\49-mobile-app\lib\features\trip_join\view_all_trip_join\presentation\views\widgets\avilable_trips_body.dart", "Dart", 0, 72, 0, 0, 0, 0, 0, 0, 0, 0, 0, 0, 6, 78
"d:\projects\flutter\49-mobile-app\lib\features\trip_join\view_all_trip_join\presentation\views\widgets\custom_fading_widget.dart", "Dart", 0, 37, 0, 0, 0, 0, 0, 0, 0, 0, 0, 0, 6, 43
"d:\projects\flutter\49-mobile-app\lib\features\trip_join\view_all_trip_join\presentation\views\widgets\report_view_trip_join.dart", "Dart", 0, 259, 0, 0, 0, 0, 0, 0, 0, 0, 0, 1, 13, 273
"d:\projects\flutter\49-mobile-app\lib\features\trip_join\view_all_trip_join\presentation\views\widgets\request_trip_Join_bottom_sheet.dart", "Dart", 0, 146, 0, 0, 0, 0, 0, 0, 0, 0, 0, 1, 4, 151
"d:\projects\flutter\49-mobile-app\lib\features\trip_join\view_all_trip_join\presentation\views\widgets\view_all_trip_join_builder.dart", "Dart", 0, 169, 0, 0, 0, 0, 0, 0, 0, 0, 0, 3, 9, 181
"d:\projects\flutter\49-mobile-app\lib\features\youtube\presentation\bloc\youtube_bloc.dart", "Dart", 0, 10, 0, 0, 0, 0, 0, 0, 0, 0, 0, 1, 3, 14
"d:\projects\flutter\49-mobile-app\lib\features\youtube\presentation\bloc\youtube_event.dart", "Dart", 0, 6, 0, 0, 0, 0, 0, 0, 0, 0, 0, 0, 3, 9
"d:\projects\flutter\49-mobile-app\lib\features\youtube\presentation\bloc\youtube_state.dart", "Dart", 0, 7, 0, 0, 0, 0, 0, 0, 0, 0, 0, 0, 4, 11
"d:\projects\flutter\49-mobile-app\lib\features\youtube\presentation\pages\play_video.dart", "Dart", 0, 142, 0, 0, 0, 0, 0, 0, 0, 0, 0, 2, 8, 152
"d:\projects\flutter\49-mobile-app\lib\features\youtube\presentation\pages\youtube.dart", "Dart", 0, 68, 0, 0, 0, 0, 0, 0, 0, 0, 0, 0, 8, 76
"d:\projects\flutter\49-mobile-app\lib\features\youtube\presentation\widgets\youtube_video_card.dart", "Dart", 0, 106, 0, 0, 0, 0, 0, 0, 0, 0, 0, 0, 6, 112
"d:\projects\flutter\49-mobile-app\lib\features\zoom\data\data_source\meeting_data_source.dart", "Dart", 0, 69, 0, 0, 0, 0, 0, 0, 0, 0, 0, 15, 14, 98
"d:\projects\flutter\49-mobile-app\lib\features\zoom\data\model\room_response_error_model.dart", "Dart", 0, 11, 0, 0, 0, 0, 0, 0, 0, 0, 0, 0, 2, 13
"d:\projects\flutter\49-mobile-app\lib\features\zoom\data\model\schedule_meeting_model.dart", "Dart", 0, 17, 0, 0, 0, 0, 0, 0, 0, 0, 0, 1, 2, 20
"d:\projects\flutter\49-mobile-app\lib\features\zoom\data\repository\meeting_repository_impl.dart", "Dart", 0, 27, 0, 0, 0, 0, 0, 0, 0, 0, 0, 0, 9, 36
"d:\projects\flutter\49-mobile-app\lib\features\zoom\domain\entities\room_response.dart", "Dart", 0, 11, 0, 0, 0, 0, 0, 0, 0, 0, 0, 0, 3, 14
"d:\projects\flutter\49-mobile-app\lib\features\zoom\domain\entities\scheduled_meeting.dart", "Dart", 0, 19, 0, 0, 0, 0, 0, 0, 0, 0, 0, 1, 4, 24
"d:\projects\flutter\49-mobile-app\lib\features\zoom\domain\repositories\meeting_repository.dart", "Dart", 0, 11, 0, 0, 0, 0, 0, 0, 0, 0, 0, 0, 3, 14
"d:\projects\flutter\49-mobile-app\lib\features\zoom\domain\usecases\add_room_use_case.dart", "Dart", 0, 41, 0, 0, 0, 0, 0, 0, 0, 0, 0, 2, 10, 53
"d:\projects\flutter\49-mobile-app\lib\features\zoom\domain\usecases\end_room_use_case.dart", "Dart", 0, 13, 0, 0, 0, 0, 0, 0, 0, 0, 0, 0, 4, 17
"d:\projects\flutter\49-mobile-app\lib\features\zoom\domain\usecases\get_scheuled_rooms_use_case.dart", "Dart", 0, 15, 0, 0, 0, 0, 0, 0, 0, 0, 0, 0, 3, 18
"d:\projects\flutter\49-mobile-app\lib\features\zoom\domain\usecases\join_room_use_case.dart", "Dart", 0, 13, 0, 0, 0, 0, 0, 0, 0, 0, 0, 0, 4, 17
"d:\projects\flutter\49-mobile-app\lib\features\zoom\presentation\controller\signal_service.dart", "Dart", 0, 20, 0, 0, 0, 0, 0, 0, 0, 0, 0, 5, 7, 32
"d:\projects\flutter\49-mobile-app\lib\features\zoom\presentation\controller\stream_cubit.dart", "Dart", 0, 174, 0, 0, 0, 0, 0, 0, 0, 0, 0, 12, 19, 205
"d:\projects\flutter\49-mobile-app\lib\features\zoom\presentation\controller\stream_state.dart", "Dart", 0, 91, 0, 0, 0, 0, 0, 0, 0, 0, 0, 1, 13, 105
"d:\projects\flutter\49-mobile-app\lib\features\zoom\presentation\pages\meeting_room.dart", "Dart", 0, 83, 0, 0, 0, 0, 0, 0, 0, 0, 0, 9, 11, 103
"d:\projects\flutter\49-mobile-app\lib\features\zoom\presentation\pages\meeting_view.dart", "Dart", 0, 351, 0, 0, 0, 0, 0, 0, 0, 0, 0, 14, 15, 380
"d:\projects\flutter\49-mobile-app\lib\features\zoom\presentation\widgets\custom_avatar_builder.dart", "Dart", 0, 38, 0, 0, 0, 0, 0, 0, 0, 0, 0, 1, 3, 42
"d:\projects\flutter\49-mobile-app\lib\features\zoom\presentation\widgets\join_meeting_screen.dart", "Dart", 0, 211, 0, 0, 0, 0, 0, 0, 0, 0, 0, 20, 16, 247
"d:\projects\flutter\49-mobile-app\lib\features\zoom\presentation\widgets\meeting_participants.dart", "Dart", 0, 52, 0, 0, 0, 0, 0, 0, 0, 0, 0, 0, 4, 56
"d:\projects\flutter\49-mobile-app\lib\features\zoom\presentation\widgets\schedule_meeting_screen.dart", "Dart", 0, 284, 0, 0, 0, 0, 0, 0, 0, 0, 0, 9, 15, 308
"d:\projects\flutter\49-mobile-app\lib\firebase_options.dart", "Dart", 0, 57, 0, 0, 0, 0, 0, 0, 0, 0, 0, 12, 4, 73
"d:\projects\flutter\49-mobile-app\lib\helpers\BitmapDescriptor.dart", "Dart", 0, 57, 0, 0, 0, 0, 0, 0, 0, 0, 0, 10, 17, 84
"d:\projects\flutter\49-mobile-app\lib\helpers\social_login_helpers.dart", "Dart", 0, 0, 0, 0, 0, 0, 0, 0, 0, 0, 0, 18, 4, 22
"d:\projects\flutter\49-mobile-app\lib\helpers\subscription_method.dart", "Dart", 0, 19, 0, 0, 0, 0, 0, 0, 0, 0, 0, 0, 2, 21
"d:\projects\flutter\49-mobile-app\lib\main.dart", "Dart", 0, 187, 0, 0, 0, 0, 0, 0, 0, 0, 0, 16, 13, 216
"d:\projects\flutter\49-mobile-app\lib\res\assets\assets.dart", "Dart", 0, 113, 0, 0, 0, 0, 0, 0, 0, 0, 0, 7, 9, 129
"d:\projects\flutter\49-mobile-app\lib\res\assets\jsons.dart", "Dart", 0, 49, 0, 0, 0, 0, 0, 0, 0, 0, 0, 4, 1, 54
"d:\projects\flutter\49-mobile-app\lib\res\strings\labels.dart", "Dart", 0, 182, 0, 0, 0, 0, 0, 0, 0, 0, 0, 1, 3, 186
"d:\projects\flutter\49-mobile-app\lib\res\style\app_colors.dart", "Dart", 0, 80, 0, 0, 0, 0, 0, 0, 0, 0, 0, 2, 14, 96
"d:\projects\flutter\49-mobile-app\lib\res\style\const.dart", "Dart", 0, 38, 0, 0, 0, 0, 0, 0, 0, 0, 0, 3, 7, 48
"d:\projects\flutter\49-mobile-app\lib\res\style\styles.dart", "Dart", 0, 54, 0, 0, 0, 0, 0, 0, 0, 0, 0, 2, 4, 60
"d:\projects\flutter\49-mobile-app\lib\routes\pages.dart", "Dart", 0, 1706, 0, 0, 0, 0, 0, 0, 0, 0, 0, 63, 18, 1787
"d:\projects\flutter\49-mobile-app\lib\routes\routes.dart", "Dart", 0, 283, 0, 0, 0, 0, 0, 0, 0, 0, 0, 2, 30, 315
"d:\projects\flutter\49-mobile-app\lib\secrets\controller\secrets_cubit.dart", "Dart", 0, 20, 0, 0, 0, 0, 0, 0, 0, 0, 0, 0, 3, 23
"d:\projects\flutter\49-mobile-app\lib\secrets\controller\secrets_state.dart", "Dart", 0, 38, 0, 0, 0, 0, 0, 0, 0, 0, 0, 1, 10, 49
"d:\projects\flutter\49-mobile-app\lib\secrets\data\data_source\secrets_data_source.dart", "Dart", 0, 22, 0, 0, 0, 0, 0, 0, 0, 0, 0, 0, 6, 28
"d:\projects\flutter\49-mobile-app\lib\secrets\data\models\secrets_model.dart", "Dart", 0, 11, 0, 0, 0, 0, 0, 0, 0, 0, 0, 0, 3, 14
"d:\projects\flutter\49-mobile-app\lib\secrets\data\repositories\secrets_repository_impl.dart", "Dart", 0, 14, 0, 0, 0, 0, 0, 0, 0, 0, 0, 0, 5, 19
"d:\projects\flutter\49-mobile-app\lib\secrets\domain\entities\secrets.dart", "Dart", 0, 11, 0, 0, 0, 0, 0, 0, 0, 0, 0, 0, 4, 15
"d:\projects\flutter\49-mobile-app\lib\secrets\domain\repositories\secrets_repository_contract.dart", "Dart", 0, 7, 0, 0, 0, 0, 0, 0, 0, 0, 0, 0, 3, 10
"d:\projects\flutter\49-mobile-app\lib\secrets\domain\use_cases\get_all_secrets_use_case.dart", "Dart", 0, 14, 0, 0, 0, 0, 0, 0, 0, 0, 0, 0, 5, 19
"d:\projects\flutter\49-mobile-app\lib\service_locator\account_service_locator.dart", "Dart", 0, 128, 0, 0, 0, 0, 0, 0, 0, 0, 0, 1, 10, 139
"d:\projects\flutter\49-mobile-app\lib\service_locator\auction_service_locator.dart", "Dart", 0, 71, 0, 0, 0, 0, 0, 0, 0, 0, 0, 1, 6, 78
"d:\projects\flutter\49-mobile-app\lib\service_locator\auth_service_locator.dart", "Dart", 0, 150, 0, 0, 0, 0, 0, 0, 0, 0, 0, 7, 6, 163
"d:\projects\flutter\49-mobile-app\lib\service_locator\balance_service_locator.dart", "Dart", 0, 55, 0, 0, 0, 0, 0, 0, 0, 0, 0, 0, 6, 61
"d:\projects\flutter\49-mobile-app\lib\service_locator\carpool_service_locator.dart", "Dart", 0, 19, 0, 0, 0, 0, 0, 0, 0, 0, 0, 1, 4, 24
"d:\projects\flutter\49-mobile-app\lib\service_locator\chance_service_locator.dart", "Dart", 0, 47, 0, 0, 0, 0, 0, 0, 0, 0, 0, 0, 6, 53
"d:\projects\flutter\49-mobile-app\lib\service_locator\club_voice_service_locator.dart", "Dart", 0, 42, 0, 0, 0, 0, 0, 0, 0, 0, 0, 3, 4, 49
"d:\projects\flutter\49-mobile-app\lib\service_locator\company_add_service_locator.dart", "Dart", 0, 48, 0, 0, 0, 0, 0, 0, 0, 0, 0, 0, 6, 54
"d:\projects\flutter\49-mobile-app\lib\service_locator\custom_page_service_locator.dart", "Dart", 0, 93, 0, 0, 0, 0, 0, 0, 0, 0, 0, 1, 13, 107
"d:\projects\flutter\49-mobile-app\lib\service_locator\face_book_service_locator.dart", "Dart", 0, 246, 0, 0, 0, 0, 0, 0, 0, 0, 0, 0, 35, 281
"d:\projects\flutter\49-mobile-app\lib\service_locator\food_service_locator.dart", "Dart", 0, 188, 0, 0, 0, 0, 0, 0, 0, 0, 0, 1, 7, 196
"d:\projects\flutter\49-mobile-app\lib\service_locator\fourty_nine_service_locator.dart", "Dart", 0, 470, 0, 0, 0, 0, 0, 0, 0, 0, 0, 15, 13, 498
"d:\projects\flutter\49-mobile-app\lib\service_locator\health_service_locator.dart", "Dart", 0, 280, 0, 0, 0, 0, 0, 0, 0, 0, 0, 9, 19, 308
"d:\projects\flutter\49-mobile-app\lib\service_locator\instagram_service_locator.dart", "Dart", 0, 62, 0, 0, 0, 0, 0, 0, 0, 0, 0, 0, 7, 69
"d:\projects\flutter\49-mobile-app\lib\service_locator\installment_service_locator.dart", "Dart", 0, 61, 0, 0, 0, 0, 0, 0, 0, 0, 0, 0, 6, 67
"d:\projects\flutter\49-mobile-app\lib\service_locator\join_trip_carpool_service_locator.dart", "Dart", 0, 62, 0, 0, 0, 0, 0, 0, 0, 0, 0, 6, 11, 79
"d:\projects\flutter\49-mobile-app\lib\service_locator\live_service_locator.dart", "Dart", 0, 40, 0, 0, 0, 0, 0, 0, 0, 0, 0, 3, 5, 48
"d:\projects\flutter\49-mobile-app\lib\service_locator\meeting_service_locator.dart", "Dart", 0, 42, 0, 0, 0, 0, 0, 0, 0, 0, 0, 3, 4, 49
"d:\projects\flutter\49-mobile-app\lib\service_locator\notification_service_locator.dart", "Dart", 0, 66, 0, 0, 0, 0, 0, 0, 0, 0, 0, 0, 3, 69
"d:\projects\flutter\49-mobile-app\lib\service_locator\payment_service_locator.dart", "Dart", 0, 95, 0, 0, 0, 0, 0, 0, 0, 0, 0, 4, 12, 111
"d:\projects\flutter\49-mobile-app\lib\service_locator\privacy_service_locator.dart", "Dart", 0, 29, 0, 0, 0, 0, 0, 0, 0, 0, 0, 0, 6, 35
"d:\projects\flutter\49-mobile-app\lib\service_locator\quran_service_locator.dart", "Dart", 0, 29, 0, 0, 0, 0, 0, 0, 0, 0, 0, 0, 5, 34
"d:\projects\flutter\49-mobile-app\lib\service_locator\reels_service_locator.dart", "Dart", 0, 104, 0, 0, 0, 0, 0, 0, 0, 0, 0, 4, 14, 122
"d:\projects\flutter\49-mobile-app\lib\service_locator\ride_service_locator.dart", "Dart", 0, 165, 0, 0, 0, 0, 0, 0, 0, 0, 0, 15, 8, 188
"d:\projects\flutter\49-mobile-app\lib\service_locator\search_service_locator.dart", "Dart", 0, 32, 0, 0, 0, 0, 0, 0, 0, 0, 0, 0, 5, 37
"d:\projects\flutter\49-mobile-app\lib\service_locator\secrets_service_locator.dart", "Dart", 0, 18, 0, 0, 0, 0, 0, 0, 0, 0, 0, 0, 3, 21
"d:\projects\flutter\49-mobile-app\lib\service_locator\service_locator.dart", "Dart", 0, 200, 0, 0, 0, 0, 0, 0, 0, 0, 0, 46, 17, 263
"d:\projects\flutter\49-mobile-app\lib\service_locator\setting_service_locator.dart", "Dart", 0, 35, 0, 0, 0, 0, 0, 0, 0, 0, 0, 0, 8, 43
"d:\projects\flutter\49-mobile-app\lib\service_locator\shipping_service_locatior.dart", "Dart", 0, 96, 0, 0, 0, 0, 0, 0, 0, 0, 0, 3, 5, 104
"d:\projects\flutter\49-mobile-app\lib\service_locator\social_service_locator.dart", "Dart", 0, 159, 0, 0, 0, 0, 0, 0, 0, 0, 0, 4, 14, 177
"d:\projects\flutter\49-mobile-app\lib\service_locator\star_service_locator.dart", "Dart", 0, 43, 0, 0, 0, 0, 0, 0, 0, 0, 0, 0, 5, 48
"d:\projects\flutter\49-mobile-app\lib\service_locator\stories_service_locator.dart", "Dart", 0, 83, 0, 0, 0, 0, 0, 0, 0, 0, 0, 3, 11, 97
"d:\projects\flutter\49-mobile-app\lib\service_locator\subcategories_service_locator.dart", "Dart", 0, 18, 0, 0, 0, 0, 0, 0, 0, 0, 0, 4, 2, 24
"d:\projects\flutter\49-mobile-app\lib\service_locator\subscribe_service_locator.dart", "Dart", 0, 44, 0, 0, 0, 0, 0, 0, 0, 0, 0, 4, 3, 51
"d:\projects\flutter\49-mobile-app\lib\service_locator\theme_service_locator.dart", "Dart", 0, 7, 0, 0, 0, 0, 0, 0, 0, 0, 0, 0, 3, 10
"d:\projects\flutter\49-mobile-app\lib\service_locator\tinder_service_locator.dart", "Dart", 0, 0, 0, 0, 0, 0, 0, 0, 0, 0, 0, 28, 1, 29
"d:\projects\flutter\49-mobile-app\lib\service_locator\transfer_money_service_locator.dart", "Dart", 0, 30, 0, 0, 0, 0, 0, 0, 0, 0, 0, 0, 5, 35
"d:\projects\flutter\49-mobile-app\lib\service_locator\trip_join_service_locator.dart", "Dart", 0, 133, 0, 0, 0, 0, 0, 0, 0, 0, 0, 6, 13, 152
"d:\projects\flutter\49-mobile-app\lib\service_locator\twitter_service_locator.dart", "Dart", 0, 124, 0, 0, 0, 0, 0, 0, 0, 0, 0, 0, 22, 146
"d:\projects\flutter\49-mobile-app\lib\service_locator\wheel_service_locator.dart", "Dart", 0, 54, 0, 0, 0, 0, 0, 0, 0, 0, 0, 2, 7, 63
"d:\projects\flutter\49-mobile-app\test\widget_test.dart", "Dart", 0, 14, 0, 0, 0, 0, 0, 0, 0, 0, 0, 10, 6, 30
"d:\projects\flutter\49\49-mobile-app\lib\common\functions\global\button_availability.dart", "Dart", 0, -32, 0, 0, 0, 0, 0, 0, 0, 0, 0, 0, -2, -34
"d:\projects\flutter\49\49-mobile-app\lib\common\functions\global\capitalize_first_letter_of_words.dart", "Dart", 0, -11, 0, 0, 0, 0, 0, 0, 0, 0, 0, 0, -1, -12
"d:\projects\flutter\49\49-mobile-app\lib\common\functions\global\loading_custom.dart", "Dart", 0, -14, 0, 0, 0, 0, 0, 0, 0, 0, 0, 0, -2, -16
"d:\projects\flutter\49\49-mobile-app\lib\common\functions\global\upload_file.dart", "Dart", 0, -66, 0, 0, 0, 0, 0, 0, 0, 0, 0, -3, -9, -78
"d:\projects\flutter\49\49-mobile-app\lib\common\functions\helper\auth_helper.dart", "Dart", 0, -7, 0, 0, 0, 0, 0, 0, 0, 0, 0, 0, -3, -10
"d:\projects\flutter\49\49-mobile-app\lib\common\functions\helper\file_picker_helper.dart", "Dart", 0, -17, 0, 0, 0, 0, 0, 0, 0, 0, 0, 0, -4, -21
"d:\projects\flutter\49\49-mobile-app\lib\common\functions\helper\lang_helper.dart", "Dart", 0, -14, 0, 0, 0, 0, 0, 0, 0, 0, 0, -2, -5, -21
"d:\projects\flutter\49\49-mobile-app\lib\common\functions\helper\launch_url.dart", "Dart", 0, -16, 0, 0, 0, 0, 0, 0, 0, 0, 0, -1, -4, -21
"d:\projects\flutter\49\49-mobile-app\lib\common\functions\helper\local_auth.dart", "Dart", 0, 0, 0, 0, 0, 0, 0, 0, 0, 0, 0, -19, -3, -22
"d:\projects\flutter\49\49-mobile-app\lib\common\functions\helper\numbers_helper.dart", "Dart", 0, -34, 0, 0, 0, 0, 0, 0, 0, 0, 0, 0, -4, -38
"d:\projects\flutter\49\49-mobile-app\lib\common\functions\helper\randome_color.dart", "Dart", 0, -11, 0, 0, 0, 0, 0, 0, 0, 0, 0, 0, -2, -13
"d:\projects\flutter\49\49-mobile-app\lib\common\functions\helper\routing_helper.dart", "Dart", 0, -13, 0, 0, 0, 0, 0, 0, 0, 0, 0, -2, -3, -18
"d:\projects\flutter\49\49-mobile-app\lib\common\functions\helper\share_helper.dart", "Dart", 0, -9, 0, 0, 0, 0, 0, 0, 0, 0, 0, 0, -2, -11
"d:\projects\flutter\49\49-mobile-app\lib\common\functions\helper\time_of_day_helper.dart", "Dart", 0, -33, 0, 0, 0, 0, 0, 0, 0, 0, 0, 0, -6, -39
"d:\projects\flutter\49\49-mobile-app\lib\common\models\public\city_model.dart", "Dart", 0, -14, 0, 0, 0, 0, 0, 0, 0, 0, 0, 0, -1, -15
"d:\projects\flutter\49\49-mobile-app\lib\common\models\public\pagination_params.dart", "Dart", 0, -10, 0, 0, 0, 0, 0, 0, 0, 0, 0, 0, -3, -13
"d:\projects\flutter\49\49-mobile-app\lib\common\models\public\state_model.dart", "Dart", 0, -14, 0, 0, 0, 0, 0, 0, 0, 0, 0, 0, -1, -15
"d:\projects\flutter\49\49-mobile-app\lib\common\other\show_snack_bar.dart", "Dart", 0, 0, 0, 0, 0, 0, 0, 0, 0, 0, 0, -56, -1, -57
"d:\projects\flutter\49\49-mobile-app\lib\common\statuses\form_submission_status.dart", "Dart", 0, -12, 0, 0, 0, 0, 0, 0, 0, 0, 0, 0, -5, -17
"d:\projects\flutter\49\49-mobile-app\lib\common\theme\cubit\cubit.dart", "Dart", 0, -17, 0, 0, 0, 0, 0, 0, 0, 0, 0, 0, -5, -22
"d:\projects\flutter\49\49-mobile-app\lib\common\theme\cubit\states.dart", "Dart", 0, -3, 0, 0, 0, 0, 0, 0, 0, 0, 0, 0, -3, -6
"d:\projects\flutter\49\49-mobile-app\lib\common\widgets\dialogs\show_bottom_sheet.dart", "Dart", 0, -25, 0, 0, 0, 0, 0, 0, 0, 0, 0, -1, -2, -28
"d:\projects\flutter\49\49-mobile-app\lib\common\widgets\dynamic\bottom_navigator.dart", "Dart", 0, -230, 0, 0, 0, 0, 0, 0, 0, 0, 0, 0, -15, -245
"d:\projects\flutter\49\49-mobile-app\lib\common\widgets\dynamic\bottom_painter.dart", "Dart", 0, -29, 0, 0, 0, 0, 0, 0, 0, 0, 0, 0, -7, -36
"d:\projects\flutter\49\49-mobile-app\lib\common\widgets\dynamic\drawer.dart", "Dart", 0, -485, 0, 0, 0, 0, 0, 0, 0, 0, 0, -16, -21, -522
"d:\projects\flutter\49\49-mobile-app\lib\common\widgets\dynamic\floating_button.dart", "Dart", 0, -47, 0, 0, 0, 0, 0, 0, 0, 0, 0, -2, -6, -55
"d:\projects\flutter\49\49-mobile-app\lib\common\widgets\dynamic\google_ads_banner.dart", "Dart", 0, -34, 0, 0, 0, 0, 0, 0, 0, 0, 0, -5, -4, -43
"d:\projects\flutter\49\49-mobile-app\lib\common\widgets\dynamic\sizer.dart", "Dart", 0, -17, 0, 0, 0, 0, 0, 0, 0, 0, 0, 0, -4, -21
"d:\projects\flutter\49\49-mobile-app\lib\common\widgets\dynamic\wallet_widget.dart", "Dart", 0, -132, 0, 0, 0, 0, 0, 0, 0, 0, 0, -1, -6, -139
"d:\projects\flutter\49\49-mobile-app\lib\common\widgets\form\text_fields\abstract\decimal_restriction.dart", "Dart", 0, -10, 0, 0, 0, 0, 0, 0, 0, 0, 0, -2, -2, -14
"d:\projects\flutter\49\49-mobile-app\lib\common\widgets\form\text_fields\abstract\main_text_form_field.dart", "Dart", 0, -202, 0, 0, 0, 0, 0, 0, 0, 0, 0, 0, -10, -212
"d:\projects\flutter\49\49-mobile-app\lib\common\widgets\form\text_fields\confirm_password_text_field.dart", "Dart", 0, -60, 0, 0, 0, 0, 0, 0, 0, 0, 0, 0, -8, -68
"d:\projects\flutter\49\49-mobile-app\lib\common\widgets\form\text_fields\default_text_form_field.dart", "Dart", 0, -56, 0, 0, 0, 0, 0, 0, 0, 0, 0, 0, -3, -59
"d:\projects\flutter\49\49-mobile-app\lib\common\widgets\form\text_fields\email_text_form_field.dart", "Dart", 0, -27, 0, 0, 0, 0, 0, 0, 0, 0, 0, 0, -3, -30
"d:\projects\flutter\49\49-mobile-app\lib\common\widgets\form\text_fields\first_name_text_form_field.dart", "Dart", 0, -25, 0, 0, 0, 0, 0, 0, 0, 0, 0, 0, -3, -28
"d:\projects\flutter\49\49-mobile-app\lib\common\widgets\form\text_fields\form_text_field.dart", "Dart", 0, -186, 0, 0, 0, 0, 0, 0, 0, 0, 0, 0, -7, -193
"d:\projects\flutter\49\49-mobile-app\lib\common\widgets\form\text_fields\last_name_text_form_field.dart", "Dart", 0, -23, 0, 0, 0, 0, 0, 0, 0, 0, 0, 0, -3, -26
"d:\projects\flutter\49\49-mobile-app\lib\common\widgets\form\text_fields\new_text_form_filed.dart", "Dart", 0, 0, 0, 0, 0, 0, 0, 0, 0, 0, 0, -11, -4, -15
"d:\projects\flutter\49\49-mobile-app\lib\common\widgets\form\text_fields\password_text_form_field.dart", "Dart", 0, -49, 0, 0, 0, 0, 0, 0, 0, 0, 0, 0, -8, -57
"d:\projects\flutter\49\49-mobile-app\lib\common\widgets\form\text_fields\phone_number_text_field.dart", "Dart", 0, -131, 0, 0, 0, 0, 0, 0, 0, 0, 0, -3, -9, -143
"d:\projects\flutter\49\49-mobile-app\lib\common\widgets\form\text_fields\search_text_form_field.dart", "Dart", 0, -30, 0, 0, 0, 0, 0, 0, 0, 0, 0, 0, -3, -33
"d:\projects\flutter\49\49-mobile-app\lib\common\widgets\stateful\banners\back_appbar.dart", "Dart", 0, -31, 0, 0, 0, 0, 0, 0, 0, 0, 0, 0, -6, -37
"d:\projects\flutter\49\49-mobile-app\lib\common\widgets\stateful\banners\main_category_banner.dart", "Dart", 0, -129, 0, 0, 0, 0, 0, 0, 0, 0, 0, -2, -8, -139
"d:\projects\flutter\49\49-mobile-app\lib\common\widgets\stateful\dynamic\collabsable_info_widget.dart", "Dart", 0, -47, 0, 0, 0, 0, 0, 0, 0, 0, 0, 0, -4, -51
"d:\projects\flutter\49\49-mobile-app\lib\common\widgets\stateful\dynamic\list_view_pagination.dart", "Dart", 0, -57, 0, 0, 0, 0, 0, 0, 0, 0, 0, 0, -8, -65
"d:\projects\flutter\49\49-mobile-app\lib\common\widgets\stateful\dynamic\webview.dart", "Dart", 0, -39, 0, 0, 0, 0, 0, 0, 0, 0, 0, 0, -6, -45
"d:\projects\flutter\49\49-mobile-app\lib\common\widgets\stateful\maps\map_picker.dart", "Dart", 0, -228, 0, 0, 0, 0, 0, 0, 0, 0, 0, -3, -19, -250
"d:\projects\flutter\49\49-mobile-app\lib\common\widgets\stateful\maps\static_map.dart", "Dart", 0, -35, 0, 0, 0, 0, 0, 0, 0, 0, 0, -1, -4, -40
"d:\projects\flutter\49\49-mobile-app\lib\common\widgets\stateful\picker\date_picker.dart", "Dart", 0, -72, 0, 0, 0, 0, 0, 0, 0, 0, 0, 0, -6, -78
"d:\projects\flutter\49\49-mobile-app\lib\common\widgets\stateful\picker\image_picker.dart", "Dart", 0, -67, 0, 0, 0, 0, 0, 0, 0, 0, 0, 0, -9, -76
"d:\projects\flutter\49\49-mobile-app\lib\common\widgets\stateful\videos\video_player.dart", "Dart", 0, -220, 0, 0, 0, 0, 0, 0, 0, 0, 0, -8, -25, -253
"d:\projects\flutter\49\49-mobile-app\lib\common\widgets\stateless\appbar\home_appbar.dart", "Dart", 0, -146, 0, 0, 0, 0, 0, 0, 0, 0, 0, -8, -8, -162
"d:\projects\flutter\49\49-mobile-app\lib\common\widgets\stateless\appbar\nested_appbar.dart", "Dart", 0, -18, 0, 0, 0, 0, 0, 0, 0, 0, 0, 0, -4, -22
"d:\projects\flutter\49\49-mobile-app\lib\common\widgets\stateless\buttons\app_button.dart", "Dart", 0, -68, 0, 0, 0, 0, 0, 0, 0, 0, 0, 0, -5, -73
"d:\projects\flutter\49\49-mobile-app\lib\common\widgets\stateless\buttons\default_button.dart", "Dart", 0, -170, 0, 0, 0, 0, 0, 0, 0, 0, 0, 0, -13, -183
"d:\projects\flutter\49\49-mobile-app\lib\common\widgets\stateless\buttons\elevated_button.dart", "Dart", 0, -45, 0, 0, 0, 0, 0, 0, 0, 0, 0, 0, -5, -50
"d:\projects\flutter\49\49-mobile-app\lib\common\widgets\stateless\buttons\iconAppButton.dart", "Dart", 0, -57, 0, 0, 0, 0, 0, 0, 0, 0, 0, 0, -5, -62
"d:\projects\flutter\49\49-mobile-app\lib\common\widgets\stateless\buttons\progress_button.dart", "Dart", 0, -99, 0, 0, 0, 0, 0, 0, 0, 0, 0, 0, -10, -109
"d:\projects\flutter\49\49-mobile-app\lib\common\widgets\stateless\buttons\text_button.dart", "Dart", 0, -43, 0, 0, 0, 0, 0, 0, 0, 0, 0, 0, -5, -48
"d:\projects\flutter\49\49-mobile-app\lib\common\widgets\stateless\charts\bar_chart.dart", "Dart", 0, -76, 0, 0, 0, 0, 0, 0, 0, 0, 0, -2, -15, -93
"d:\projects\flutter\49\49-mobile-app\lib\common\widgets\stateless\custom_sheet\custom_vertical_sheet_item.dart", "Dart", 0, -57, 0, 0, 0, 0, 0, 0, 0, 0, 0, 0, -4, -61
"d:\projects\flutter\49\49-mobile-app\lib\common\widgets\stateless\custom_sheet\sheet_vertical_item.dart", "Dart", 0, -13, 0, 0, 0, 0, 0, 0, 0, 0, 0, 0, -3, -16
"d:\projects\flutter\49\49-mobile-app\lib\common\widgets\stateless\dynamic\CarouselSlider.dart", "Dart", 0, -61, 0, 0, 0, 0, 0, 0, 0, 0, 0, 0, -9, -70
"d:\projects\flutter\49\49-mobile-app\lib\common\widgets\stateless\dynamic\are_you_sure.dart", "Dart", 0, -66, 0, 0, 0, 0, 0, 0, 0, 0, 0, 0, -5, -71
"d:\projects\flutter\49\49-mobile-app\lib\common\widgets\stateless\dynamic\carousel_slider.dart", "Dart", 0, -61, 0, 0, 0, 0, 0, 0, 0, 0, 0, 0, -9, -70
"d:\projects\flutter\49\49-mobile-app\lib\common\widgets\stateless\dynamic\rating_stars.dart", "Dart", 0, -32, 0, 0, 0, 0, 0, 0, 0, 0, 0, 0, -5, -37
"d:\projects\flutter\49\49-mobile-app\lib\common\widgets\stateless\dynamic\ratio_widget.dart", "Dart", 0, -35, 0, 0, 0, 0, 0, 0, 0, 0, 0, 0, -5, -40
"d:\projects\flutter\49\49-mobile-app\lib\common\widgets\stateless\dynamic\review_card.dart", "Dart", 0, -46, 0, 0, 0, 0, 0, 0, 0, 0, 0, 0, -4, -50
"d:\projects\flutter\49\49-mobile-app\lib\common\widgets\stateless\dynamic\shared_bottom_navigator.dart", "Dart", 0, -33, 0, 0, 0, 0, 0, 0, 0, 0, 0, 0, -4, -37
"d:\projects\flutter\49\49-mobile-app\lib\common\widgets\stateless\dynamic\shared_scaffold.dart", "Dart", 0, -29, 0, 0, 0, 0, 0, 0, 0, 0, 0, 0, -4, -33
"d:\projects\flutter\49\49-mobile-app\lib\common\widgets\stateless\images\image_picker_placeholder.dart", "Dart", 0, -55, 0, 0, 0, 0, 0, 0, 0, 0, 0, 0, -6, -61
"d:\projects\flutter\49\49-mobile-app\lib\common\widgets\stateless\images\image_uploader_widget.dart", "Dart", 0, -53, 0, 0, 0, 0, 0, 0, 0, 0, 0, 0, -6, -59
"d:\projects\flutter\49\49-mobile-app\lib\common\widgets\stateless\images\profile_image.dart", "Dart", 0, -41, 0, 0, 0, 0, 0, 0, 0, 0, 0, 0, -5, -46
"d:\projects\flutter\49\49-mobile-app\lib\common\widgets\stateless\images\social_image_viewer.dart", "Dart", 0, -61, 0, 0, 0, 0, 0, 0, 0, 0, 0, -7, -4, -72
"d:\projects\flutter\49\49-mobile-app\lib\common\widgets\stateless\images\square_image.dart", "Dart", 0, -41, 0, 0, 0, 0, 0, 0, 0, 0, 0, 0, -4, -45
"d:\projects\flutter\49\49-mobile-app\lib\common\widgets\stateless\labels\badged_label.dart", "Dart", 0, -60, 0, 0, 0, 0, 0, 0, 0, 0, 0, 0, -6, -66
"d:\projects\flutter\49\49-mobile-app\lib\common\widgets\stateless\labels\info_text.dart", "Dart", 0, -27, 0, 0, 0, 0, 0, 0, 0, 0, 0, 0, -3, -30
"d:\projects\flutter\49\49-mobile-app\lib\common\widgets\stateless\labels\label.dart", "Dart", 0, -26, 0, 0, 0, 0, 0, 0, 0, 0, 0, 0, -4, -30
"d:\projects\flutter\49\49-mobile-app\lib\common\widgets\stateless\labels\read_more_label.dart", "Dart", 0, -66, 0, 0, 0, 0, 0, 0, 0, 0, 0, -1, -9, -76
"d:\projects\flutter\49\49-mobile-app\lib\common\widgets\stateless\pages\empty.dart", "Dart", 0, -27, 0, 0, 0, 0, 0, 0, 0, 0, 0, 0, -4, -31
"d:\projects\flutter\49\49-mobile-app\lib\core\abstract\base_cubit.dart", "Dart", 0, -9, 0, 0, 0, 0, 0, 0, 0, 0, 0, 0, -2, -11
"d:\projects\flutter\49\49-mobile-app\lib\core\abstract\use_case.dart", "Dart", 0, -15, 0, 0, 0, 0, 0, 0, 0, 0, 0, 0, -7, -22
"d:\projects\flutter\49\49-mobile-app\lib\core\animations\moving_widget_hr.dart", "Dart", 0, -72, 0, 0, 0, 0, 0, 0, 0, 0, 0, -2, -11, -85
"d:\projects\flutter\49\49-mobile-app\lib\core\api\api_client_helper.dart", "Dart", 0, -26, 0, 0, 0, 0, 0, 0, 0, 0, 0, 0, -1, -27
"d:\projects\flutter\49\49-mobile-app\lib\core\api\api_client_helper_imp.dart", "Dart", 0, -96, 0, 0, 0, 0, 0, 0, 0, 0, 0, -1, -6, -103
"d:\projects\flutter\49\49-mobile-app\lib\core\api\api_consumer.dart", "Dart", 0, -238, 0, 0, 0, 0, 0, 0, 0, 0, 0, -33, -22, -293
"d:\projects\flutter\49\49-mobile-app\lib\core\api\end_points.dart", "Dart", 0, -383, 0, 0, 0, 0, 0, 0, 0, 0, 0, -18, -88, -489
"d:\projects\flutter\49\49-mobile-app\lib\core\api\interceptors\auth_interceptor.dart", "Dart", 0, -14, 0, 0, 0, 0, 0, 0, 0, 0, 0, 0, -2, -16
"d:\projects\flutter\49\49-mobile-app\lib\core\api\interceptors\language_interceptor.dart", "Dart", 0, -8, 0, 0, 0, 0, 0, 0, 0, 0, 0, -3, -4, -15
"d:\projects\flutter\49\49-mobile-app\lib\core\api\interceptors\subscription_interceptor.dart", "Dart", 0, -26, 0, 0, 0, 0, 0, 0, 0, 0, 0, -9, -3, -38
"d:\projects\flutter\49\49-mobile-app\lib\core\data\datasources\device_type_data_source.dart", "Dart", 0, -11, 0, 0, 0, 0, 0, 0, 0, 0, 0, 0, -3, -14
"d:\projects\flutter\49\49-mobile-app\lib\core\data\datasources\json_parser.dart", "Dart", 0, -80, 0, 0, 0, 0, 0, 0, 0, 0, 0, -5, -9, -94
"d:\projects\flutter\49\49-mobile-app\lib\core\data\datasources\notification_data_source.dart", "Dart", 0, -17, 0, 0, 0, 0, 0, 0, 0, 0, 0, 0, -7, -24
"d:\projects\flutter\49\49-mobile-app\lib\core\data\models\about_you_model.dart", "Dart", 0, -121, 0, 0, 0, 0, 0, 0, 0, 0, 0, 0, -11, -132
"d:\projects\flutter\49\49-mobile-app\lib\core\data\models\about_you_response_model.dart", "Dart", 0, -162, 0, 0, 0, 0, 0, 0, 0, 0, 0, 0, -31, -193
"d:\projects\flutter\49\49-mobile-app\lib\core\data\models\add_to_cart_model.dart", "Dart", 0, -73, 0, 0, 0, 0, 0, 0, 0, 0, 0, 0, -11, -84
"d:\projects\flutter\49\49-mobile-app\lib\core\data\models\brand_model.dart", "Dart", 0, -51, 0, 0, 0, 0, 0, 0, 0, 0, 0, 0, -11, -62
"d:\projects\flutter\49\49-mobile-app\lib\core\data\models\category_model.dart", "Dart", 0, -51, 0, 0, 0, 0, 0, 0, 0, 0, 0, 0, -11, -62
"d:\projects\flutter\49\49-mobile-app\lib\core\data\models\contact_us_message_model.dart", "Dart", 0, -81, 0, 0, 0, 0, 0, 0, 0, 0, 0, 0, -11, -92
"d:\projects\flutter\49\49-mobile-app\lib\core\data\models\home_model.dart", "Dart", 0, -65, 0, 0, 0, 0, 0, 0, 0, 0, 0, 0, -13, -78
"d:\projects\flutter\49\49-mobile-app\lib\core\data\models\id_name_model.dart", "Dart", 0, -60, 0, 0, 0, 0, 0, 0, 0, 0, 0, 0, -12, -72
"d:\projects\flutter\49\49-mobile-app\lib\core\data\models\id_name_model_snack_case.dart", "Dart", 0, -65, 0, 0, 0, 0, 0, 0, 0, 0, 0, 0, -11, -76
"d:\projects\flutter\49\49-mobile-app\lib\core\data\models\intro_banner_model.dart", "Dart", 0, -62, 0, 0, 0, 0, 0, 0, 0, 0, 0, 0, -11, -73
"d:\projects\flutter\49\49-mobile-app\lib\core\data\models\key_value_model.dart", "Dart", 0, -42, 0, 0, 0, 0, 0, 0, 0, 0, 0, 0, -12, -54
"d:\projects\flutter\49\49-mobile-app\lib\core\data\models\meeting_error_message_model.dart", "Dart", 0, -23, 0, 0, 0, 0, 0, 0, 0, 0, 0, 0, -5, -28
"d:\projects\flutter\49\49-mobile-app\lib\core\data\models\notification_model.dart", "Dart", 0, -203, 0, 0, 0, 0, 0, 0, 0, 0, 0, 0, -22, -225
"d:\projects\flutter\49\49-mobile-app\lib\core\data\models\payment_summary.dart", "Dart", 0, -270, 0, 0, 0, 0, 0, 0, 0, 0, 0, 0, -32, -302
"d:\projects\flutter\49\49-mobile-app\lib\core\data\models\product_details_model.dart", "Dart", 0, -350, 0, 0, 0, 0, 0, 0, 0, 0, 0, 0, -42, -392
"d:\projects\flutter\49\49-mobile-app\lib\core\data\models\product_model.dart", "Dart", 0, -81, 0, 0, 0, 0, 0, 0, 0, 0, 0, 0, -11, -92
"d:\projects\flutter\49\49-mobile-app\lib\core\data\models\product_service_model.dart", "Dart", 0, -219, 0, 0, 0, 0, 0, 0, 0, 0, 0, 0, -34, -253
"d:\projects\flutter\49\49-mobile-app\lib\core\data\models\shipping_methods_mode.dart", "Dart", 0, -304, 0, 0, 0, 0, 0, 0, 0, 0, 0, 0, -42, -346
"d:\projects\flutter\49\49-mobile-app\lib\core\data\models\times_options_model.dart", "Dart", 0, -52, 0, 0, 0, 0, 0, 0, 0, 0, 0, 0, -11, -63
"d:\projects\flutter\49\49-mobile-app\lib\core\data\models\topic_model.dart", "Dart", 0, -64, 0, 0, 0, 0, 0, 0, 0, 0, 0, 0, -11, -75
"d:\projects\flutter\49\49-mobile-app\lib\core\domain\repositories\click_counter_repository.dart", "Dart", 0, -3, 0, 0, 0, 0, 0, 0, 0, 0, 0, 0, -1, -4
"d:\projects\flutter\49\49-mobile-app\lib\core\enums\address_type_enum.dart", "Dart", 0, -1, 0, 0, 0, 0, 0, 0, 0, 0, 0, 0, -1, -2
"d:\projects\flutter\49\49-mobile-app\lib\core\enums\base_status_enum.dart", "Dart", 0, -7, 0, 0, 0, 0, 0, 0, 0, 0, 0, 0, -1, -8
"d:\projects\flutter\49\49-mobile-app\lib\core\enums\club_house_layout_mode_enum.dart", "Dart", 0, -23, 0, 0, 0, 0, 0, 0, 0, 0, 0, 0, -3, -26
"d:\projects\flutter\49\49-mobile-app\lib\core\enums\file_size.dart", "Dart", 0, -7, 0, 0, 0, 0, 0, 0, 0, 0, 0, 0, -1, -8
"d:\projects\flutter\49\49-mobile-app\lib\core\enums\gender_type.dart", "Dart", 0, -17, 0, 0, 0, 0, 0, 0, 0, 0, 0, 0, -3, -20
"d:\projects\flutter\49\49-mobile-app\lib\core\enums\index_name.dart", "Dart", 0, -7, 0, 0, 0, 0, 0, 0, 0, 0, 0, 0, -3, -10
"d:\projects\flutter\49\49-mobile-app\lib\core\enums\main_services_enum.dart", "Dart", 0, -33, 0, 0, 0, 0, 0, 0, 0, 0, 0, -1, -5, -39
"d:\projects\flutter\49\49-mobile-app\lib\core\enums\order_reservation_status.dart", "Dart", 0, -7, 0, 0, 0, 0, 0, 0, 0, 0, 0, 0, -2, -9
"d:\projects\flutter\49\49-mobile-app\lib\core\enums\order_status.dart", "Dart", 0, -13, 0, 0, 0, 0, 0, 0, 0, 0, 0, 0, -2, -15
"d:\projects\flutter\49\49-mobile-app\lib\core\enums\otp_for.dart", "Dart", 0, -1, 0, 0, 0, 0, 0, 0, 0, 0, 0, 0, -1, -2
"d:\projects\flutter\49\49-mobile-app\lib\core\enums\otp_status.dart", "Dart", 0, -7, 0, 0, 0, 0, 0, 0, 0, 0, 0, 0, -1, -8
"d:\projects\flutter\49\49-mobile-app\lib\core\enums\post_type_enum.dart", "Dart", 0, -1, 0, 0, 0, 0, 0, 0, 0, 0, 0, 0, -1, -2
"d:\projects\flutter\49\49-mobile-app\lib\core\enums\provider_enum.dart", "Dart", 0, -8, 0, 0, 0, 0, 0, 0, 0, 0, 0, 0, -4, -12
"d:\projects\flutter\49\49-mobile-app\lib\core\enums\reports_enum.dart", "Dart", 0, -59, 0, 0, 0, 0, 0, 0, 0, 0, 0, -1, -6, -66
"d:\projects\flutter\49\49-mobile-app\lib\core\enums\request_result_enum.dart", "Dart", 0, -4, 0, 0, 0, 0, 0, 0, 0, 0, 0, 0, -1, -5
"d:\projects\flutter\49\49-mobile-app\lib\core\enums\ride_services_enum.dart", "Dart", 0, -145, 0, 0, 0, 0, 0, 0, 0, 0, 0, -1, -10, -156
"d:\projects\flutter\49\49-mobile-app\lib\core\enums\sort_type.dart", "Dart", 0, -10, 0, 0, 0, 0, 0, 0, 0, 0, 0, 0, -2, -12
"d:\projects\flutter\49\49-mobile-app\lib\core\enums\text_position.dart", "Dart", 0, -20, 0, 0, 0, 0, 0, 0, 0, 0, 0, 0, -1, -21
"d:\projects\flutter\49\49-mobile-app\lib\core\enums\text_size.dart", "Dart", 0, -1, 0, 0, 0, 0, 0, 0, 0, 0, 0, 0, -1, -2
"d:\projects\flutter\49\49-mobile-app\lib\core\enums\theme_type.dart", "Dart", 0, -1, 0, 0, 0, 0, 0, 0, 0, 0, 0, 0, -1, -2
"d:\projects\flutter\49\49-mobile-app\lib\core\enums\topic_type.dart", "Dart", 0, -7, 0, 0, 0, 0, 0, 0, 0, 0, 0, 0, -2, -9
"d:\projects\flutter\49\49-mobile-app\lib\core\enums\user_type.dart", "Dart", 0, -5, 0, 0, 0, 0, 0, 0, 0, 0, 0, 0, -3, -8
"d:\projects\flutter\49\49-mobile-app\lib\core\enums\wallet_types_enums.dart", "Dart", 0, -38, 0, 0, 0, 0, 0, 0, 0, 0, 0, 0, -5, -43
"d:\projects\flutter\49\49-mobile-app\lib\core\enums\week_days.dart", "Dart", 0, -45, 0, 0, 0, 0, 0, 0, 0, 0, 0, 0, -4, -49
"d:\projects\flutter\49\49-mobile-app\lib\core\enums\wheel.dart", "Dart", 0, -1, 0, 0, 0, 0, 0, 0, 0, 0, 0, 0, -1, -2
"d:\projects\flutter\49\49-mobile-app\lib\core\enums\zego_request_state.dart", "Dart", 0, -6, 0, 0, 0, 0, 0, 0, 0, 0, 0, 0, -1, -7
"d:\projects\flutter\49\49-mobile-app\lib\core\error\failure.dart", "Dart", 0, -65, 0, 0, 0, 0, 0, 0, 0, 0, 0, 0, -14, -79
"d:\projects\flutter\49\49-mobile-app\lib\core\exceptions\connection_exception.dart", "Dart", 0, -24, 0, 0, 0, 0, 0, 0, 0, 0, 0, -23, -6, -53
"d:\projects\flutter\49\49-mobile-app\lib\core\exceptions\exceed_file_size_limit_exception.dart", "Dart", 0, -11, 0, 0, 0, 0, 0, 0, 0, 0, 0, 0, -3, -14
"d:\projects\flutter\49\49-mobile-app\lib\core\exceptions\launcher_exception.dart", "Dart", 0, -11, 0, 0, 0, 0, 0, 0, 0, 0, 0, 0, -3, -14
"d:\projects\flutter\49\49-mobile-app\lib\core\exceptions\meeting_exception.dart", "Dart", 0, -5, 0, 0, 0, 0, 0, 0, 0, 0, 0, 0, -3, -8
"d:\projects\flutter\49\49-mobile-app\lib\core\exceptions\redundant_request_exception.dart", "Dart", 0, -11, 0, 0, 0, 0, 0, 0, 0, 0, 0, 0, -3, -14
"d:\projects\flutter\49\49-mobile-app\lib\core\exceptions\request_exception.dart", "Dart", 0, -14, 0, 0, 0, 0, 0, 0, 0, 0, 0, 0, -4, -18
"d:\projects\flutter\49\49-mobile-app\lib\core\exceptions\social_media_login_canceled_exception.dart", "Dart", 0, -11, 0, 0, 0, 0, 0, 0, 0, 0, 0, 0, -3, -14
"d:\projects\flutter\49\49-mobile-app\lib\core\extensions\context_extension.dart", "Dart", 0, -12, 0, 0, 0, 0, 0, 0, 0, 0, 0, -6, -8, -26
"d:\projects\flutter\49\49-mobile-app\lib\core\extensions\string_extension.dart", "Dart", 0, -4, 0, 0, 0, 0, 0, 0, 0, 0, 0, 0, -2, -6
"d:\projects\flutter\49\49-mobile-app\lib\core\failure\failure.dart", "Dart", 0, 0, 0, 0, 0, 0, 0, 0, 0, 0, 0, -41, -10, -51
"d:\projects\flutter\49\49-mobile-app\lib\core\local_storage\local_storage_consumer.dart", "Dart", 0, -59, 0, 0, 0, 0, 0, 0, 0, 0, 0, 0, -12, -71
"d:\projects\flutter\49\49-mobile-app\lib\core\localization\locales.dart", "Dart", 0, -5, 0, 0, 0, 0, 0, 0, 0, 0, 0, 0, -2, -7
"d:\projects\flutter\49\49-mobile-app\lib\core\localization\localization_service.dart", "Dart", 0, -19, 0, 0, 0, 0, 0, 0, 0, 0, 0, 0, -3, -22
"d:\projects\flutter\49\49-mobile-app\lib\core\messages\messages.dart", "Dart", 0, -201, 0, 0, 0, 0, 0, 0, 0, 0, 0, 0, -7, -208
"d:\projects\flutter\49\49-mobile-app\lib\core\service\app_info_service.dart", "Dart", 0, -26, 0, 0, 0, 0, 0, 0, 0, 0, 0, -2, -6, -34
"d:\projects\flutter\49\49-mobile-app\lib\core\service\base_repository.dart", "Dart", 0, -29, 0, 0, 0, 0, 0, 0, 0, 0, 0, -4, -6, -39
"d:\projects\flutter\49\49-mobile-app\lib\core\service\cache_service.dart", "Dart", 0, -323, 0, 0, 0, 0, 0, 0, 0, 0, 0, -36, -79, -438
"d:\projects\flutter\49\49-mobile-app\lib\core\service\custom_response.dart", "Dart", 0, -14, 0, 0, 0, 0, 0, 0, 0, 0, 0, 0, -3, -17
"d:\projects\flutter\49\49-mobile-app\lib\core\service\download_service.dart", "Dart", 0, 0, 0, 0, 0, 0, 0, 0, 0, 0, 0, 0, -2, -2
"d:\projects\flutter\49\49-mobile-app\lib\core\service\image_saver_service.dart", "Dart", 0, -14, 0, 0, 0, 0, 0, 0, 0, 0, 0, 0, -5, -19
"d:\projects\flutter\49\49-mobile-app\lib\core\service\launcher_service.dart", "Dart", 0, -74, 0, 0, 0, 0, 0, 0, 0, 0, 0, 0, -15, -89
"d:\projects\flutter\49\49-mobile-app\lib\core\service\notification_service.dart", "Dart", 0, -155, 0, 0, 0, 0, 0, 0, 0, 0, 0, -47, -34, -236
"d:\projects\flutter\49\49-mobile-app\lib\core\service\share_img_service.dart", "Dart", 0, 0, 0, 0, 0, 0, 0, 0, 0, 0, 0, -15, -4, -19
"d:\projects\flutter\49\49-mobile-app\lib\core\service\share_service.dart", "Dart", 0, 0, 0, 0, 0, 0, 0, 0, 0, 0, 0, -11, -4, -15
"d:\projects\flutter\49\49-mobile-app\lib\core\service\socket_service.dart", "Dart", 0, -147, 0, 0, 0, 0, 0, 0, 0, 0, 0, -8, -50, -205
"d:\projects\flutter\49\49-mobile-app\lib\core\states\basic_otp_state.dart", "Dart", 0, -44, 0, 0, 0, 0, 0, 0, 0, 0, 0, 0, -7, -51
"d:\projects\flutter\49\49-mobile-app\lib\core\states\basic_state.dart", "Dart", 0, -38, 0, 0, 0, 0, 0, 0, 0, 0, 0, 0, -10, -48
"d:\projects\flutter\49\49-mobile-app\lib\core\themes\dark_theme.dart", "Dart", 0, -61, 0, 0, 0, 0, 0, 0, 0, 0, 0, 0, -3, -64
"d:\projects\flutter\49\49-mobile-app\lib\core\themes\light_theme.dart", "Dart", 0, -56, 0, 0, 0, 0, 0, 0, 0, 0, 0, -2, -3, -61
"d:\projects\flutter\49\49-mobile-app\lib\core\utils\calendar_event.dart", "Dart", 0, -9, 0, 0, 0, 0, 0, 0, 0, 0, 0, -5, -5, -19
"d:\projects\flutter\49\49-mobile-app\lib\core\utils\change_react.dart", "Dart", 0, -153, 0, 0, 0, 0, 0, 0, 0, 0, 0, 0, -1, -154
"d:\projects\flutter\49\49-mobile-app\lib\core\utils\connection_checker.dart", "Dart", 0, 0, 0, 0, 0, 0, 0, 0, 0, 0, 0, -59, -1, -60
"d:\projects\flutter\49\49-mobile-app\lib\core\utils\custom_printer.dart", "Dart", 0, -31, 0, 0, 0, 0, 0, 0, 0, 0, 0, 0, -10, -41
"d:\projects\flutter\49\49-mobile-app\lib\core\utils\date_helper.dart", "Dart", 0, -25, 0, 0, 0, 0, 0, 0, 0, 0, 0, 0, -5, -30
"d:\projects\flutter\49\49-mobile-app\lib\core\utils\device_id.dart", "Dart", 0, -14, 0, 0, 0, 0, 0, 0, 0, 0, 0, 0, -3, -17
"d:\projects\flutter\49\49-mobile-app\lib\core\utils\duration_helper.dart", "Dart", 0, -9, 0, 0, 0, 0, 0, 0, 0, 0, 0, 0, -1, -10
"d:\projects\flutter\49\49-mobile-app\lib\core\utils\fcm.dart", "Dart", 0, -8, 0, 0, 0, 0, 0, 0, 0, 0, 0, 0, -2, -10
"d:\projects\flutter\49\49-mobile-app\lib\core\utils\hex_color_helper.dart", "Dart", 0, -12, 0, 0, 0, 0, 0, 0, 0, 0, 0, 0, -4, -16
"d:\projects\flutter\49\49-mobile-app\lib\core\utils\localization_helper.dart", "Dart", 0, -38, 0, 0, 0, 0, 0, 0, 0, 0, 0, -5, -13, -56
"d:\projects\flutter\49\49-mobile-app\lib\core\utils\media_query_values.dart", "Dart", 0, -7, 0, 0, 0, 0, 0, 0, 0, 0, 0, 0, -2, -9
"d:\projects\flutter\49\49-mobile-app\lib\core\utils\navigator_helper.dart", "Dart", 0, -229, 0, 0, 0, 0, 0, 0, 0, 0, 0, 0, -27, -256
"d:\projects\flutter\49\49-mobile-app\lib\core\utils\pagination_controller.dart", "Dart", 0, -1, 0, 0, 0, 0, 0, 0, 0, 0, 0, 0, -1, -2
"d:\projects\flutter\49\49-mobile-app\lib\core\utils\type_defs.dart", "Dart", 0, -8, 0, 0, 0, 0, 0, 0, 0, 0, 0, 0, -2, -10
"d:\projects\flutter\49\49-mobile-app\lib\core\utils\url_helper.dart", "Dart", 0, -14, 0, 0, 0, 0, 0, 0, 0, 0, 0, 0, -3, -17
"d:\projects\flutter\49\49-mobile-app\lib\core\utils\validator.dart", "Dart", 0, -82, 0, 0, 0, 0, 0, 0, 0, 0, 0, 0, -14, -96
"d:\projects\flutter\49\49-mobile-app\lib\features\account_taps\account\data\datasources\account_remote_datasource.dart", "Dart", 0, -51, 0, 0, 0, 0, 0, 0, 0, 0, 0, 0, -9, -60
"d:\projects\flutter\49\49-mobile-app\lib\features\account_taps\account\data\models\favourite_ad_model.dart", "Dart", 0, -11, 0, 0, 0, 0, 0, 0, 0, 0, 0, -1, -3, -15
"d:\projects\flutter\49\49-mobile-app\lib\features\account_taps\account\data\models\favourite_category_model.dart", "Dart", 0, -11, 0, 0, 0, 0, 0, 0, 0, 0, 0, 0, -4, -15
"d:\projects\flutter\49\49-mobile-app\lib\features\account_taps\account\data\models\favourite_subcategory_model.dart", "Dart", 0, -11, 0, 0, 0, 0, 0, 0, 0, 0, 0, -1, -3, -15
"d:\projects\flutter\49\49-mobile-app\lib\features\account_taps\account\data\repositories\account_repo_impl.dart", "Dart", 0, -25, 0, 0, 0, 0, 0, 0, 0, 0, 0, 0, -9, -34
"d:\projects\flutter\49\49-mobile-app\lib\features\account_taps\account\domain\entities\favourite_ad_entity.dart", "Dart", 0, -6, 0, 0, 0, 0, 0, 0, 0, 0, 0, 0, -3, -9
"d:\projects\flutter\49\49-mobile-app\lib\features\account_taps\account\domain\entities\favourite_category_entity.dart", "Dart", 0, -6, 0, 0, 0, 0, 0, 0, 0, 0, 0, 0, -3, -9
"d:\projects\flutter\49\49-mobile-app\lib\features\account_taps\account\domain\entities\favourite_subcategory_entity.dart", "Dart", 0, -6, 0, 0, 0, 0, 0, 0, 0, 0, 0, 0, -3, -9
"d:\projects\flutter\49\49-mobile-app\lib\features\account_taps\account\domain\repositories\account_repo.dart", "Dart", 0, -12, 0, 0, 0, 0, 0, 0, 0, 0, 0, 0, -5, -17
"d:\projects\flutter\49\49-mobile-app\lib\features\account_taps\account\domain\usecases\get_favourite_ads_usecase.dart", "Dart", 0, -14, 0, 0, 0, 0, 0, 0, 0, 0, 0, 0, -2, -16
"d:\projects\flutter\49\49-mobile-app\lib\features\account_taps\account\domain\usecases\get_favourite_categories_usecase.dart", "Dart", 0, -14, 0, 0, 0, 0, 0, 0, 0, 0, 0, 0, -2, -16
"d:\projects\flutter\49\49-mobile-app\lib\features\account_taps\account\domain\usecases\get_favourite_subcategories_usecase.dart", "Dart", 0, -15, 0, 0, 0, 0, 0, 0, 0, 0, 0, 0, -2, -17
"d:\projects\flutter\49\49-mobile-app\lib\features\account_taps\account\presentation\cubit\account_cubit.dart", "Dart", 0, -6, 0, 0, 0, 0, 0, 0, 0, 0, 0, 0, -3, -9
"d:\projects\flutter\49\49-mobile-app\lib\features\account_taps\account\presentation\cubit\account_state.dart", "Dart", 0, -7, 0, 0, 0, 0, 0, 0, 0, 0, 0, 0, -4, -11
"d:\projects\flutter\49\49-mobile-app\lib\features\account_taps\account\presentation\cubit\managers\favourite_ads_cubit.dart", "Dart", 0, -29, 0, 0, 0, 0, 0, 0, 0, 0, 0, 0, -6, -35
"d:\projects\flutter\49\49-mobile-app\lib\features\account_taps\account\presentation\cubit\managers\favourite_categories_cubit.dart", "Dart", 0, -30, 0, 0, 0, 0, 0, 0, 0, 0, 0, 0, -4, -34
"d:\projects\flutter\49\49-mobile-app\lib\features\account_taps\account\presentation\cubit\managers\favourite_subcategories_cubit.dart", "Dart", 0, -31, 0, 0, 0, 0, 0, 0, 0, 0, 0, 0, -5, -36
"d:\projects\flutter\49\49-mobile-app\lib\features\account_taps\account\presentation\features\privacy\presentation\cubit\privacy_cubit.dart", "Dart", 0, -6, 0, 0, 0, 0, 0, 0, 0, 0, 0, 0, -3, -9
"d:\projects\flutter\49\49-mobile-app\lib\features\account_taps\account\presentation\features\privacy\presentation\cubit\privacy_state.dart", "Dart", 0, -7, 0, 0, 0, 0, 0, 0, 0, 0, 0, 0, -4, -11
"d:\projects\flutter\49\49-mobile-app\lib\features\account_taps\account\presentation\pages\favourite_category_view.dart", "Dart", 0, -45, 0, 0, 0, 0, 0, 0, 0, 0, 0, 0, -4, -49
"d:\projects\flutter\49\49-mobile-app\lib\features\account_taps\account\presentation\pages\favourite_subcategory_view.dart", "Dart", 0, -275, 0, 0, 0, 0, 0, 0, 0, 0, 0, -788, -24, -1087
"d:\projects\flutter\49\49-mobile-app\lib\features\account_taps\account\presentation\pages\favourite_view.dart", "Dart", 0, -42, 0, 0, 0, 0, 0, 0, 0, 0, 0, 0, -5, -47
"d:\projects\flutter\49\49-mobile-app\lib\features\account_taps\contact_us\data\datasources\contact_us_remote_datasource.dart", "Dart", 0, -33, 0, 0, 0, 0, 0, 0, 0, 0, 0, 0, -5, -38
"d:\projects\flutter\49\49-mobile-app\lib\features\account_taps\contact_us\data\models\contact_us_model.dart", "Dart", 0, -17, 0, 0, 0, 0, 0, 0, 0, 0, 0, 0, -4, -21
"d:\projects\flutter\49\49-mobile-app\lib\features\account_taps\contact_us\data\repositories\contact_us_repo_impl.dart", "Dart", 0, -19, 0, 0, 0, 0, 0, 0, 0, 0, 0, 0, -6, -25
"d:\projects\flutter\49\49-mobile-app\lib\features\account_taps\contact_us\domain\entities\contact_us_entity.dart", "Dart", 0, -9, 0, 0, 0, 0, 0, 0, 0, 0, 0, 0, -2, -11
"d:\projects\flutter\49\49-mobile-app\lib\features\account_taps\contact_us\domain\repositories\contact_us_repo.dart", "Dart", 0, -8, 0, 0, 0, 0, 0, 0, 0, 0, 0, 0, -3, -11
"d:\projects\flutter\49\49-mobile-app\lib\features\account_taps\contact_us\domain\usecases\create_contact_us_usecase.dart", "Dart", 0, -13, 0, 0, 0, 0, 0, 0, 0, 0, 0, 0, -2, -15
"d:\projects\flutter\49\49-mobile-app\lib\features\account_taps\contact_us\domain\usecases\get_contact_us_messages.dart", "Dart", 0, -13, 0, 0, 0, 0, 0, 0, 0, 0, 0, 0, -2, -15
"d:\projects\flutter\49\49-mobile-app\lib\features\account_taps\contact_us\presentation\cubit\contact_us_cubit.dart", "Dart", 0, -28, 0, 0, 0, 0, 0, 0, 0, 0, 0, 0, -5, -33
"d:\projects\flutter\49\49-mobile-app\lib\features\account_taps\contact_us\presentation\cubit\contact_us_state.dart", "Dart", 0, -19, 0, 0, 0, 0, 0, 0, 0, 0, 0, 0, -2, -21
"d:\projects\flutter\49\49-mobile-app\lib\features\account_taps\contact_us\presentation\pages\contact_us_view.dart", "Dart", 0, -76, 0, 0, 0, 0, 0, 0, 0, 0, 0, 0, -4, -80
"d:\projects\flutter\49\49-mobile-app\lib\features\account_taps\lists\data\datasources\lists_remote_datasource.dart", "Dart", 0, -53, 0, 0, 0, 0, 0, 0, 0, 0, 0, 0, -8, -61
"d:\projects\flutter\49\49-mobile-app\lib\features\account_taps\lists\data\models\users_list_model.dart", "Dart", 0, -9, 0, 0, 0, 0, 0, 0, 0, 0, 0, 0, -2, -11
"d:\projects\flutter\49\49-mobile-app\lib\features\account_taps\lists\data\repositories\lists_repo_impl.dart", "Dart", 0, -25, 0, 0, 0, 0, 0, 0, 0, 0, 0, 0, -8, -33
"d:\projects\flutter\49\49-mobile-app\lib\features\account_taps\lists\domain\entities\users_list_entity.dart", "Dart", 0, -9, 0, 0, 0, 0, 0, 0, 0, 0, 0, 0, -2, -11
"d:\projects\flutter\49\49-mobile-app\lib\features\account_taps\lists\domain\repositories\lists_repo.dart", "Dart", 0, -9, 0, 0, 0, 0, 0, 0, 0, 0, 0, 0, -3, -12
"d:\projects\flutter\49\49-mobile-app\lib\features\account_taps\lists\domain\usecases\get_blocked_usecase.dart", "Dart", 0, -13, 0, 0, 0, 0, 0, 0, 0, 0, 0, 0, -2, -15
"d:\projects\flutter\49\49-mobile-app\lib\features\account_taps\lists\domain\usecases\get_followers_usecase.dart", "Dart", 0, -13, 0, 0, 0, 0, 0, 0, 0, 0, 0, 0, -2, -15
"d:\projects\flutter\49\49-mobile-app\lib\features\account_taps\lists\domain\usecases\get_friend_requests_usecase.dart", "Dart", 0, -14, 0, 0, 0, 0, 0, 0, 0, 0, 0, 0, -2, -16
"d:\projects\flutter\49\49-mobile-app\lib\features\account_taps\lists\domain\usecases\get_friends_usecase.dart", "Dart", 0, -13, 0, 0, 0, 0, 0, 0, 0, 0, 0, 0, -2, -15
"d:\projects\flutter\49\49-mobile-app\lib\features\account_taps\lists\presentation\cubit\lists_cubit.dart", "Dart", 0, -62, 0, 0, 0, 0, 0, 0, 0, 0, 0, 0, -10, -72
"d:\projects\flutter\49\49-mobile-app\lib\features\account_taps\lists\presentation\cubit\lists_state.dart", "Dart", 0, -45, 0, 0, 0, 0, 0, 0, 0, 0, 0, 0, -5, -50
"d:\projects\flutter\49\49-mobile-app\lib\features\account_taps\lists\presentation\pages\lists_view.dart", "Dart", 0, -172, 0, 0, 0, 0, 0, 0, 0, 0, 0, -4, -7, -183
"d:\projects\flutter\49\49-mobile-app\lib\features\account_taps\lists\presentation\widgets\list_item_card.dart", "Dart", 0, -12, 0, 0, 0, 0, 0, 0, 0, 0, 0, -117, -5, -134
"d:\projects\flutter\49\49-mobile-app\lib\features\account_taps\my_adds\data\datasources\my_add_remote_datasource.dart", "Dart", 0, -117, 0, 0, 0, 0, 0, 0, 0, 0, 0, -2, -15, -134
"d:\projects\flutter\49\49-mobile-app\lib\features\account_taps\my_adds\data\repositories\my_ads_repo_impl.dart", "Dart", 0, -61, 0, 0, 0, 0, 0, 0, 0, 0, 0, -1, -16, -78
"d:\projects\flutter\49\49-mobile-app\lib\features\account_taps\my_adds\domain\repositories\my_ads_repo.dart", "Dart", 0, -19, 0, 0, 0, 0, 0, 0, 0, 0, 0, 0, -3, -22
"d:\projects\flutter\49\49-mobile-app\lib\features\account_taps\my_adds\domain\usecases\accept_come_with_me_usecase.dart", "Dart", 0, -12, 0, 0, 0, 0, 0, 0, 0, 0, 0, 0, -2, -14
"d:\projects\flutter\49\49-mobile-app\lib\features\account_taps\my_adds\domain\usecases\accept_pick_me_usecase.dart", "Dart", 0, -12, 0, 0, 0, 0, 0, 0, 0, 0, 0, 0, -2, -14
"d:\projects\flutter\49\49-mobile-app\lib\features\account_taps\my_adds\domain\usecases\cancel_ad_usecase.dart", "Dart", 0, -12, 0, 0, 0, 0, 0, 0, 0, 0, 0, 0, -2, -14
"d:\projects\flutter\49\49-mobile-app\lib\features\account_taps\my_adds\domain\usecases\delete_come_with_me_usecase.dart", "Dart", 0, -12, 0, 0, 0, 0, 0, 0, 0, 0, 0, 0, -2, -14
"d:\projects\flutter\49\49-mobile-app\lib\features\account_taps\my_adds\domain\usecases\delete_pick_me_usecase.dart", "Dart", 0, -12, 0, 0, 0, 0, 0, 0, 0, 0, 0, 0, -2, -14
"d:\projects\flutter\49\49-mobile-app\lib\features\account_taps\my_adds\domain\usecases\get_my_ads_usecase.dart", "Dart", 0, -13, 0, 0, 0, 0, 0, 0, 0, 0, 0, 0, -3, -16
"d:\projects\flutter\49\49-mobile-app\lib\features\account_taps\my_adds\domain\usecases\get_my_auctions_usecase.dart", "Dart", 0, -13, 0, 0, 0, 0, 0, 0, 0, 0, 0, 0, -3, -16
"d:\projects\flutter\49\49-mobile-app\lib\features\account_taps\my_adds\domain\usecases\get_my_come_with_you_usecase.dart", "Dart", 0, -14, 0, 0, 0, 0, 0, 0, 0, 0, 0, 0, -4, -18
"d:\projects\flutter\49\49-mobile-app\lib\features\account_taps\my_adds\domain\usecases\get_my_pick_me_usecase.dart", "Dart", 0, -14, 0, 0, 0, 0, 0, 0, 0, 0, 0, 0, -3, -17
"d:\projects\flutter\49\49-mobile-app\lib\features\account_taps\my_adds\domain\usecases\reject_come_with_me_usecase.dart", "Dart", 0, -12, 0, 0, 0, 0, 0, 0, 0, 0, 0, 0, -2, -14
"d:\projects\flutter\49\49-mobile-app\lib\features\account_taps\my_adds\domain\usecases\reject_pick_me_usecase.dart", "Dart", 0, -12, 0, 0, 0, 0, 0, 0, 0, 0, 0, 0, -2, -14
"d:\projects\flutter\49\49-mobile-app\lib\features\account_taps\my_adds\presentation\cubit\my_adds_cubit.dart", "Dart", 0, -150, 0, 0, 0, 0, 0, 0, 0, 0, 0, 0, -18, -168
"d:\projects\flutter\49\49-mobile-app\lib\features\account_taps\my_adds\presentation\cubit\my_adds_state.dart", "Dart", 0, -39, 0, 0, 0, 0, 0, 0, 0, 0, 0, 0, -4, -43
"d:\projects\flutter\49\49-mobile-app\lib\features\account_taps\my_adds\presentation\pages\my_adds.dart", "Dart", 0, -171, 0, 0, 0, 0, 0, 0, 0, 0, 0, 0, -10, -181
"d:\projects\flutter\49\49-mobile-app\lib\features\account_taps\my_adds\presentation\widgets\my_ad_card.dart", "Dart", 0, -200, 0, 0, 0, 0, 0, 0, 0, 0, 0, -12, -8, -220
"d:\projects\flutter\49\49-mobile-app\lib\features\account_taps\policies\presentation\cubit\policies_cubit.dart", "Dart", 0, -6, 0, 0, 0, 0, 0, 0, 0, 0, 0, 0, -3, -9
"d:\projects\flutter\49\49-mobile-app\lib\features\account_taps\policies\presentation\cubit\policies_state.dart", "Dart", 0, -7, 0, 0, 0, 0, 0, 0, 0, 0, 0, 0, -4, -11
"d:\projects\flutter\49\49-mobile-app\lib\features\account_taps\policies\presentation\pages\policy_view.dart", "Dart", 0, -21, 0, 0, 0, 0, 0, 0, 0, 0, 0, 0, -4, -25
"d:\projects\flutter\49\49-mobile-app\lib\features\account_taps\privacy\domain\entities\privacy_status_enum.dart", "Dart", 0, -7, 0, 0, 0, 0, 0, 0, 0, 0, 0, 0, -1, -8
"d:\projects\flutter\49\49-mobile-app\lib\features\account_taps\privacy\presentation\cubit\privacy_cubit.dart", "Dart", 0, -6, 0, 0, 0, 0, 0, 0, 0, 0, 0, 0, -3, -9
"d:\projects\flutter\49\49-mobile-app\lib\features\account_taps\privacy\presentation\cubit\privacy_state.dart", "Dart", 0, -7, 0, 0, 0, 0, 0, 0, 0, 0, 0, 0, -4, -11
"d:\projects\flutter\49\49-mobile-app\lib\features\account_taps\privacy\presentation\pages\privacy_view.dart", "Dart", 0, -112, 0, 0, 0, 0, 0, 0, 0, 0, 0, 0, -4, -116
"d:\projects\flutter\49\49-mobile-app\lib\features\account_taps\privacy\presentation\widgets\privacy_muti_select_item.dart", "Dart", 0, -113, 0, 0, 0, 0, 0, 0, 0, 0, 0, 0, -6, -119
"d:\projects\flutter\49\49-mobile-app\lib\features\account_taps\privacy\presentation\widgets\privacy_switch_item.dart", "Dart", 0, -46, 0, 0, 0, 0, 0, 0, 0, 0, 0, 0, -5, -51
"d:\projects\flutter\49\49-mobile-app\lib\features\account_taps\settings\presentation\cubit\settings_cubit.dart", "Dart", 0, -6, 0, 0, 0, 0, 0, 0, 0, 0, 0, 0, -3, -9
"d:\projects\flutter\49\49-mobile-app\lib\features\account_taps\settings\presentation\cubit\settings_state.dart", "Dart", 0, -7, 0, 0, 0, 0, 0, 0, 0, 0, 0, 0, -4, -11
"d:\projects\flutter\49\49-mobile-app\lib\features\account_taps\settings\presentation\pages\settings_view.dart", "Dart", 0, -8, 0, 0, 0, 0, 0, 0, 0, 0, 0, 0, -3, -11
"d:\projects\flutter\49\49-mobile-app\lib\features\account_taps\share_app\presentation\cubit\share_app_cubit.dart", "Dart", 0, -26, 0, 0, 0, 0, 0, 0, 0, 0, 0, 0, -10, -36
"d:\projects\flutter\49\49-mobile-app\lib\features\account_taps\share_app\presentation\cubit\share_app_state.dart", "Dart", 0, -7, 0, 0, 0, 0, 0, 0, 0, 0, 0, 0, -4, -11
"d:\projects\flutter\49\49-mobile-app\lib\features\account_taps\share_app\presentation\pages\share_the_app.dart", "Dart", 0, -251, 0, 0, 0, 0, 0, 0, 0, 0, 0, -1, -10, -262
"d:\projects\flutter\49\49-mobile-app\lib\features\account_taps\transfer_money\presentation\cubit\transfer_money_cubit.dart", "Dart", 0, -6, 0, 0, 0, 0, 0, 0, 0, 0, 0, 0, -3, -9
"d:\projects\flutter\49\49-mobile-app\lib\features\account_taps\transfer_money\presentation\cubit\transfer_money_state.dart", "Dart", 0, -7, 0, 0, 0, 0, 0, 0, 0, 0, 0, 0, -4, -11
"d:\projects\flutter\49\49-mobile-app\lib\features\account_taps\transfer_money\presentation\pages\transfer_money_view.dart", "Dart", 0, -84, 0, 0, 0, 0, 0, 0, 0, 0, 0, 0, -5, -89
"d:\projects\flutter\49\49-mobile-app\lib\features\account_taps\wallet\data\datasources\wallet_remote_datasource.dart", "Dart", 0, -49, 0, 0, 0, 0, 0, 0, 0, 0, 0, -1, -6, -56
"d:\projects\flutter\49\49-mobile-app\lib\features\account_taps\wallet\data\models\competition_model.dart", "Dart", 0, -18, 0, 0, 0, 0, 0, 0, 0, 0, 0, 0, -2, -20
"d:\projects\flutter\49\49-mobile-app\lib\features\account_taps\wallet\data\models\wallet_history_model.dart", "Dart", 0, -15, 0, 0, 0, 0, 0, 0, 0, 0, 0, 0, -2, -17
"d:\projects\flutter\49\49-mobile-app\lib\features\account_taps\wallet\data\models\wallet_model.dart", "Dart", 0, -2, 0, 0, 0, 0, 0, 0, 0, 0, 0, 0, -2, -4
"d:\projects\flutter\49\49-mobile-app\lib\features\account_taps\wallet\data\repositories\wallet_repo_impl.dart", "Dart", 0, -25, 0, 0, 0, 0, 0, 0, 0, 0, 0, 0, -9, -34
"d:\projects\flutter\49\49-mobile-app\lib\features\account_taps\wallet\domain\entities\competition_entity.dart", "Dart", 0, -14, 0, 0, 0, 0, 0, 0, 0, 0, 0, 0, -1, -15
"d:\projects\flutter\49\49-mobile-app\lib\features\account_taps\wallet\domain\entities\wallet_entity.dart", "Dart", 0, -1, 0, 0, 0, 0, 0, 0, 0, 0, 0, 0, -1, -2
"d:\projects\flutter\49\49-mobile-app\lib\features\account_taps\wallet\domain\entities\wallet_history_entity.dart", "Dart", 0, -11, 0, 0, 0, 0, 0, 0, 0, 0, 0, 0, -1, -12
"d:\projects\flutter\49\49-mobile-app\lib\features\account_taps\wallet\domain\repositories\wallet_repo.dart", "Dart", 0, -12, 0, 0, 0, 0, 0, 0, 0, 0, 0, 0, -3, -15
"d:\projects\flutter\49\49-mobile-app\lib\features\account_taps\wallet\domain\usecases\get_competitions_usecase.dart", "Dart", 0, -14, 0, 0, 0, 0, 0, 0, 0, 0, 0, 0, -3, -17
"d:\projects\flutter\49\49-mobile-app\lib\features\account_taps\wallet\domain\usecases\get_wallet_history_usecase.dart", "Dart", 0, -15, 0, 0, 0, 0, 0, 0, 0, 0, 0, 0, -3, -18
"d:\projects\flutter\49\49-mobile-app\lib\features\account_taps\wallet\domain\usecases\get_wallet_usecase.dart", "Dart", 0, -13, 0, 0, 0, 0, 0, 0, 0, 0, 0, 0, -3, -16
"d:\projects\flutter\49\49-mobile-app\lib\features\account_taps\wallet\presentation\cubit\wallet_cubit.dart", "Dart", 0, -62, 0, 0, 0, 0, 0, 0, 0, 0, 0, 0, -9, -71
"d:\projects\flutter\49\49-mobile-app\lib\features\account_taps\wallet\presentation\cubit\wallet_state.dart", "Dart", 0, -31, 0, 0, 0, 0, 0, 0, 0, 0, 0, 0, -3, -34
"d:\projects\flutter\49\49-mobile-app\lib\features\account_taps\wallet\presentation\pages\balance_wallet_view.dart", "Dart", 0, -113, 0, 0, 0, 0, 0, 0, 0, 0, 0, 0, -5, -118
"d:\projects\flutter\49\49-mobile-app\lib\features\account_taps\wallet\presentation\pages\gift_wallet_view.dart", "Dart", 0, -55, 0, 0, 0, 0, 0, 0, 0, 0, 0, 0, -5, -60
"d:\projects\flutter\49\49-mobile-app\lib\features\account_taps\wallet\presentation\pages\normal_wallet_view.dart", "Dart", 0, -140, 0, 0, 0, 0, 0, 0, 0, 0, 0, -4, -7, -151
"d:\projects\flutter\49\49-mobile-app\lib\features\account_taps\wallet\presentation\pages\wallet_history.dart", "Dart", 0, -107, 0, 0, 0, 0, 0, 0, 0, 0, 0, -3, -7, -117
"d:\projects\flutter\49\49-mobile-app\lib\features\account_taps\wallet\presentation\pages\wallet_view.dart", "Dart", 0, -119, 0, 0, 0, 0, 0, 0, 0, 0, 0, -65, -8, -192
"d:\projects\flutter\49\49-mobile-app\lib\features\account_taps\wallet\presentation\widgets\competition_card.dart", "Dart", 0, -87, 0, 0, 0, 0, 0, 0, 0, 0, 0, 0, -5, -92
"d:\projects\flutter\49\49-mobile-app\lib\features\account_taps\wallet\presentation\widgets\semi_circle_indicator.dart", "Dart", 0, -64, 0, 0, 0, 0, 0, 0, 0, 0, 0, -2, -11, -77
"d:\projects\flutter\49\49-mobile-app\lib\features\account_taps\wallet\presentation\widgets\subscription_widget.dart", "Dart", 0, -32, 0, 0, 0, 0, 0, 0, 0, 0, 0, 0, -5, -37
"d:\projects\flutter\49\49-mobile-app\lib\features\account_taps\wallet\presentation\widgets\wallet_card_widget.dart", "Dart", 0, -78, 0, 0, 0, 0, 0, 0, 0, 0, 0, 0, -4, -82
"d:\projects\flutter\49\49-mobile-app\lib\features\account_taps\wallet\presentation\widgets\wallet_history_card.dart", "Dart", 0, -44, 0, 0, 0, 0, 0, 0, 0, 0, 0, 0, -4, -48
"d:\projects\flutter\49\49-mobile-app\lib\features\ads_feature\ad_details\data\datasources\ad_details_remote_data_source.dart", "Dart", 0, -42, 0, 0, 0, 0, 0, 0, 0, 0, 0, 0, -7, -49
"d:\projects\flutter\49\49-mobile-app\lib\features\ads_feature\ad_details\data\repositories\ad_details_repo_impl.dart", "Dart", 0, -24, 0, 0, 0, 0, 0, 0, 0, 0, 0, 0, -7, -31
"d:\projects\flutter\49\49-mobile-app\lib\features\ads_feature\ad_details\domain\repositories\ad_details_repo.dart", "Dart", 0, -10, 0, 0, 0, 0, 0, 0, 0, 0, 0, 0, -3, -13
"d:\projects\flutter\49\49-mobile-app\lib\features\ads_feature\ad_details\domain\usecases\get_ad_details_usecase.dart", "Dart", 0, -13, 0, 0, 0, 0, 0, 0, 0, 0, 0, 0, -4, -17
"d:\projects\flutter\49\49-mobile-app\lib\features\ads_feature\ad_details\domain\usecases\get_relevant_ads_usecase.dart", "Dart", 0, -13, 0, 0, 0, 0, 0, 0, 0, 0, 0, 0, -4, -17
"d:\projects\flutter\49\49-mobile-app\lib\features\ads_feature\ad_details\domain\usecases\make_ad_request_usecase.dart", "Dart", 0, -21, 0, 0, 0, 0, 0, 0, 0, 0, 0, 0, -4, -25
"d:\projects\flutter\49\49-mobile-app\lib\features\ads_feature\ad_details\presentation\cubit\ad_details_cubit.dart", "Dart", 0, -56, 0, 0, 0, 0, 0, 0, 0, 0, 0, 0, -9, -65
"d:\projects\flutter\49\49-mobile-app\lib\features\ads_feature\ad_details\presentation\cubit\ad_details_state.dart", "Dart", 0, -33, 0, 0, 0, 0, 0, 0, 0, 0, 0, 0, -4, -37
"d:\projects\flutter\49\49-mobile-app\lib\features\ads_feature\ad_details\presentation\pages\ad_details_view.dart", "Dart", 0, -319, 0, 0, 0, 0, 0, 0, 0, 0, 0, -3, -13, -335
"d:\projects\flutter\49\49-mobile-app\lib\features\ads_feature\ads\data\datasources\ads_remote_data_source.dart", "Dart", 0, -64, 0, 0, 0, 0, 0, 0, 0, 0, 0, 0, -10, -74
"d:\projects\flutter\49\49-mobile-app\lib\features\ads_feature\ads\data\models\Ad_model.dart", "Dart", 0, -68, 0, 0, 0, 0, 0, 0, 0, 0, 0, 0, -3, -71
"d:\projects\flutter\49\49-mobile-app\lib\features\ads_feature\ads\data\models\ad_statistics_model.dart", "Dart", 0, -16, 0, 0, 0, 0, 0, 0, 0, 0, 0, 0, -2, -18
"d:\projects\flutter\49\49-mobile-app\lib\features\ads_feature\ads\data\models\detail_model.dart", "Dart", 0, -12, 0, 0, 0, 0, 0, 0, 0, 0, 0, 0, -2, -14
"d:\projects\flutter\49\49-mobile-app\lib\features\ads_feature\ads\data\models\publisher_model.dart", "Dart", 0, -22, 0, 0, 0, 0, 0, 0, 0, 0, 0, 0, -2, -24
"d:\projects\flutter\49\49-mobile-app\lib\features\ads_feature\ads\data\repositories\ads_repo_impl.dart", "Dart", 0, -33, 0, 0, 0, 0, 0, 0, 0, 0, 0, 0, -8, -41
"d:\projects\flutter\49\49-mobile-app\lib\features\ads_feature\ads\domain\entities\ad_entity.dart", "Dart", 0, -39, 0, 0, 0, 0, 0, 0, 0, 0, 0, 0, -5, -44
"d:\projects\flutter\49\49-mobile-app\lib\features\ads_feature\ads\domain\entities\ad_statistics_entity.dart", "Dart", 0, -11, 0, 0, 0, 0, 0, 0, 0, 0, 0, 0, -1, -12
"d:\projects\flutter\49\49-mobile-app\lib\features\ads_feature\ads\domain\entities\detail_entity.dart", "Dart", 0, -6, 0, 0, 0, 0, 0, 0, 0, 0, 0, 0, -2, -8
"d:\projects\flutter\49\49-mobile-app\lib\features\ads_feature\ads\domain\entities\publisher_entity.dart", "Dart", 0, -17, 0, 0, 0, 0, 0, 0, 0, 0, 0, 0, -2, -19
"d:\projects\flutter\49\49-mobile-app\lib\features\ads_feature\ads\domain\repositories\ads_repo.dart", "Dart", 0, -14, 0, 0, 0, 0, 0, 0, 0, 0, 0, 0, -3, -17
"d:\projects\flutter\49\49-mobile-app\lib\features\ads_feature\ads\domain\usecases\get_ads_usecase.dart", "Dart", 0, -13, 0, 0, 0, 0, 0, 0, 0, 0, 0, 0, -4, -17
"d:\projects\flutter\49\49-mobile-app\lib\features\ads_feature\ads\domain\usecases\get_all_comewithme_usecase.dart", "Dart", 0, -13, 0, 0, 0, 0, 0, 0, 0, 0, 0, 0, -3, -16
"d:\projects\flutter\49\49-mobile-app\lib\features\ads_feature\ads\domain\usecases\get_all_pickme_usecase.dart", "Dart", 0, -13, 0, 0, 0, 0, 0, 0, 0, 0, 0, 0, -3, -16
"d:\projects\flutter\49\49-mobile-app\lib\features\ads_feature\ads\domain\usecases\request_come_with_me_usecase.dart", "Dart", 0, -23, 0, 0, 0, 0, 0, 0, 0, 0, 0, 0, -4, -27
"d:\projects\flutter\49\49-mobile-app\lib\features\ads_feature\ads\domain\usecases\request_pick_me_usecase.dart", "Dart", 0, -13, 0, 0, 0, 0, 0, 0, 0, 0, 0, 0, -2, -15
"d:\projects\flutter\49\49-mobile-app\lib\features\ads_feature\ads\presentation\cubit\ads_cubit.dart", "Dart", 0, -113, 0, 0, 0, 0, 0, 0, 0, 0, 0, 0, -10, -123
"d:\projects\flutter\49\49-mobile-app\lib\features\ads_feature\ads\presentation\cubit\ads_state.dart", "Dart", 0, -36, 0, 0, 0, 0, 0, 0, 0, 0, 0, 0, -4, -40
"d:\projects\flutter\49\49-mobile-app\lib\features\ads_feature\ads\presentation\pages\ads_view.dart", "Dart", 0, -118, 0, 0, 0, 0, 0, 0, 0, 0, 0, -1, -11, -130
"d:\projects\flutter\49\49-mobile-app\lib\features\ads_feature\ads\presentation\widgets\ad_card.dart", "Dart", 0, -111, 0, 0, 0, 0, 0, 0, 0, 0, 0, -3, -4, -118
"d:\projects\flutter\49\49-mobile-app\lib\features\ads_feature\create_ad\data\datasources\create_ad_remote_datasource.dart", "Dart", 0, -35, 0, 0, 0, 0, 0, 0, 0, 0, 0, 0, -5, -40
"d:\projects\flutter\49\49-mobile-app\lib\features\ads_feature\create_ad\data\models\ad_property_model.dart", "Dart", 0, -18, 0, 0, 0, 0, 0, 0, 0, 0, 0, 0, -3, -21
"d:\projects\flutter\49\49-mobile-app\lib\features\ads_feature\create_ad\data\repositories\create_ad_repo_impl.dart", "Dart", 0, -20, 0, 0, 0, 0, 0, 0, 0, 0, 0, 0, -6, -26
"d:\projects\flutter\49\49-mobile-app\lib\features\ads_feature\create_ad\domain\entities\ad_properties_entity.dart", "Dart", 0, -34, 0, 0, 0, 0, 0, 0, 0, 0, 0, 0, -4, -38
"d:\projects\flutter\49\49-mobile-app\lib\features\ads_feature\create_ad\domain\entities\categorization_entity.dart", "Dart", 0, -7, 0, 0, 0, 0, 0, 0, 0, 0, 0, 0, -3, -10
"d:\projects\flutter\49\49-mobile-app\lib\features\ads_feature\create_ad\domain\repositories\create_ad_repo.dart", "Dart", 0, -10, 0, 0, 0, 0, 0, 0, 0, 0, 0, 0, -3, -13
"d:\projects\flutter\49\49-mobile-app\lib\features\ads_feature\create_ad\domain\usecases\create_ad_usecase.dart", "Dart", 0, -15, 0, 0, 0, 0, 0, 0, 0, 0, 0, 0, -5, -20
"d:\projects\flutter\49\49-mobile-app\lib\features\ads_feature\create_ad\domain\usecases\get_ad_properties_usecase.dart", "Dart", 0, -15, 0, 0, 0, 0, 0, 0, 0, 0, 0, 0, -4, -19
"d:\projects\flutter\49\49-mobile-app\lib\features\ads_feature\create_ad\presentation\cubit\create_ad_cubit.dart", "Dart", 0, -93, 0, 0, 0, 0, 0, 0, 0, 0, 0, 0, -17, -110
"d:\projects\flutter\49\49-mobile-app\lib\features\ads_feature\create_ad\presentation\cubit\create_ad_state.dart", "Dart", 0, -48, 0, 0, 0, 0, 0, 0, 0, 0, 0, 0, -6, -54
"d:\projects\flutter\49\49-mobile-app\lib\features\ads_feature\create_ad\presentation\pages\create_ad.dart", "Dart", 0, -242, 0, 0, 0, 0, 0, 0, 0, 0, 0, -2, -9, -253
"d:\projects\flutter\49\49-mobile-app\lib\features\ads_feature\create_ad\presentation\widgets\ad_dynamic_inputs.dart", "Dart", 0, -142, 0, 0, 0, 0, 0, 0, 0, 0, 0, 0, -11, -153
"d:\projects\flutter\49\49-mobile-app\lib\features\ads_feature\create_ad\presentation\widgets\select_main_category.dart", "Dart", 0, -37, 0, 0, 0, 0, 0, 0, 0, 0, 0, 0, -4, -41
"d:\projects\flutter\49\49-mobile-app\lib\features\ads_feature\create_ad\presentation\widgets\select_sub_category.dart", "Dart", 0, -37, 0, 0, 0, 0, 0, 0, 0, 0, 0, 0, -5, -42
"d:\projects\flutter\49\49-mobile-app\lib\features\ads_feature\create_company_ad\data\datasources\create_company_ad_remote_datasource.dart", "Dart", 0, -23, 0, 0, 0, 0, 0, 0, 0, 0, 0, 0, -4, -27
"d:\projects\flutter\49\49-mobile-app\lib\features\ads_feature\create_company_ad\data\models\company_ad_model.dart", "Dart", 0, -16, 0, 0, 0, 0, 0, 0, 0, 0, 0, 0, -2, -18
"d:\projects\flutter\49\49-mobile-app\lib\features\ads_feature\create_company_ad\data\models\company_ad_option_model.dart", "Dart", 0, -9, 0, 0, 0, 0, 0, 0, 0, 0, 0, 0, -3, -12
"d:\projects\flutter\49\49-mobile-app\lib\features\ads_feature\create_company_ad\data\repositories\create_company_ad_repo_impl.dart", "Dart", 0, -13, 0, 0, 0, 0, 0, 0, 0, 0, 0, 0, -5, -18
"d:\projects\flutter\49\49-mobile-app\lib\features\ads_feature\create_company_ad\domain\entities\company_ad_entity.dart", "Dart", 0, -8, 0, 0, 0, 0, 0, 0, 0, 0, 0, 0, -2, -10
"d:\projects\flutter\49\49-mobile-app\lib\features\ads_feature\create_company_ad\domain\entities\company_ad_option_entity.dart", "Dart", 0, -7, 0, 0, 0, 0, 0, 0, 0, 0, 0, 0, -1, -8
"d:\projects\flutter\49\49-mobile-app\lib\features\ads_feature\create_company_ad\domain\repositories\create_company_ad_repo.dart", "Dart", 0, -6, 0, 0, 0, 0, 0, 0, 0, 0, 0, 0, -3, -9
"d:\projects\flutter\49\49-mobile-app\lib\features\ads_feature\create_company_ad\domain\usecases\get_company_ads_options_usecase.dart", "Dart", 0, -14, 0, 0, 0, 0, 0, 0, 0, 0, 0, 0, -2, -16
"d:\projects\flutter\49\49-mobile-app\lib\features\ads_feature\create_company_ad\presentation\cubit\create_company_ad_cubit.dart", "Dart", 0, -44, 0, 0, 0, 0, 0, 0, 0, 0, 0, 0, -10, -54
"d:\projects\flutter\49\49-mobile-app\lib\features\ads_feature\create_company_ad\presentation\cubit\create_company_ad_state.dart", "Dart", 0, -26, 0, 0, 0, 0, 0, 0, 0, 0, 0, 0, -2, -28
"d:\projects\flutter\49\49-mobile-app\lib\features\ads_feature\create_company_ad\presentation\pages\create_company_ad.dart", "Dart", 0, -119, 0, 0, 0, 0, 0, 0, 0, 0, 0, 0, -6, -125
"d:\projects\flutter\49\49-mobile-app\lib\features\authentication\data\data_sources\local_data_source\auth_local_data_source.dart", "Dart", 0, -76, 0, 0, 0, 0, 0, 0, 0, 0, 0, 0, -15, -91
"d:\projects\flutter\49\49-mobile-app\lib\features\authentication\data\data_sources\remote_data_source\auth_remote_data_source.dart", "Dart", 0, -170, 0, 0, 0, 0, 0, 0, 0, 0, 0, 0, -25, -195
"d:\projects\flutter\49\49-mobile-app\lib\features\authentication\data\data_sources\remote_data_source\user_remote_data_source.dart", "Dart", 0, -26, 0, 0, 0, 0, 0, 0, 0, 0, 0, -1, -7, -34
"d:\projects\flutter\49\49-mobile-app\lib\features\authentication\data\data_sources\remote_data_source\wallet_data_source.dart", "Dart", 0, -26, 0, 0, 0, 0, 0, 0, 0, 0, 0, -10, -4, -40
"d:\projects\flutter\49\49-mobile-app\lib\features\authentication\data\data_sources\remote_data_source\wallet_datasource.dart", "Dart", 0, -26, 0, 0, 0, 0, 0, 0, 0, 0, 0, -10, -4, -40
"d:\projects\flutter\49\49-mobile-app\lib\features\authentication\data\models\base_user_model.dart", "Dart", 0, -17, 0, 0, 0, 0, 0, 0, 0, 0, 0, 0, -3, -20
"d:\projects\flutter\49\49-mobile-app\lib\features\authentication\data\models\user_model.dart", "Dart", 0, -37, 0, 0, 0, 0, 0, 0, 0, 0, 0, 0, -3, -40
"d:\projects\flutter\49\49-mobile-app\lib\features\authentication\data\models\user_tokens_model.dart", "Dart", 0, -17, 0, 0, 0, 0, 0, 0, 0, 0, 0, 0, -4, -21
"d:\projects\flutter\49\49-mobile-app\lib\features\authentication\data\models\wallet_model.dart", "Dart", 0, -116, 0, 0, 0, 0, 0, 0, 0, 0, 0, 0, -4, -120
"d:\projects\flutter\49\49-mobile-app\lib\features\authentication\data\repositories\auth_repository_impl.dart", "Dart", 0, -141, 0, 0, 0, 0, 0, 0, 0, 0, 0, -2, -23, -166
"d:\projects\flutter\49\49-mobile-app\lib\features\authentication\data\repositories\user_repository_impl.dart", "Dart", 0, -14, 0, 0, 0, 0, 0, 0, 0, 0, 0, -4, -5, -23
"d:\projects\flutter\49\49-mobile-app\lib\features\authentication\data\repositories\wallet_repository.dart", "Dart", 0, -13, 0, 0, 0, 0, 0, 0, 0, 0, 0, 0, -3, -16
"d:\projects\flutter\49\49-mobile-app\lib\features\authentication\domain\entities\base_user_entity.dart", "Dart", 0, -21, 0, 0, 0, 0, 0, 0, 0, 0, 0, 0, -5, -26
"d:\projects\flutter\49\49-mobile-app\lib\features\authentication\domain\entities\user_entity.dart", "Dart", 0, -49, 0, 0, 0, 0, 0, 0, 0, 0, 0, 0, -5, -54
"d:\projects\flutter\49\49-mobile-app\lib\features\authentication\domain\entities\user_tokens_entity.dart", "Dart", 0, -27, 0, 0, 0, 0, 0, 0, 0, 0, 0, 0, -6, -33
"d:\projects\flutter\49\49-mobile-app\lib\features\authentication\domain\repositories\auth_repository.dart", "Dart", 0, -32, 0, 0, 0, 0, 0, 0, 0, 0, 0, -1, -7, -40
"d:\projects\flutter\49\49-mobile-app\lib\features\authentication\domain\repositories\user_repository.dart", "Dart", 0, -8, 0, 0, 0, 0, 0, 0, 0, 0, 0, 0, -4, -12
"d:\projects\flutter\49\49-mobile-app\lib\features\authentication\domain\use_cases\apple_sign_in_usecase.dart", "Dart", 0, -13, 0, 0, 0, 0, 0, 0, 0, 0, 0, 0, -5, -18
"d:\projects\flutter\49\49-mobile-app\lib\features\authentication\domain\use_cases\attach_token_use_case.dart", "Dart", 0, -11, 0, 0, 0, 0, 0, 0, 0, 0, 0, 0, -5, -16
"d:\projects\flutter\49\49-mobile-app\lib\features\authentication\domain\use_cases\create_new_forget_password_use_case.dart", "Dart", 0, -35, 0, 0, 0, 0, 0, 0, 0, 0, 0, 0, -8, -43
"d:\projects\flutter\49\49-mobile-app\lib\features\authentication\domain\use_cases\facebook_sign_in_use_case.dart", "Dart", 0, -13, 0, 0, 0, 0, 0, 0, 0, 0, 0, 0, -4, -17
"d:\projects\flutter\49\49-mobile-app\lib\features\authentication\domain\use_cases\get_tokens_use_case.dart", "Dart", 0, -13, 0, 0, 0, 0, 0, 0, 0, 0, 0, 0, -4, -17
"d:\projects\flutter\49\49-mobile-app\lib\features\authentication\domain\use_cases\get_user_use_case.dart", "Dart", 0, -13, 0, 0, 0, 0, 0, 0, 0, 0, 0, 0, -4, -17
"d:\projects\flutter\49\49-mobile-app\lib\features\authentication\domain\use_cases\get_wallet_use_case.dart", "Dart", 0, 0, 0, 0, 0, 0, 0, 0, 0, 0, 0, 0, -2, -2
"d:\projects\flutter\49\49-mobile-app\lib\features\authentication\domain\use_cases\get_welcome_gift_use_case.dart", "Dart", 0, -12, 0, 0, 0, 0, 0, 0, 0, 0, 0, 0, -5, -17
"d:\projects\flutter\49\49-mobile-app\lib\features\authentication\domain\use_cases\google_sign_in_use_case.dart", "Dart", 0, -25, 0, 0, 0, 0, 0, 0, 0, 0, 0, -1, -9, -35
"d:\projects\flutter\49\49-mobile-app\lib\features\authentication\domain\use_cases\login_use_case.dart", "Dart", 0, -33, 0, 0, 0, 0, 0, 0, 0, 0, 0, -1, -9, -43
"d:\projects\flutter\49\49-mobile-app\lib\features\authentication\domain\use_cases\register_use_case.dart", "Dart", 0, -49, 0, 0, 0, 0, 0, 0, 0, 0, 0, 0, -9, -58
"d:\projects\flutter\49\49-mobile-app\lib\features\authentication\domain\use_cases\resend_otp_use_case.dart", "Dart", 0, -22, 0, 0, 0, 0, 0, 0, 0, 0, 0, 0, -8, -30
"d:\projects\flutter\49\49-mobile-app\lib\features\authentication\domain\use_cases\save_tokens_use_case.dart", "Dart", 0, -13, 0, 0, 0, 0, 0, 0, 0, 0, 0, 0, -4, -17
"d:\projects\flutter\49\49-mobile-app\lib\features\authentication\domain\use_cases\send_forget_password_otp_use_case.dart", "Dart", 0, -22, 0, 0, 0, 0, 0, 0, 0, 0, 0, 0, -8, -30
"d:\projects\flutter\49\49-mobile-app\lib\features\authentication\domain\use_cases\sign_out_usecase.dart", "Dart", 0, -12, 0, 0, 0, 0, 0, 0, 0, 0, 0, 0, -5, -17
"d:\projects\flutter\49\49-mobile-app\lib\features\authentication\domain\use_cases\verify_forget_password_otp_use_case.dart", "Dart", 0, -31, 0, 0, 0, 0, 0, 0, 0, 0, 0, 0, -8, -39
"d:\projects\flutter\49\49-mobile-app\lib\features\authentication\domain\use_cases\verify_otp_use_case.dart", "Dart", 0, -31, 0, 0, 0, 0, 0, 0, 0, 0, 0, 0, -8, -39
"d:\projects\flutter\49\49-mobile-app\lib\features\authentication\presentation\controllers\create_new_forgot_password_cubit\create_new_forgot_password_cubit.dart", "Dart", 0, -34, 0, 0, 0, 0, 0, 0, 0, 0, 0, 0, -6, -40
"d:\projects\flutter\49\49-mobile-app\lib\features\authentication\presentation\controllers\create_new_forgot_password_cubit\create_new_forgot_password_state.dart", "Dart", 0, -14, 0, 0, 0, 0, 0, 0, 0, 0, 0, 0, -7, -21
"d:\projects\flutter\49\49-mobile-app\lib\features\authentication\presentation\controllers\forgot_password_cubit\forgot_password_cubit.dart", "Dart", 0, -29, 0, 0, 0, 0, 0, 0, 0, 0, 0, 0, -5, -34
"d:\projects\flutter\49\49-mobile-app\lib\features\authentication\presentation\controllers\forgot_password_cubit\forgot_password_state.dart", "Dart", 0, -10, 0, 0, 0, 0, 0, 0, 0, 0, 0, 0, -7, -17
"d:\projects\flutter\49\49-mobile-app\lib\features\authentication\presentation\controllers\login_cubit\login_cubit.dart", "Dart", 0, -105, 0, 0, 0, 0, 0, 0, 0, 0, 0, 0, -10, -115
"d:\projects\flutter\49\49-mobile-app\lib\features\authentication\presentation\controllers\login_cubit\login_state.dart", "Dart", 0, -12, 0, 0, 0, 0, 0, 0, 0, 0, 0, 0, -7, -19
"d:\projects\flutter\49\49-mobile-app\lib\features\authentication\presentation\controllers\register_cubit\register_cubit.dart", "Dart", 0, -102, 0, 0, 0, 0, 0, 0, 0, 0, 0, 0, -11, -113
"d:\projects\flutter\49\49-mobile-app\lib\features\authentication\presentation\controllers\register_cubit\register_state.dart", "Dart", 0, -11, 0, 0, 0, 0, 0, 0, 0, 0, 0, 0, -8, -19
"d:\projects\flutter\49\49-mobile-app\lib\features\authentication\presentation\controllers\user_cubit\get_wallet_cubit.dart", "Dart", 0, -22, 0, 0, 0, 0, 0, 0, 0, 0, 0, 0, -4, -26
"d:\projects\flutter\49\49-mobile-app\lib\features\authentication\presentation\controllers\user_cubit\get_wallet_state.dart", "Dart", 0, -8, 0, 0, 0, 0, 0, 0, 0, 0, 0, 0, -6, -14
"d:\projects\flutter\49\49-mobile-app\lib\features\authentication\presentation\controllers\user_cubit\user_cubit.dart", "Dart", 0, -95, 0, 0, 0, 0, 0, 0, 0, 0, 0, -15, -17, -127
"d:\projects\flutter\49\49-mobile-app\lib\features\authentication\presentation\controllers\verify_forgot_password_otp\verify_forgot_password_otp_cubit.dart", "Dart", 0, -25, 0, 0, 0, 0, 0, 0, 0, 0, 0, 0, -8, -33
"d:\projects\flutter\49\49-mobile-app\lib\features\authentication\presentation\controllers\verify_forgot_password_otp\verify_forgot_password_otp_state.dart", "Dart", 0, -14, 0, 0, 0, 0, 0, 0, 0, 0, 0, 0, -7, -21
"d:\projects\flutter\49\49-mobile-app\lib\features\authentication\presentation\controllers\verify_otp_cubit\verify_otp_cubit.dart", "Dart", 0, -46, 0, 0, 0, 0, 0, 0, 0, 0, 0, 0, -8, -54
"d:\projects\flutter\49\49-mobile-app\lib\features\authentication\presentation\controllers\verify_otp_cubit\verify_otp_state.dart", "Dart", 0, -16, 0, 0, 0, 0, 0, 0, 0, 0, 0, 0, -11, -27
"d:\projects\flutter\49\49-mobile-app\lib\features\authentication\presentation\pages\forgot_password\create_new_forget_password_view.dart", "Dart", 0, -78, 0, 0, 0, 0, 0, 0, 0, 0, 0, 0, -6, -84
"d:\projects\flutter\49\49-mobile-app\lib\features\authentication\presentation\pages\forgot_password\enter_email_forgot_password_view.dart", "Dart", 0, -66, 0, 0, 0, 0, 0, 0, 0, 0, 0, 0, -5, -71
"d:\projects\flutter\49\49-mobile-app\lib\features\authentication\presentation\pages\forgot_password\forget_password_otp_verification_view.dart", "Dart", 0, -111, 0, 0, 0, 0, 0, 0, 0, 0, 0, 0, -6, -117
"d:\projects\flutter\49\49-mobile-app\lib\features\authentication\presentation\pages\login_view.dart", "Dart", 0, -530, 0, 0, 0, 0, 0, 0, 0, 0, 0, -144, -18, -692
"d:\projects\flutter\49\49-mobile-app\lib\features\authentication\presentation\pages\register\register_verify_otp.dart", "Dart", 0, -117, 0, 0, 0, 0, 0, 0, 0, 0, 0, 0, -7, -124
"d:\projects\flutter\49\49-mobile-app\lib\features\authentication\presentation\pages\register\register_view.dart", "Dart", 0, -241, 0, 0, 0, 0, 0, 0, 0, 0, 0, -4, -8, -253
"d:\projects\flutter\49\49-mobile-app\lib\features\authentication\presentation\widgets\log_out_widget.dart", "Dart", 0, -56, 0, 0, 0, 0, 0, 0, 0, 0, 0, 0, -5, -61
"d:\projects\flutter\49\49-mobile-app\lib\features\azkaar\presentation\cubit\azkaar_cubit.dart", "Dart", 0, -6, 0, 0, 0, 0, 0, 0, 0, 0, 0, 0, -3, -9
"d:\projects\flutter\49\49-mobile-app\lib\features\azkaar\presentation\cubit\azkaar_state.dart", "Dart", 0, -7, 0, 0, 0, 0, 0, 0, 0, 0, 0, 0, -4, -11
"d:\projects\flutter\49\49-mobile-app\lib\features\azkaar\presentation\pages\azkar_view.dart", "Dart", 0, -11, 0, 0, 0, 0, 0, 0, 0, 0, 0, 0, -4, -15
"d:\projects\flutter\49\49-mobile-app\lib\features\competition\presentation\pages\competition_view.dart", "Dart", 0, -202, 0, 0, 0, 0, 0, 0, 0, 0, 0, -2, -9, -213
"d:\projects\flutter\49\49-mobile-app\lib\features\competition\presentation\pages\winners.dart", "Dart", 0, -73, 0, 0, 0, 0, 0, 0, 0, 0, 0, 0, -5, -78
"d:\projects\flutter\49\49-mobile-app\lib\features\favorites\presentation\cubit\favorites_cubit.dart", "Dart", 0, -6, 0, 0, 0, 0, 0, 0, 0, 0, 0, 0, -3, -9
"d:\projects\flutter\49\49-mobile-app\lib\features\favorites\presentation\cubit\favorites_state.dart", "Dart", 0, -7, 0, 0, 0, 0, 0, 0, 0, 0, 0, 0, -4, -11
"d:\projects\flutter\49\49-mobile-app\lib\features\food_feature\cusine_restaurants\presentation\cubit\cusine_restaurants_cubit.dart", "Dart", 0, -25, 0, 0, 0, 0, 0, 0, 0, 0, 0, 0, -8, -33
"d:\projects\flutter\49\49-mobile-app\lib\features\food_feature\cusine_restaurants\presentation\cubit\cusine_restaurants_state.dart", "Dart", 0, -29, 0, 0, 0, 0, 0, 0, 0, 0, 0, 0, -5, -34
"d:\projects\flutter\49\49-mobile-app\lib\features\food_feature\cusine_restaurants\presentation\pages\cusine_restaurants_view.dart", "Dart", 0, -31, 0, 0, 0, 0, 0, 0, 0, 0, 0, -1, -4, -36
"d:\projects\flutter\49\49-mobile-app\lib\features\food_feature\food_cart\data\datasources\food_cart_remote_datasource.dart", "Dart", 0, -38, 0, 0, 0, 0, 0, 0, 0, 0, 0, 0, -7, -45
"d:\projects\flutter\49\49-mobile-app\lib\features\food_feature\food_cart\data\models\cart_item_model.dart", "Dart", 0, -24, 0, 0, 0, 0, 0, 0, 0, 0, 0, 0, -3, -27
"d:\projects\flutter\49\49-mobile-app\lib\features\food_feature\food_cart\data\models\cart_model.dart", "Dart", 0, -12, 0, 0, 0, 0, 0, 0, 0, 0, 0, 0, -3, -15
"d:\projects\flutter\49\49-mobile-app\lib\features\food_feature\food_cart\data\models\food_cart_model.dart", "Dart", 0, -18, 0, 0, 0, 0, 0, 0, 0, 0, 0, 0, -2, -20
"d:\projects\flutter\49\49-mobile-app\lib\features\food_feature\food_cart\data\models\master_model.dart", "Dart", 0, -10, 0, 0, 0, 0, 0, 0, 0, 0, 0, 0, -2, -12
"d:\projects\flutter\49\49-mobile-app\lib\features\food_feature\food_cart\data\repositories\food_cart_repo_impl.dart", "Dart", 0, -23, 0, 0, 0, 0, 0, 0, 0, 0, 0, 0, -8, -31
"d:\projects\flutter\49\49-mobile-app\lib\features\food_feature\food_cart\domain\entities\cart_entity.dart", "Dart", 0, -6, 0, 0, 0, 0, 0, 0, 0, 0, 0, 0, -2, -8
"d:\projects\flutter\49\49-mobile-app\lib\features\food_feature\food_cart\domain\entities\cart_item_entity.dart", "Dart", 0, -15, 0, 0, 0, 0, 0, 0, 0, 0, 0, 0, -3, -18
"d:\projects\flutter\49\49-mobile-app\lib\features\food_feature\food_cart\domain\entities\food_cart_entity.dart", "Dart", 0, -11, 0, 0, 0, 0, 0, 0, 0, 0, 0, 0, -4, -15
"d:\projects\flutter\49\49-mobile-app\lib\features\food_feature\food_cart\domain\entities\master_entity.dart", "Dart", 0, -5, 0, 0, 0, 0, 0, 0, 0, 0, 0, 0, -1, -6
"d:\projects\flutter\49\49-mobile-app\lib\features\food_feature\food_cart\domain\repositories\food_cart_repo.dart", "Dart", 0, -12, 0, 0, 0, 0, 0, 0, 0, 0, 0, 0, -3, -15
"d:\projects\flutter\49\49-mobile-app\lib\features\food_feature\food_cart\domain\usecases\get_cart_usecase.dart", "Dart", 0, -13, 0, 0, 0, 0, 0, 0, 0, 0, 0, 0, -2, -15
"d:\projects\flutter\49\49-mobile-app\lib\features\food_feature\food_cart\domain\usecases\place_order_usecase.dart", "Dart", 0, -12, 0, 0, 0, 0, 0, 0, 0, 0, 0, 0, -2, -14
"d:\projects\flutter\49\49-mobile-app\lib\features\food_feature\food_cart\domain\usecases\remove_from_cart_usecase.dart", "Dart", 0, -19, 0, 0, 0, 0, 0, 0, 0, 0, 0, 0, -3, -22
"d:\projects\flutter\49\49-mobile-app\lib\features\food_feature\food_cart\presentation\cubit\food_cart_cubit.dart", "Dart", 0, -32, 0, 0, 0, 0, 0, 0, 0, 0, 0, 0, -5, -37
"d:\projects\flutter\49\49-mobile-app\lib\features\food_feature\food_cart\presentation\pages\cart_view.dart", "Dart", 0, -45, 0, 0, 0, 0, 0, 0, 0, 0, 0, -1, -4, -50
"d:\projects\flutter\49\49-mobile-app\lib\features\food_feature\restaurant_dashboard\data\datasources\restaurant_dashboard_remote_datasource.dart", "Dart", 0, -38, 0, 0, 0, 0, 0, 0, 0, 0, 0, 0, -7, -45
"d:\projects\flutter\49\49-mobile-app\lib\features\food_feature\restaurant_dashboard\data\repositories\restaurant_dashboard_repo_impl.dart", "Dart", 0, -25, 0, 0, 0, 0, 0, 0, 0, 0, 0, 0, -8, -33
"d:\projects\flutter\49\49-mobile-app\lib\features\food_feature\restaurant_dashboard\domain\repositories\restaurant_dashboard_repo.dart", "Dart", 0, -9, 0, 0, 0, 0, 0, 0, 0, 0, 0, 0, -3, -12
"d:\projects\flutter\49\49-mobile-app\lib\features\food_feature\restaurant_dashboard\domain\usecases\get_restaurant_orders_usecase.dart", "Dart", 0, -14, 0, 0, 0, 0, 0, 0, 0, 0, 0, 0, -5, -19
"d:\projects\flutter\49\49-mobile-app\lib\features\food_feature\restaurant_dashboard\presentation\cubit\restaurant_dashboard_cubit.dart", "Dart", 0, -40, 0, 0, 0, 0, 0, 0, 0, 0, 0, 0, -9, -49
"d:\projects\flutter\49\49-mobile-app\lib\features\food_feature\restaurant_dashboard\presentation\cubit\restaurant_dashboard_state.dart", "Dart", 0, -28, 0, 0, 0, 0, 0, 0, 0, 0, 0, 0, -3, -31
"d:\projects\flutter\49\49-mobile-app\lib\features\food_feature\restaurant_dashboard\presentation\pages\restaurant_dashboard_view.dart", "Dart", 0, -61, 0, 0, 0, 0, 0, 0, 0, 0, 0, 0, -4, -65
"d:\projects\flutter\49\49-mobile-app\lib\features\food_feature\restaurant_dashboard\presentation\widgets\restaurant_order_card.dart", "Dart", 0, -133, 0, 0, 0, 0, 0, 0, 0, 0, 0, -1, -8, -142
"d:\projects\flutter\49\49-mobile-app\lib\features\food_feature\restaurant_details\data\datasources\restaurant_details_remote_data_source.dart", "Dart", 0, -45, 0, 0, 0, 0, 0, 0, 0, 0, 0, 0, -7, -52
"d:\projects\flutter\49\49-mobile-app\lib\features\food_feature\restaurant_details\data\models\meal_model.dart", "Dart", 0, -35, 0, 0, 0, 0, 0, 0, 0, 0, 0, 0, -3, -38
"d:\projects\flutter\49\49-mobile-app\lib\features\food_feature\restaurant_details\data\models\option_model.dart", "Dart", 0, -11, 0, 0, 0, 0, 0, 0, 0, 0, 0, 0, -2, -13
"d:\projects\flutter\49\49-mobile-app\lib\features\food_feature\restaurant_details\data\models\selected_meal_model.dart", "Dart", 0, -20, 0, 0, 0, 0, 0, 0, 0, 0, 0, 0, -4, -24
"d:\projects\flutter\49\49-mobile-app\lib\features\food_feature\restaurant_details\data\models\selected_variation_model.dart", "Dart", 0, -12, 0, 0, 0, 0, 0, 0, 0, 0, 0, 0, -4, -16
"d:\projects\flutter\49\49-mobile-app\lib\features\food_feature\restaurant_details\data\models\variation_model.dart", "Dart", 0, -15, 0, 0, 0, 0, 0, 0, 0, 0, 0, 0, -2, -17
"d:\projects\flutter\49\49-mobile-app\lib\features\food_feature\restaurant_details\data\repositories\restaurant_details_repo_impl.dart", "Dart", 0, -25, 0, 0, 0, 0, 0, 0, 0, 0, 0, 0, -6, -31
"d:\projects\flutter\49\49-mobile-app\lib\features\food_feature\restaurant_details\domain\entities\meal_entity.dart", "Dart", 0, -24, 0, 0, 0, 0, 0, 0, 0, 0, 0, 0, -3, -27
"d:\projects\flutter\49\49-mobile-app\lib\features\food_feature\restaurant_details\domain\entities\option_entity.dart", "Dart", 0, -6, 0, 0, 0, 0, 0, 0, 0, 0, 0, 0, -1, -7
"d:\projects\flutter\49\49-mobile-app\lib\features\food_feature\restaurant_details\domain\entities\selected_meal_entity.dart", "Dart", 0, -27, 0, 0, 0, 0, 0, 0, 0, 0, 0, 0, -4, -31
"d:\projects\flutter\49\49-mobile-app\lib\features\food_feature\restaurant_details\domain\entities\variation_entity.dart", "Dart", 0, -11, 0, 0, 0, 0, 0, 0, 0, 0, 0, 0, -2, -13
"d:\projects\flutter\49\49-mobile-app\lib\features\food_feature\restaurant_details\domain\repositories\restaurant_details_repo.dart", "Dart", 0, -12, 0, 0, 0, 0, 0, 0, 0, 0, 0, 0, -5, -17
"d:\projects\flutter\49\49-mobile-app\lib\features\food_feature\restaurant_details\domain\usecases\add_to_cart_usecase.dart", "Dart", 0, -13, 0, 0, 0, 0, 0, 0, 0, 0, 0, 0, -5, -18
"d:\projects\flutter\49\49-mobile-app\lib\features\food_feature\restaurant_details\domain\usecases\get_meals_usecase.dart", "Dart", 0, -13, 0, 0, 0, 0, 0, 0, 0, 0, 0, 0, -4, -17
"d:\projects\flutter\49\49-mobile-app\lib\features\food_feature\restaurant_details\domain\usecases\get_restaurant_details_usecase.dart", "Dart", 0, -13, 0, 0, 0, 0, 0, 0, 0, 0, 0, 0, -4, -17
"d:\projects\flutter\49\49-mobile-app\lib\features\food_feature\restaurant_details\presentation\cubit\restaurant_details_cubit.dart", "Dart", 0, -59, 0, 0, 0, 0, 0, 0, 0, 0, 0, 0, -11, -70
"d:\projects\flutter\49\49-mobile-app\lib\features\food_feature\restaurant_details\presentation\cubit\restaurant_details_state.dart", "Dart", 0, -35, 0, 0, 0, 0, 0, 0, 0, 0, 0, 0, -5, -40
"d:\projects\flutter\49\49-mobile-app\lib\features\food_feature\restaurant_details\presentation\pages\restaurant_details_view.dart", "Dart", 0, -112, 0, 0, 0, 0, 0, 0, 0, 0, 0, -1, -10, -123
"d:\projects\flutter\49\49-mobile-app\lib\features\food_feature\restaurant_details\presentation\widgets\cart_item_card.dart", "Dart", 0, -76, 0, 0, 0, 0, 0, 0, 0, 0, 0, 0, -4, -80
"d:\projects\flutter\49\49-mobile-app\lib\features\food_feature\restaurant_details\presentation\widgets\meal_card.dart", "Dart", 0, -77, 0, 0, 0, 0, 0, 0, 0, 0, 0, 0, -4, -81
"d:\projects\flutter\49\49-mobile-app\lib\features\food_feature\restaurant_details\presentation\widgets\meal_details.dart", "Dart", 0, -216, 0, 0, 0, 0, 0, 0, 0, 0, 0, 0, -18, -234
"d:\projects\flutter\49\49-mobile-app\lib\features\food_feature\restaurant_details\presentation\widgets\restaurant_header.dart", "Dart", 0, -116, 0, 0, 0, 0, 0, 0, 0, 0, 0, -1, -5, -122
"d:\projects\flutter\49\49-mobile-app\lib\features\food_feature\restaurants_list\data\datasources\restaurants_remote_data_source.dart", "Dart", 0, -106, 0, 0, 0, 0, 0, 0, 0, 0, 0, 0, -10, -116
"d:\projects\flutter\49\49-mobile-app\lib\features\food_feature\restaurants_list\data\models\cuisine_model.dart", "Dart", 0, -16, 0, 0, 0, 0, 0, 0, 0, 0, 0, 0, -4, -20
"d:\projects\flutter\49\49-mobile-app\lib\features\food_feature\restaurants_list\data\models\food_category_model.dart", "Dart", 0, -20, 0, 0, 0, 0, 0, 0, 0, 0, 0, 0, -5, -25
"d:\projects\flutter\49\49-mobile-app\lib\features\food_feature\restaurants_list\data\models\restaurant_2_model.dart", "Dart", 0, -28, 0, 0, 0, 0, 0, 0, 0, 0, 0, 0, -5, -33
"d:\projects\flutter\49\49-mobile-app\lib\features\food_feature\restaurants_list\data\models\restaurant_location_model.dart", "Dart", 0, -16, 0, 0, 0, 0, 0, 0, 0, 0, 0, 0, -2, -18
"d:\projects\flutter\49\49-mobile-app\lib\features\food_feature\restaurants_list\data\models\restaurant_media_model.dart", "Dart", 0, -13, 0, 0, 0, 0, 0, 0, 0, 0, 0, 0, -5, -18
"d:\projects\flutter\49\49-mobile-app\lib\features\food_feature\restaurants_list\data\models\restaurant_mneu_model.dart", "Dart", 0, -18, 0, 0, 0, 0, 0, 0, 0, 0, 0, 0, -4, -22
"d:\projects\flutter\49\49-mobile-app\lib\features\food_feature\restaurants_list\data\models\restaurant_model.dart", "Dart", 0, -82, 0, 0, 0, 0, 0, 0, 0, 0, 0, 0, -6, -88
"d:\projects\flutter\49\49-mobile-app\lib\features\food_feature\restaurants_list\data\repositories\restaurant_list_repo_impl.dart", "Dart", 0, -48, 0, 0, 0, 0, 0, 0, 0, 0, 0, 0, -11, -59
"d:\projects\flutter\49\49-mobile-app\lib\features\food_feature\restaurants_list\domain\entities\cusine_entity.dart", "Dart", 0, -5, 0, 0, 0, 0, 0, 0, 0, 0, 0, 0, -2, -7
"d:\projects\flutter\49\49-mobile-app\lib\features\food_feature\restaurants_list\domain\entities\food_category_entity.dart", "Dart", 0, -46, 0, 0, 0, 0, 0, 0, 0, 0, 0, 0, -4, -50
"d:\projects\flutter\49\49-mobile-app\lib\features\food_feature\restaurants_list\domain\entities\restaurant.dart", "Dart", 0, -71, 0, 0, 0, 0, 0, 0, 0, 0, 0, 0, -2, -73
"d:\projects\flutter\49\49-mobile-app\lib\features\food_feature\restaurants_list\domain\entities\restaurant_entity.dart", "Dart", 0, -34, 0, 0, 0, 0, 0, 0, 0, 0, 0, 0, -3, -37
"d:\projects\flutter\49\49-mobile-app\lib\features\food_feature\restaurants_list\domain\entities\restaurant_location_entity.dart", "Dart", 0, -11, 0, 0, 0, 0, 0, 0, 0, 0, 0, 0, -2, -13
"d:\projects\flutter\49\49-mobile-app\lib\features\food_feature\restaurants_list\domain\entities\restaurant_media.dart", "Dart", 0, -17, 0, 0, 0, 0, 0, 0, 0, 0, 0, 0, -2, -19
"d:\projects\flutter\49\49-mobile-app\lib\features\food_feature\restaurants_list\domain\entities\restaurant_mneu.dart", "Dart", 0, -35, 0, 0, 0, 0, 0, 0, 0, 0, 0, 0, -2, -37
"d:\projects\flutter\49\49-mobile-app\lib\features\food_feature\restaurants_list\domain\repositories\resturant_list_repo.dart", "Dart", 0, -25, 0, 0, 0, 0, 0, 0, 0, 0, 0, 0, -5, -30
"d:\projects\flutter\49\49-mobile-app\lib\features\food_feature\restaurants_list\domain\usecases\get_all_restaurant_use_case.dart", "Dart", 0, -12, 0, 0, 0, 0, 0, 0, 0, 0, 0, 0, -3, -15
"d:\projects\flutter\49\49-mobile-app\lib\features\food_feature\restaurants_list\domain\usecases\get_meal_categories_with_count_restaurants_use_case.dart", "Dart", 0, -13, 0, 0, 0, 0, 0, 0, 0, 0, 0, 0, -4, -17
"d:\projects\flutter\49\49-mobile-app\lib\features\food_feature\restaurants_list\domain\usecases\get_nearby_restaurants_usecase.dart", "Dart", 0, -19, 0, 0, 0, 0, 0, 0, 0, 0, 0, 0, -4, -23
"d:\projects\flutter\49\49-mobile-app\lib\features\food_feature\restaurants_list\domain\usecases\get_num_of_resturant_use_case.dart", "Dart", 0, -10, 0, 0, 0, 0, 0, 0, 0, 0, 0, 0, -4, -14
"d:\projects\flutter\49\49-mobile-app\lib\features\food_feature\restaurants_list\domain\usecases\get_trending_restaurants_usecase.dart", "Dart", 0, -15, 0, 0, 0, 0, 0, 0, 0, 0, 0, 0, -3, -18
"d:\projects\flutter\49\49-mobile-app\lib\features\food_feature\restaurants_list\domain\usecases\getsubcategory_restaurants_usecase.dart", "Dart", 0, -14, 0, 0, 0, 0, 0, 0, 0, 0, 0, 0, -4, -18
"d:\projects\flutter\49\49-mobile-app\lib\features\food_feature\restaurants_list\domain\usecases\is_resturant_usecase.dart", "Dart", 0, -12, 0, 0, 0, 0, 0, 0, 0, 0, 0, 0, -4, -16
"d:\projects\flutter\49\49-mobile-app\lib\features\food_feature\restaurants_list\presentation\cubit\create_resturant_cubit.dart", "Dart", 0, -281, 0, 0, 0, 0, 0, 0, 0, 0, 0, -6, -37, -324
"d:\projects\flutter\49\49-mobile-app\lib\features\food_feature\restaurants_list\presentation\cubit\create_resturant_state.dart", "Dart", 0, -64, 0, 0, 0, 0, 0, 0, 0, 0, 0, 0, -20, -84
"d:\projects\flutter\49\49-mobile-app\lib\features\food_feature\restaurants_list\presentation\cubit\restaurants_list_cubit.dart", "Dart", 0, -159, 0, 0, 0, 0, 0, 0, 0, 0, 0, -5, -16, -180
"d:\projects\flutter\49\49-mobile-app\lib\features\food_feature\restaurants_list\presentation\cubit\restaurants_list_state.dart", "Dart", 0, -66, 0, 0, 0, 0, 0, 0, 0, 0, 0, 0, -5, -71
"d:\projects\flutter\49\49-mobile-app\lib\features\food_feature\restaurants_list\presentation\pages\create_resturant_view.dart", "Dart", 0, -123, 0, 0, 0, 0, 0, 0, 0, 0, 0, 0, -5, -128
"d:\projects\flutter\49\49-mobile-app\lib\features\food_feature\restaurants_list\presentation\pages\restaurants_lists_view.dart", "Dart", 0, -155, 0, 0, 0, 0, 0, 0, 0, 0, 0, -1, -8, -164
"d:\projects\flutter\49\49-mobile-app\lib\features\food_feature\restaurants_list\presentation\pages\widgets\banner.dart", "Dart", 0, -48, 0, 0, 0, 0, 0, 0, 0, 0, 0, 0, -4, -52
"d:\projects\flutter\49\49-mobile-app\lib\features\food_feature\restaurants_list\presentation\pages\widgets\meal_categories.dart", "Dart", 0, -48, 0, 0, 0, 0, 0, 0, 0, 0, 0, 0, -4, -52
"d:\projects\flutter\49\49-mobile-app\lib\features\food_feature\restaurants_list\presentation\pages\widgets\meal_category_card.dart", "Dart", 0, -95, 0, 0, 0, 0, 0, 0, 0, 0, 0, 0, -4, -99
"d:\projects\flutter\49\49-mobile-app\lib\features\food_feature\restaurants_list\presentation\pages\widgets\resturant_dashboard_banner.dart", "Dart", 0, -25, 0, 0, 0, 0, 0, 0, 0, 0, 0, 0, -3, -28
"d:\projects\flutter\49\49-mobile-app\lib\features\food_feature\restaurants_list\presentation\widgets\offer_card.dart", "Dart", 0, -41, 0, 0, 0, 0, 0, 0, 0, 0, 0, 0, -4, -45
"d:\projects\flutter\49\49-mobile-app\lib\features\food_feature\restaurants_list\presentation\widgets\restaurant_card.dart", "Dart", 0, -134, 0, 0, 0, 0, 0, 0, 0, 0, 0, 0, -5, -139
"d:\projects\flutter\49\49-mobile-app\lib\features\fourty_nine\data\data_sources\remote_data_source\fourty_nine_remote_data_source.dart", "Dart", 0, -105, 0, 0, 0, 0, 0, 0, 0, 0, 0, 0, -16, -121
"d:\projects\flutter\49\49-mobile-app\lib\features\fourty_nine\data\models\banner_model.dart", "Dart", 0, -18, 0, 0, 0, 0, 0, 0, 0, 0, 0, 0, -4, -22
"d:\projects\flutter\49\49-mobile-app\lib\features\fourty_nine\data\models\main_category_model.dart", "Dart", 0, -30, 0, 0, 0, 0, 0, 0, 0, 0, 0, 0, -4, -34
"d:\projects\flutter\49\49-mobile-app\lib\features\fourty_nine\data\models\parent_main_category_model.dart", "Dart", 0, -21, 0, 0, 0, 0, 0, 0, 0, 0, 0, 0, -4, -25
"d:\projects\flutter\49\49-mobile-app\lib\features\fourty_nine\data\models\slider_item_model.dart", "Dart", 0, -18, 0, 0, 0, 0, 0, 0, 0, 0, 0, 0, -2, -20
"d:\projects\flutter\49\49-mobile-app\lib\features\fourty_nine\data\repositories\fourty_nine_repository_impl.dart", "Dart", 0, -44, 0, 0, 0, 0, 0, 0, 0, 0, 0, 0, -11, -55
"d:\projects\flutter\49\49-mobile-app\lib\features\fourty_nine\domain\entities\banner.dart", "Dart", 0, -37, 0, 0, 0, 0, 0, 0, 0, 0, 0, 0, -2, -39
"d:\projects\flutter\49\49-mobile-app\lib\features\fourty_nine\domain\entities\main_category_entity.dart", "Dart", 0, -32, 0, 0, 0, 0, 0, 0, 0, 0, 0, 0, -5, -37
"d:\projects\flutter\49\49-mobile-app\lib\features\fourty_nine\domain\entities\parent_main_category_entity.dart", "Dart", 0, -21, 0, 0, 0, 0, 0, 0, 0, 0, 0, 0, -5, -26
"d:\projects\flutter\49\49-mobile-app\lib\features\fourty_nine\domain\entities\slider_item_entity.dart", "Dart", 0, -13, 0, 0, 0, 0, 0, 0, 0, 0, 0, 0, -1, -14
"d:\projects\flutter\49\49-mobile-app\lib\features\fourty_nine\domain\repositories\fourty_nine_repository.dart", "Dart", 0, -18, 0, 0, 0, 0, 0, 0, 0, 0, 0, 0, -8, -26
"d:\projects\flutter\49\49-mobile-app\lib\features\fourty_nine\domain\use_cases\add_main_category_to_favorites_usecase.dart", "Dart", 0, -12, 0, 0, 0, 0, 0, 0, 0, 0, 0, 0, -4, -16
"d:\projects\flutter\49\49-mobile-app\lib\features\fourty_nine\domain\use_cases\get_banner_by_id_use_case.dart", "Dart", 0, -11, 0, 0, 0, 0, 0, 0, 0, 0, 0, 0, -3, -14
"d:\projects\flutter\49\49-mobile-app\lib\features\fourty_nine\domain\use_cases\get_main_categories_use_case.dart", "Dart", 0, -17, 0, 0, 0, 0, 0, 0, 0, 0, 0, 0, -5, -22
"d:\projects\flutter\49\49-mobile-app\lib\features\fourty_nine\domain\use_cases\get_main_category_details_usecase.dart", "Dart", 0, -14, 0, 0, 0, 0, 0, 0, 0, 0, 0, 0, -2, -16
"d:\projects\flutter\49\49-mobile-app\lib\features\fourty_nine\domain\use_cases\get_parent_main_categories_use_case.dart", "Dart", 0, -16, 0, 0, 0, 0, 0, 0, 0, 0, 0, 0, -5, -21
"d:\projects\flutter\49\49-mobile-app\lib\features\fourty_nine\domain\use_cases\get_slider_items_usecase.dart", "Dart", 0, -15, 0, 0, 0, 0, 0, 0, 0, 0, 0, 0, -5, -20
"d:\projects\flutter\49\49-mobile-app\lib\features\fourty_nine\domain\use_cases\remove_main_category_to_favorites_usecase.dart", "Dart", 0, -12, 0, 0, 0, 0, 0, 0, 0, 0, 0, 0, -4, -16
"d:\projects\flutter\49\49-mobile-app\lib\features\fourty_nine\presentation\controllers\main_categories_cubit\main_categories_cubit.dart", "Dart", 0, -48, 0, 0, 0, 0, 0, 0, 0, 0, 0, -4, -12, -64
"d:\projects\flutter\49\49-mobile-app\lib\features\fourty_nine\presentation\controllers\main_categories_taps_cubit\main_categories_taps_cubit.dart", "Dart", 0, -60, 0, 0, 0, 0, 0, 0, 0, 0, 0, 0, -10, -70
"d:\projects\flutter\49\49-mobile-app\lib\features\fourty_nine\presentation\controllers\main_categories_taps_cubit\main_categories_taps_state.dart", "Dart", 0, -23, 0, 0, 0, 0, 0, 0, 0, 0, 0, 0, -4, -27
"d:\projects\flutter\49\49-mobile-app\lib\features\fourty_nine\presentation\controllers\shared\fourty_nine_shared_data.dart", "Dart", 0, -8, 0, 0, 0, 0, 0, 0, 0, 0, 0, 0, -5, -13
"d:\projects\flutter\49\49-mobile-app\lib\features\fourty_nine\presentation\controllers\slider_cubit.dart\slider_cubit.dart", "Dart", 0, -35, 0, 0, 0, 0, 0, 0, 0, 0, 0, 0, -6, -41
"d:\projects\flutter\49\49-mobile-app\lib\features\fourty_nine\presentation\controllers\thumbnails\thumbnails_cubit.dart", "Dart", 0, -29, 0, 0, 0, 0, 0, 0, 0, 0, 0, 0, -6, -35
"d:\projects\flutter\49\49-mobile-app\lib\features\fourty_nine\presentation\pages\fourty_nine.dart", "Dart", 0, -371, 0, 0, 0, 0, 0, 0, 0, 0, 0, -8, -14, -393
"d:\projects\flutter\49\49-mobile-app\lib\features\fourty_nine\presentation\pages\main_categories_cards_view.dart", "Dart", 0, -103, 0, 0, 0, 0, 0, 0, 0, 0, 0, 0, -3, -106
"d:\projects\flutter\49\49-mobile-app\lib\features\fourty_nine\presentation\pages\main_categories_taps_view.dart", "Dart", 0, -102, 0, 0, 0, 0, 0, 0, 0, 0, 0, 0, -3, -105
"d:\projects\flutter\49\49-mobile-app\lib\features\fourty_nine\presentation\widgets\ads_text_banner.dart", "Dart", 0, -24, 0, 0, 0, 0, 0, 0, 0, 0, 0, 0, -4, -28
"d:\projects\flutter\49\49-mobile-app\lib\features\fourty_nine\presentation\widgets\advertise_your_company.dart", "Dart", 0, -52, 0, 0, 0, 0, 0, 0, 0, 0, 0, 0, -4, -56
"d:\projects\flutter\49\49-mobile-app\lib\features\fourty_nine\presentation\widgets\announce_widget.dart", "Dart", 0, -75, 0, 0, 0, 0, 0, 0, 0, 0, 0, -1, -4, -80
"d:\projects\flutter\49\49-mobile-app\lib\features\fourty_nine\presentation\widgets\main_category_card.dart", "Dart", 0, -108, 0, 0, 0, 0, 0, 0, 0, 0, 0, 0, -4, -112
"d:\projects\flutter\49\49-mobile-app\lib\features\fourty_nine\presentation\widgets\register_options.dart", "Dart", 0, 0, 0, 0, 0, 0, 0, 0, 0, 0, 0, 0, -1, -1
"d:\projects\flutter\49\49-mobile-app\lib\features\health_feature\booking\data\datasources\book_doctor_appointment_remote_datasource.dart", "Dart", 0, -34, 0, 0, 0, 0, 0, 0, 0, 0, 0, 0, -8, -42
"d:\projects\flutter\49\49-mobile-app\lib\features\health_feature\booking\data\repositories\book_doctor_appointment_repo_impl.dart", "Dart", 0, -19, 0, 0, 0, 0, 0, 0, 0, 0, 0, 0, -6, -25
"d:\projects\flutter\49\49-mobile-app\lib\features\health_feature\booking\domain\repositories\book_doctor_appointment_repo.dart", "Dart", 0, -9, 0, 0, 0, 0, 0, 0, 0, 0, 0, 0, -4, -13
"d:\projects\flutter\49\49-mobile-app\lib\features\health_feature\booking\domain\usecases\book_premium_appointment.dart", "Dart", 0, -14, 0, 0, 0, 0, 0, 0, 0, 0, 0, 0, -2, -16
"d:\projects\flutter\49\49-mobile-app\lib\features\health_feature\booking\domain\usecases\book_regular_appointment.dart", "Dart", 0, -28, 0, 0, 0, 0, 0, 0, 0, 0, 0, 0, -6, -34
"d:\projects\flutter\49\49-mobile-app\lib\features\health_feature\booking\presentation\cubit\book_doctor_appointment_cubit.dart", "Dart", 0, -81, 0, 0, 0, 0, 0, 0, 0, 0, 0, 0, -16, -97
"d:\projects\flutter\49\49-mobile-app\lib\features\health_feature\booking\presentation\cubit\book_doctor_appointment_state.dart", "Dart", 0, -14, 0, 0, 0, 0, 0, 0, 0, 0, 0, 0, -7, -21
"d:\projects\flutter\49\49-mobile-app\lib\features\health_feature\booking\presentation\pages\visita_booking.dart", "Dart", 0, -103, 0, 0, 0, 0, 0, 0, 0, 0, 0, 0, -9, -112
"d:\projects\flutter\49\49-mobile-app\lib\features\health_feature\booking\presentation\widgets\doctor_profile.dart", "Dart", 0, -47, 0, 0, 0, 0, 0, 0, 0, 0, 0, 0, -3, -50
"d:\projects\flutter\49\49-mobile-app\lib\features\health_feature\booking\presentation\widgets\info.dart", "Dart", 0, -50, 0, 0, 0, 0, 0, 0, 0, 0, 0, 0, -3, -53
"d:\projects\flutter\49\49-mobile-app\lib\features\health_feature\booking\presentation\widgets\location.dart", "Dart", 0, -27, 0, 0, 0, 0, 0, 0, 0, 0, 0, 0, -3, -30
"d:\projects\flutter\49\49-mobile-app\lib\features\health_feature\booking\presentation\widgets\patient_info.dart", "Dart", 0, -119, 0, 0, 0, 0, 0, 0, 0, 0, 0, 0, -9, -128
"d:\projects\flutter\49\49-mobile-app\lib\features\health_feature\booking\presentation\widgets\price.dart", "Dart", 0, -24, 0, 0, 0, 0, 0, 0, 0, 0, 0, 0, -3, -27
"d:\projects\flutter\49\49-mobile-app\lib\features\health_feature\booking\presentation\widgets\time.dart", "Dart", 0, -29, 0, 0, 0, 0, 0, 0, 0, 0, 0, 0, -3, -32
"d:\projects\flutter\49\49-mobile-app\lib\features\health_feature\create_doctor\data\datasources\create_doctor_remote_datasource.dart", "Dart", 0, -49, 0, 0, 0, 0, 0, 0, 0, 0, 0, 0, -6, -55
"d:\projects\flutter\49\49-mobile-app\lib\features\health_feature\create_doctor\data\models\city_model.dart", "Dart", 0, -18, 0, 0, 0, 0, 0, 0, 0, 0, 0, 0, -4, -22
"d:\projects\flutter\49\49-mobile-app\lib\features\health_feature\create_doctor\data\models\doctor_address.dart", "Dart", 0, -21, 0, 0, 0, 0, 0, 0, 0, 0, 0, 0, -4, -25
"d:\projects\flutter\49\49-mobile-app\lib\features\health_feature\create_doctor\data\models\doctor_day_model.dart", "Dart", 0, -30, 0, 0, 0, 0, 0, 0, 0, 0, 0, 0, -5, -35
"d:\projects\flutter\49\49-mobile-app\lib\features\health_feature\create_doctor\data\models\governrate_model.dart", "Dart", 0, -18, 0, 0, 0, 0, 0, 0, 0, 0, 0, 0, -4, -22
"d:\projects\flutter\49\49-mobile-app\lib\features\health_feature\create_doctor\data\repositories\create_repo_doctor_imp.dart", "Dart", 0, -23, 0, 0, 0, 0, 0, 0, 0, 0, 0, 0, -6, -29
"d:\projects\flutter\49\49-mobile-app\lib\features\health_feature\create_doctor\domain\entities\city.dart", "Dart", 0, -6, 0, 0, 0, 0, 0, 0, 0, 0, 0, 0, -2, -8
"d:\projects\flutter\49\49-mobile-app\lib\features\health_feature\create_doctor\domain\entities\doctor_address.dart", "Dart", 0, -9, 0, 0, 0, 0, 0, 0, 0, 0, 0, 0, -1, -10
"d:\projects\flutter\49\49-mobile-app\lib\features\health_feature\create_doctor\domain\entities\doctor_day_entity.dart", "Dart", 0, -14, 0, 0, 0, 0, 0, 0, 0, 0, 0, 0, -3, -17
"d:\projects\flutter\49\49-mobile-app\lib\features\health_feature\create_doctor\domain\entities\doctor_locatoin.dart", "Dart", 0, -10, 0, 0, 0, 0, 0, 0, 0, 0, 0, 0, -2, -12
"d:\projects\flutter\49\49-mobile-app\lib\features\health_feature\create_doctor\domain\entities\governorate_entity.dart", "Dart", 0, -7, 0, 0, 0, 0, 0, 0, 0, 0, 0, 0, -2, -9
"d:\projects\flutter\49\49-mobile-app\lib\features\health_feature\create_doctor\domain\repositories\create_doctor_repo.dart", "Dart", 0, -10, 0, 0, 0, 0, 0, 0, 0, 0, 0, 0, -2, -12
"d:\projects\flutter\49\49-mobile-app\lib\features\health_feature\create_doctor\domain\usecases\create_doctor.dart", "Dart", 0, -158, 0, 0, 0, 0, 0, 0, 0, 0, 0, -2, -19, -179
"d:\projects\flutter\49\49-mobile-app\lib\features\health_feature\create_doctor\domain\usecases\get_cities.dart", "Dart", 0, -13, 0, 0, 0, 0, 0, 0, 0, 0, 0, 0, -4, -17
"d:\projects\flutter\49\49-mobile-app\lib\features\health_feature\create_doctor\domain\usecases\get_governorates.dart", "Dart", 0, -14, 0, 0, 0, 0, 0, 0, 0, 0, 0, 0, -4, -18
"d:\projects\flutter\49\49-mobile-app\lib\features\health_feature\create_doctor\presentation\cubit\create_doctor_cubit.dart", "Dart", 0, -281, 0, 0, 0, 0, 0, 0, 0, 0, 0, -6, -37, -324
"d:\projects\flutter\49\49-mobile-app\lib\features\health_feature\create_doctor\presentation\cubit\create_doctor_state.dart", "Dart", 0, -62, 0, 0, 0, 0, 0, 0, 0, 0, 0, 0, -20, -82
"d:\projects\flutter\49\49-mobile-app\lib\features\health_feature\create_doctor\presentation\pages\create_doctor_view.dart", "Dart", 0, -121, 0, 0, 0, 0, 0, 0, 0, 0, 0, 0, -4, -125
"d:\projects\flutter\49\49-mobile-app\lib\features\health_feature\create_doctor\presentation\widgets\fields\address_field.dart", "Dart", 0, -17, 0, 0, 0, 0, 0, 0, 0, 0, 0, 0, -3, -20
"d:\projects\flutter\49\49-mobile-app\lib\features\health_feature\create_doctor\presentation\widgets\fields\description_filed.dart", "Dart", 0, -19, 0, 0, 0, 0, 0, 0, 0, 0, 0, 0, -3, -22
"d:\projects\flutter\49\49-mobile-app\lib\features\health_feature\create_doctor\presentation\widgets\fields\name_filed.dart", "Dart", 0, -33, 0, 0, 0, 0, 0, 0, 0, 0, 0, 0, -3, -36
"d:\projects\flutter\49\49-mobile-app\lib\features\health_feature\create_doctor\presentation\widgets\fields\phone_field.dart", "Dart", 0, 0, 0, 0, 0, 0, 0, 0, 0, 0, 0, -18, -1, -19
"d:\projects\flutter\49\49-mobile-app\lib\features\health_feature\create_doctor\presentation\widgets\location\cities_dropdowns.dart", "Dart", 0, -33, 0, 0, 0, 0, 0, 0, 0, 0, 0, 0, -3, -36
"d:\projects\flutter\49\49-mobile-app\lib\features\health_feature\create_doctor\presentation\widgets\location\governorate_dropdown.dart", "Dart", 0, -70, 0, 0, 0, 0, 0, 0, 0, 0, 0, 0, -2, -72
"d:\projects\flutter\49\49-mobile-app\lib\features\health_feature\create_doctor\presentation\widgets\options_checkbox.dart", "Dart", 0, -73, 0, 0, 0, 0, 0, 0, 0, 0, 0, -1, -4, -78
"d:\projects\flutter\49\49-mobile-app\lib\features\health_feature\create_doctor\presentation\widgets\pickers\date\id_expiry_date_picker.dart", "Dart", 0, -47, 0, 0, 0, 0, 0, 0, 0, 0, 0, 0, -2, -49
"d:\projects\flutter\49\49-mobile-app\lib\features\health_feature\create_doctor\presentation\widgets\pickers\date\license_expiry_date_picker.dart", "Dart", 0, -22, 0, 0, 0, 0, 0, 0, 0, 0, 0, 0, -3, -25
"d:\projects\flutter\49\49-mobile-app\lib\features\health_feature\create_doctor\presentation\widgets\pickers\photo\doctor_photo_picker.dart", "Dart", 0, -49, 0, 0, 0, 0, 0, 0, 0, 0, 0, 0, -4, -53
"d:\projects\flutter\49\49-mobile-app\lib\features\health_feature\create_doctor\presentation\widgets\pickers\photo\id_photo_picker.dart", "Dart", 0, -70, 0, 0, 0, 0, 0, 0, 0, 0, 0, 0, -3, -73
"d:\projects\flutter\49\49-mobile-app\lib\features\health_feature\create_doctor\presentation\widgets\pickers\photo\license_photo_picker.dart", "Dart", 0, -70, 0, 0, 0, 0, 0, 0, 0, 0, 0, 0, -3, -73
"d:\projects\flutter\49\49-mobile-app\lib\features\health_feature\create_doctor\presentation\widgets\subcategory.dart", "Dart", 0, -33, 0, 0, 0, 0, 0, 0, 0, 0, 0, 0, -3, -36
"d:\projects\flutter\49\49-mobile-app\lib\features\health_feature\create_doctor\presentation\widgets\submit_button.dart", "Dart", 0, -20, 0, 0, 0, 0, 0, 0, 0, 0, 0, 0, -3, -23
"d:\projects\flutter\49\49-mobile-app\lib\features\health_feature\create_doctor\presentation\widgets\time_tables\call_time_table.dart", "Dart", 0, -47, 0, 0, 0, 0, 0, 0, 0, 0, 0, 0, -3, -50
"d:\projects\flutter\49\49-mobile-app\lib\features\health_feature\create_doctor\presentation\widgets\time_tables\clinic_time_table.dart", "Dart", 0, -57, 0, 0, 0, 0, 0, 0, 0, 0, 0, 0, -3, -60
"d:\projects\flutter\49\49-mobile-app\lib\features\health_feature\create_doctor\presentation\widgets\time_tables\home_visit_time_table.dart", "Dart", 0, -50, 0, 0, 0, 0, 0, 0, 0, 0, 0, 0, -3, -53
"d:\projects\flutter\49\49-mobile-app\lib\features\health_feature\create_doctor\presentation\widgets\time_tables\time_table.dart", "Dart", 0, -142, 0, 0, 0, 0, 0, 0, 0, 0, 0, 0, -8, -150
"d:\projects\flutter\49\49-mobile-app\lib\features\health_feature\doctor_dashboard\data\datasources\remote_datasource.dart", "Dart", 0, -164, 0, 0, 0, 0, 0, 0, 0, 0, 0, -2, -41, -207
"d:\projects\flutter\49\49-mobile-app\lib\features\health_feature\doctor_dashboard\data\models\doctor_appointment_model.dart", "Dart", 0, -36, 0, 0, 0, 0, 0, 0, 0, 0, 0, 0, -3, -39
"d:\projects\flutter\49\49-mobile-app\lib\features\health_feature\doctor_dashboard\data\models\doctor_statistics_model.dart", "Dart", 0, -36, 0, 0, 0, 0, 0, 0, 0, 0, 0, 0, -10, -46
"d:\projects\flutter\49\49-mobile-app\lib\features\health_feature\doctor_dashboard\data\repositories\doctor_dashboard_repo_impl.dart", "Dart", 0, -85, 0, 0, 0, 0, 0, 0, 0, 0, 0, 0, -18, -103
"d:\projects\flutter\49\49-mobile-app\lib\features\health_feature\doctor_dashboard\domain\entities\doctor_appointment_entity.dart", "Dart", 0, -26, 0, 0, 0, 0, 0, 0, 0, 0, 0, 0, -4, -30
"d:\projects\flutter\49\49-mobile-app\lib\features\health_feature\doctor_dashboard\domain\entities\doctor_statistics_entity.dart", "Dart", 0, -22, 0, 0, 0, 0, 0, 0, 0, 0, 0, 0, -6, -28
"d:\projects\flutter\49\49-mobile-app\lib\features\health_feature\doctor_dashboard\domain\repositories\doctor_dashboard_repo.dart", "Dart", 0, -33, 0, 0, 0, 0, 0, 0, 0, 0, 0, 0, -7, -40
"d:\projects\flutter\49\49-mobile-app\lib\features\health_feature\doctor_dashboard\domain\usecases\delete_doctor_account_usecase.dart", "Dart", 0, -12, 0, 0, 0, 0, 0, 0, 0, 0, 0, 0, -4, -16
"d:\projects\flutter\49\49-mobile-app\lib\features\health_feature\doctor_dashboard\domain\usecases\doctor_accept_appointment_usecase.dart", "Dart", 0, -12, 0, 0, 0, 0, 0, 0, 0, 0, 0, 0, -4, -16
"d:\projects\flutter\49\49-mobile-app\lib\features\health_feature\doctor_dashboard\domain\usecases\doctor_reject_appointment.dart", "Dart", 0, -12, 0, 0, 0, 0, 0, 0, 0, 0, 0, 0, -4, -16
"d:\projects\flutter\49\49-mobile-app\lib\features\health_feature\doctor_dashboard\domain\usecases\get_all_doctor_reservations_usecase.dart", "Dart", 0, -16, 0, 0, 0, 0, 0, 0, 0, 0, 0, 0, -4, -20
"d:\projects\flutter\49\49-mobile-app\lib\features\health_feature\doctor_dashboard\domain\usecases\get_doctor_appointments_by_day.dart", "Dart", 0, -26, 0, 0, 0, 0, 0, 0, 0, 0, 0, 0, -7, -33
"d:\projects\flutter\49\49-mobile-app\lib\features\health_feature\doctor_dashboard\domain\usecases\get_doctor_profile_usecase.dart", "Dart", 0, -13, 0, 0, 0, 0, 0, 0, 0, 0, 0, 0, -4, -17
"d:\projects\flutter\49\49-mobile-app\lib\features\health_feature\doctor_dashboard\domain\usecases\get_doctor_statistics_usecase.dart", "Dart", 0, -14, 0, 0, 0, 0, 0, 0, 0, 0, 0, 0, -4, -18
"d:\projects\flutter\49\49-mobile-app\lib\features\health_feature\doctor_dashboard\domain\usecases\get_doctor_unhandled_appointments_usecase.dart", "Dart", 0, -16, 0, 0, 0, 0, 0, 0, 0, 0, 0, 0, -4, -20
"d:\projects\flutter\49\49-mobile-app\lib\features\health_feature\doctor_dashboard\domain\usecases\get_id_remaining_days.dart", "Dart", 0, -12, 0, 0, 0, 0, 0, 0, 0, 0, 0, 0, -4, -16
"d:\projects\flutter\49\49-mobile-app\lib\features\health_feature\doctor_dashboard\domain\usecases\get_practicing_remaining_days.dart", "Dart", 0, -12, 0, 0, 0, 0, 0, 0, 0, 0, 0, 0, -4, -16
"d:\projects\flutter\49\49-mobile-app\lib\features\health_feature\doctor_dashboard\domain\usecases\get_subscription_remaining_days.dart", "Dart", 0, -12, 0, 0, 0, 0, 0, 0, 0, 0, 0, 0, -3, -15
"d:\projects\flutter\49\49-mobile-app\lib\features\health_feature\doctor_dashboard\domain\usecases\update_doctor_id_usecase.dart", "Dart", 0, -25, 0, 0, 0, 0, 0, 0, 0, 0, 0, 0, -7, -32
"d:\projects\flutter\49\49-mobile-app\lib\features\health_feature\doctor_dashboard\domain\usecases\update_doctor_personal_info_usecase.dart", "Dart", 0, -14, 0, 0, 0, 0, 0, 0, 0, 0, 0, 0, -5, -19
"d:\projects\flutter\49\49-mobile-app\lib\features\health_feature\doctor_dashboard\domain\usecases\update_doctor_practicing_cirtification_usecase.dart", "Dart", 0, -14, 0, 0, 0, 0, 0, 0, 0, 0, 0, 0, -4, -18
"d:\projects\flutter\49\49-mobile-app\lib\features\health_feature\doctor_dashboard\domain\usecases\update_doctor_profile_photo_usecase.dart", "Dart", 0, -12, 0, 0, 0, 0, 0, 0, 0, 0, 0, 0, -4, -16
"d:\projects\flutter\49\49-mobile-app\lib\features\health_feature\doctor_dashboard\domain\usecases\update_doctor_timetable_usecase.dart", "Dart", 0, -14, 0, 0, 0, 0, 0, 0, 0, 0, 0, 0, -5, -19
"d:\projects\flutter\49\49-mobile-app\lib\features\health_feature\doctor_dashboard\presentation\controllers\all_doctor_reservations\all_doctor_reservations_cubit.dart", "Dart", 0, -46, 0, 0, 0, 0, 0, 0, 0, 0, 0, 0, -10, -56
"d:\projects\flutter\49\49-mobile-app\lib\features\health_feature\doctor_dashboard\presentation\controllers\all_doctor_reservations\all_doctor_reservations_state.dart", "Dart", 0, -12, 0, 0, 0, 0, 0, 0, 0, 0, 0, 0, -6, -18
"d:\projects\flutter\49\49-mobile-app\lib\features\health_feature\doctor_dashboard\presentation\controllers\doctor_dashboard\doctor_dashboard_cubit.dart", "Dart", 0, -106, 0, 0, 0, 0, 0, 0, 0, 0, 0, 0, -11, -117
"d:\projects\flutter\49\49-mobile-app\lib\features\health_feature\doctor_dashboard\presentation\controllers\doctor_dashboard\doctor_dashboard_state.dart", "Dart", 0, -35, 0, 0, 0, 0, 0, 0, 0, 0, 0, 0, -12, -47
"d:\projects\flutter\49\49-mobile-app\lib\features\health_feature\doctor_dashboard\presentation\controllers\doctor_history\doctor_history_cubit.dart", "Dart", 0, -6, 0, 0, 0, 0, 0, 0, 0, 0, 0, 0, -3, -9
"d:\projects\flutter\49\49-mobile-app\lib\features\health_feature\doctor_dashboard\presentation\controllers\doctor_history\doctor_history_state.dart", "Dart", 0, -7, 0, 0, 0, 0, 0, 0, 0, 0, 0, 0, -4, -11
"d:\projects\flutter\49\49-mobile-app\lib\features\health_feature\doctor_dashboard\presentation\controllers\doctor_statistics\doctor_statistics_cubit.dart", "Dart", 0, -24, 0, 0, 0, 0, 0, 0, 0, 0, 0, 0, -6, -30
"d:\projects\flutter\49\49-mobile-app\lib\features\health_feature\doctor_dashboard\presentation\controllers\doctor_statistics\doctor_statistics_state.dart", "Dart", 0, -12, 0, 0, 0, 0, 0, 0, 0, 0, 0, 0, -6, -18
"d:\projects\flutter\49\49-mobile-app\lib\features\health_feature\doctor_dashboard\presentation\controllers\doctor_today_appointments\doctor_today_appointments_cubit.dart", "Dart", 0, -44, 0, 0, 0, 0, 0, 0, 0, 0, 0, 0, -10, -54
"d:\projects\flutter\49\49-mobile-app\lib\features\health_feature\doctor_dashboard\presentation\controllers\doctor_today_appointments\doctor_today_appointments_state.dart", "Dart", 0, -16, 0, 0, 0, 0, 0, 0, 0, 0, 0, 0, -6, -22
"d:\projects\flutter\49\49-mobile-app\lib\features\health_feature\doctor_dashboard\presentation\controllers\doctor_unhandled_appotinments\doctor_unhandled_appotinments_cubit.dart", "Dart", 0, -88, 0, 0, 0, 0, 0, 0, 0, 0, 0, 0, -13, -101
"d:\projects\flutter\49\49-mobile-app\lib\features\health_feature\doctor_dashboard\presentation\controllers\doctor_unhandled_appotinments\doctor_unhandled_appotinments_state.dart", "Dart", 0, -23, 0, 0, 0, 0, 0, 0, 0, 0, 0, 0, -7, -30
"d:\projects\flutter\49\49-mobile-app\lib\features\health_feature\doctor_dashboard\presentation\controllers\edit_doctor_personal_info\edit_doctor_personal_info_cubit.dart", "Dart", 0, -6, 0, 0, 0, 0, 0, 0, 0, 0, 0, 0, -3, -9
"d:\projects\flutter\49\49-mobile-app\lib\features\health_feature\doctor_dashboard\presentation\controllers\edit_doctor_personal_info\edit_doctor_personal_info_state.dart", "Dart", 0, -7, 0, 0, 0, 0, 0, 0, 0, 0, 0, 0, -4, -11
"d:\projects\flutter\49\49-mobile-app\lib\features\health_feature\doctor_dashboard\presentation\controllers\edit_doctor_profile\edit_doctor_profile_cubit.dart", "Dart", 0, -79, 0, 0, 0, 0, 0, 0, 0, 0, 0, 0, -17, -96
"d:\projects\flutter\49\49-mobile-app\lib\features\health_feature\doctor_dashboard\presentation\controllers\edit_doctor_profile\edit_doctor_profile_state.dart", "Dart", 0, -31, 0, 0, 0, 0, 0, 0, 0, 0, 0, 0, -3, -34
"d:\projects\flutter\49\49-mobile-app\lib\features\health_feature\doctor_dashboard\presentation\controllers\edit_doctor_timetable\edit_doctor_timetable_cubit.dart", "Dart", 0, -6, 0, 0, 0, 0, 0, 0, 0, 0, 0, 0, -3, -9
"d:\projects\flutter\49\49-mobile-app\lib\features\health_feature\doctor_dashboard\presentation\controllers\edit_doctor_timetable\edit_doctor_timetable_state.dart", "Dart", 0, -7, 0, 0, 0, 0, 0, 0, 0, 0, 0, 0, -4, -11
"d:\projects\flutter\49\49-mobile-app\lib\features\health_feature\doctor_dashboard\presentation\pages\all_doctor_reservations_view.dart", "Dart", 0, -53, 0, 0, 0, 0, 0, 0, 0, 0, 0, 0, -3, -56
"d:\projects\flutter\49\49-mobile-app\lib\features\health_feature\doctor_dashboard\presentation\pages\doctor_dashboard_view.dart", "Dart", 0, -57, 0, 0, 0, 0, 0, 0, 0, 0, 0, 0, -5, -62
"d:\projects\flutter\49\49-mobile-app\lib\features\health_feature\doctor_dashboard\presentation\pages\doctor_statistics.dart", "Dart", 0, -60, 0, 0, 0, 0, 0, 0, 0, 0, 0, 0, -4, -64
"d:\projects\flutter\49\49-mobile-app\lib\features\health_feature\doctor_dashboard\presentation\pages\edit_doctor_docs.dart", "Dart", 0, -86, 0, 0, 0, 0, 0, 0, 0, 0, 0, -1, -4, -91
"d:\projects\flutter\49\49-mobile-app\lib\features\health_feature\doctor_dashboard\presentation\pages\edit_doctor_personal_info_view.dart", "Dart", 0, -46, 0, 0, 0, 0, 0, 0, 0, 0, 0, 0, -3, -49
"d:\projects\flutter\49\49-mobile-app\lib\features\health_feature\doctor_dashboard\presentation\pages\edit_doctor_profile.dart", "Dart", 0, -69, 0, 0, 0, 0, 0, 0, 0, 0, 0, 0, -3, -72
"d:\projects\flutter\49\49-mobile-app\lib\features\health_feature\doctor_dashboard\presentation\pages\edit_doctor_timetable_view.dart", "Dart", 0, -8, 0, 0, 0, 0, 0, 0, 0, 0, 0, 0, -3, -11
"d:\projects\flutter\49\49-mobile-app\lib\features\health_feature\doctor_dashboard\presentation\pages\today_doctor_appointments_view.dart", "Dart", 0, -55, 0, 0, 0, 0, 0, 0, 0, 0, 0, 0, -3, -58
"d:\projects\flutter\49\49-mobile-app\lib\features\health_feature\doctor_dashboard\presentation\pages\unhandled_doctor_appointments_view.dart", "Dart", 0, -80, 0, 0, 0, 0, 0, 0, 0, 0, 0, 0, -3, -83
"d:\projects\flutter\49\49-mobile-app\lib\features\health_feature\doctor_dashboard\presentation\widgets\doctor_renew_day_count.dart", "Dart", 0, -114, 0, 0, 0, 0, 0, 0, 0, 0, 0, -2, -5, -121
"d:\projects\flutter\49\49-mobile-app\lib\features\health_feature\doctor_dashboard\presentation\widgets\doctor_today_appointments.dart", "Dart", 0, -84, 0, 0, 0, 0, 0, 0, 0, 0, 0, 0, -5, -89
"d:\projects\flutter\49\49-mobile-app\lib\features\health_feature\doctor_dashboard\presentation\widgets\doctor_unhandled_appointments.dart", "Dart", 0, -131, 0, 0, 0, 0, 0, 0, 0, 0, 0, 0, -5, -136
"d:\projects\flutter\49\49-mobile-app\lib\features\health_feature\doctor_dashboard\presentation\widgets\edit_profile\delete_account.dart", "Dart", 0, -22, 0, 0, 0, 0, 0, 0, 0, 0, 0, 0, -3, -25
"d:\projects\flutter\49\49-mobile-app\lib\features\health_feature\doctor_dashboard\presentation\widgets\edit_profile\update_card.dart", "Dart", 0, -43, 0, 0, 0, 0, 0, 0, 0, 0, 0, 0, -3, -46
"d:\projects\flutter\49\49-mobile-app\lib\features\health_feature\doctor_dashboard\presentation\widgets\edit_profile\update_id.dart", "Dart", 0, -27, 0, 0, 0, 0, 0, 0, 0, 0, 0, 0, -3, -30
"d:\projects\flutter\49\49-mobile-app\lib\features\health_feature\doctor_dashboard\presentation\widgets\edit_profile\update_personal.dart", "Dart", 0, -17, 0, 0, 0, 0, 0, 0, 0, 0, 0, 0, -3, -20
"d:\projects\flutter\49\49-mobile-app\lib\features\health_feature\doctor_dashboard\presentation\widgets\edit_profile\update_practicing.dart", "Dart", 0, -29, 0, 0, 0, 0, 0, 0, 0, 0, 0, 0, -3, -32
"d:\projects\flutter\49\49-mobile-app\lib\features\health_feature\doctor_dashboard\presentation\widgets\edit_profile\update_profile_photo_card.dart", "Dart", 0, -70, 0, 0, 0, 0, 0, 0, 0, 0, 0, 0, -3, -73
"d:\projects\flutter\49\49-mobile-app\lib\features\health_feature\doctor_dashboard\presentation\widgets\edit_profile\update_time_table.dart", "Dart", 0, -12, 0, 0, 0, 0, 0, 0, 0, 0, 0, 0, -3, -15
"d:\projects\flutter\49\49-mobile-app\lib\features\health_feature\doctor_dashboard\presentation\widgets\history\doctor_history_card.dart", "Dart", 0, -75, 0, 0, 0, 0, 0, 0, 0, 0, 0, 0, -3, -78
"d:\projects\flutter\49\49-mobile-app\lib\features\health_feature\doctor_dashboard\presentation\widgets\personal_info\edit_doctor_address.dart", "Dart", 0, -44, 0, 0, 0, 0, 0, 0, 0, 0, 0, 0, -4, -48
"d:\projects\flutter\49\49-mobile-app\lib\features\health_feature\doctor_dashboard\presentation\widgets\personal_info\edit_doctor_name_field.dart", "Dart", 0, -30, 0, 0, 0, 0, 0, 0, 0, 0, 0, 0, -3, -33
"d:\projects\flutter\49\49-mobile-app\lib\features\health_feature\doctor_dashboard\presentation\widgets\personal_info\edit_doctor_phone_field.dart", "Dart", 0, -13, 0, 0, 0, 0, 0, 0, 0, 0, 0, 0, -3, -16
"d:\projects\flutter\49\49-mobile-app\lib\features\health_feature\doctor_dashboard\presentation\widgets\personal_info\edit_doctor_speciality_filed.dart", "Dart", 0, -16, 0, 0, 0, 0, 0, 0, 0, 0, 0, 0, -3, -19
"d:\projects\flutter\49\49-mobile-app\lib\features\health_feature\doctor_dashboard\presentation\widgets\popup_menu.dart", "Dart", 0, -31, 0, 0, 0, 0, 0, 0, 0, 0, 0, 0, -3, -34
"d:\projects\flutter\49\49-mobile-app\lib\features\health_feature\doctor_details\data\datasources\doctor_detail_remote_datasource.dart", "Dart", 0, -43, 0, 0, 0, 0, 0, 0, 0, 0, 0, 0, -6, -49
"d:\projects\flutter\49\49-mobile-app\lib\features\health_feature\doctor_details\data\models\appointment_model.dart", "Dart", 0, -16, 0, 0, 0, 0, 0, 0, 0, 0, 0, 0, -2, -18
"d:\projects\flutter\49\49-mobile-app\lib\features\health_feature\doctor_details\data\models\doctor_detail_model.dart", "Dart", 0, -12, 0, 0, 0, 0, 0, 0, 0, 0, 0, 0, -2, -14
"d:\projects\flutter\49\49-mobile-app\lib\features\health_feature\doctor_details\data\models\doctor_model.dart", "Dart", 0, -93, 0, 0, 0, 0, 0, 0, 0, 0, 0, 0, -4, -97
"d:\projects\flutter\49\49-mobile-app\lib\features\health_feature\doctor_details\data\models\doctor_rate.dart", "Dart", 0, -12, 0, 0, 0, 0, 0, 0, 0, 0, 0, 0, -3, -15
"d:\projects\flutter\49\49-mobile-app\lib\features\health_feature\doctor_details\data\models\user_doctor_rate.dart", "Dart", 0, -16, 0, 0, 0, 0, 0, 0, 0, 0, 0, 0, -3, -19
"d:\projects\flutter\49\49-mobile-app\lib\features\health_feature\doctor_details\data\repositories\doctor_details_repo_impl.dart", "Dart", 0, -21, 0, 0, 0, 0, 0, 0, 0, 0, 0, 0, -6, -27
"d:\projects\flutter\49\49-mobile-app\lib\features\health_feature\doctor_details\domain\entities\appointment_entity.dart", "Dart", 0, -36, 0, 0, 0, 0, 0, 0, 0, 0, 0, 0, -7, -43
"d:\projects\flutter\49\49-mobile-app\lib\features\health_feature\doctor_details\domain\entities\doctor_detail_entity.dart", "Dart", 0, -7, 0, 0, 0, 0, 0, 0, 0, 0, 0, 0, -2, -9
"d:\projects\flutter\49\49-mobile-app\lib\features\health_feature\doctor_details\domain\entities\doctor_entity.dart", "Dart", 0, -83, 0, 0, 0, 0, 0, 0, 0, 0, 0, 0, -6, -89
"d:\projects\flutter\49\49-mobile-app\lib\features\health_feature\doctor_details\domain\entities\doctor_rate.dart", "Dart", 0, -10, 0, 0, 0, 0, 0, 0, 0, 0, 0, 0, -2, -12
"d:\projects\flutter\49\49-mobile-app\lib\features\health_feature\doctor_details\domain\entities\doctor_specialization_entity.dart", "Dart", 0, -8, 0, 0, 0, 0, 0, 0, 0, 0, 0, 0, -1, -9
"d:\projects\flutter\49\49-mobile-app\lib\features\health_feature\doctor_details\domain\entities\premium_doctor_rate.dart", "Dart", 0, -13, 0, 0, 0, 0, 0, 0, 0, 0, 0, 0, -2, -15
"d:\projects\flutter\49\49-mobile-app\lib\features\health_feature\doctor_details\domain\entities\user_doctor_rate.dart", "Dart", 0, -9, 0, 0, 0, 0, 0, 0, 0, 0, 0, 0, -2, -11
"d:\projects\flutter\49\49-mobile-app\lib\features\health_feature\doctor_details\domain\repositories\doctor_details_repo.dart", "Dart", 0, -11, 0, 0, 0, 0, 0, 0, 0, 0, 0, 0, -3, -14
"d:\projects\flutter\49\49-mobile-app\lib\features\health_feature\doctor_details\domain\usecases\get_doctor_details_usecase.dart", "Dart", 0, -33, 0, 0, 0, 0, 0, 0, 0, 0, 0, 0, -5, -38
"d:\projects\flutter\49\49-mobile-app\lib\features\health_feature\doctor_details\domain\usecases\get_doctor_reviews.dart", "Dart", 0, -14, 0, 0, 0, 0, 0, 0, 0, 0, 0, 0, -3, -17
"d:\projects\flutter\49\49-mobile-app\lib\features\health_feature\doctor_details\presentation\cubit\doctor_details_cubit.dart", "Dart", 0, -54, 0, 0, 0, 0, 0, 0, 0, 0, 0, 0, -8, -62
"d:\projects\flutter\49\49-mobile-app\lib\features\health_feature\doctor_details\presentation\cubit\doctor_details_state.dart", "Dart", 0, -17, 0, 0, 0, 0, 0, 0, 0, 0, 0, 0, -8, -25
"d:\projects\flutter\49\49-mobile-app\lib\features\health_feature\doctor_details\presentation\pages\DoctorDetails.dart", "Dart", 0, -55, 0, 0, 0, 0, 0, 0, 0, 0, 0, 0, -5, -60
"d:\projects\flutter\49\49-mobile-app\lib\features\health_feature\doctor_details\presentation\pages\all_reviews.dart", "Dart", 0, -55, 0, 0, 0, 0, 0, 0, 0, 0, 0, 0, -7, -62
"d:\projects\flutter\49\49-mobile-app\lib\features\health_feature\doctor_details\presentation\widgets\address.dart", "Dart", 0, -28, 0, 0, 0, 0, 0, 0, 0, 0, 0, 0, -3, -31
"d:\projects\flutter\49\49-mobile-app\lib\features\health_feature\doctor_details\presentation\widgets\appointments.dart", "Dart", 0, -95, 0, 0, 0, 0, 0, 0, 0, 0, 0, 0, -5, -100
"d:\projects\flutter\49\49-mobile-app\lib\features\health_feature\doctor_details\presentation\widgets\divider.dart", "Dart", 0, -11, 0, 0, 0, 0, 0, 0, 0, 0, 0, 0, -3, -14
"d:\projects\flutter\49\49-mobile-app\lib\features\health_feature\doctor_details\presentation\widgets\fees_card.dart", "Dart", 0, -24, 0, 0, 0, 0, 0, 0, 0, 0, 0, 0, -3, -27
"d:\projects\flutter\49\49-mobile-app\lib\features\health_feature\doctor_details\presentation\widgets\header.dart", "Dart", 0, -158, 0, 0, 0, 0, 0, 0, 0, 0, 0, 0, -3, -161
"d:\projects\flutter\49\49-mobile-app\lib\features\health_feature\doctor_details\presentation\widgets\info.dart", "Dart", 0, -26, 0, 0, 0, 0, 0, 0, 0, 0, 0, 0, -3, -29
"d:\projects\flutter\49\49-mobile-app\lib\features\health_feature\doctor_details\presentation\widgets\rate_card.dart", "Dart", 0, -20, 0, 0, 0, 0, 0, 0, 0, 0, 0, 0, -3, -23
"d:\projects\flutter\49\49-mobile-app\lib\features\health_feature\doctor_details\presentation\widgets\reviews.dart", "Dart", 0, -50, 0, 0, 0, 0, 0, 0, 0, 0, 0, 0, -4, -54
"d:\projects\flutter\49\49-mobile-app\lib\features\health_feature\doctor_details\presentation\widgets\waiting.dart", "Dart", 0, -30, 0, 0, 0, 0, 0, 0, 0, 0, 0, 0, -3, -33
"d:\projects\flutter\49\49-mobile-app\lib\features\health_feature\doctor_filter\data\datasources\doctor_list_remote_datasource.dart", "Dart", 0, -26, 0, 0, 0, 0, 0, 0, 0, 0, 0, 0, -6, -32
"d:\projects\flutter\49\49-mobile-app\lib\features\health_feature\doctor_filter\data\repositories\doctor_list_repo_impl.dart", "Dart", 0, -15, 0, 0, 0, 0, 0, 0, 0, 0, 0, 0, -6, -21
"d:\projects\flutter\49\49-mobile-app\lib\features\health_feature\doctor_filter\domain\repositories\doctor_list_repo.dart", "Dart", 0, -8, 0, 0, 0, 0, 0, 0, 0, 0, 0, 0, -3, -11
"d:\projects\flutter\49\49-mobile-app\lib\features\health_feature\doctor_filter\domain\usecases\get_doctor_list_usecase.dart", "Dart", 0, -41, 0, 0, 0, 0, 0, 0, 0, 0, 0, 0, -6, -47
"d:\projects\flutter\49\49-mobile-app\lib\features\health_feature\doctor_filter\presentation\controllers\city_filter_cubit\doctor_city_filter_cubit.dart", "Dart", 0, -38, 0, 0, 0, 0, 0, 0, 0, 0, 0, 0, -9, -47
"d:\projects\flutter\49\49-mobile-app\lib\features\health_feature\doctor_filter\presentation\controllers\city_filter_cubit\doctor_city_filter_state.dart", "Dart", 0, -12, 0, 0, 0, 0, 0, 0, 0, 0, 0, 0, -6, -18
"d:\projects\flutter\49\49-mobile-app\lib\features\health_feature\doctor_filter\presentation\controllers\doctors_list_cubit\doctors_list_cubit.dart", "Dart", 0, -25, 0, 0, 0, 0, 0, 0, 0, 0, 0, 0, -7, -32
"d:\projects\flutter\49\49-mobile-app\lib\features\health_feature\doctor_filter\presentation\controllers\doctors_list_cubit\doctors_list_state.dart", "Dart", 0, -12, 0, 0, 0, 0, 0, 0, 0, 0, 0, 0, -8, -20
"d:\projects\flutter\49\49-mobile-app\lib\features\health_feature\doctor_filter\presentation\controllers\governorate_filter_cubit\doctor_governorate_filter_cubit.dart", "Dart", 0, -38, 0, 0, 0, 0, 0, 0, 0, 0, 0, -4, -7, -49
"d:\projects\flutter\49\49-mobile-app\lib\features\health_feature\doctor_filter\presentation\controllers\governorate_filter_cubit\doctor_governorate_filter_state.dart", "Dart", 0, -15, 0, 0, 0, 0, 0, 0, 0, 0, 0, 0, -7, -22
"d:\projects\flutter\49\49-mobile-app\lib\features\health_feature\doctor_filter\presentation\controllers\subcategory_filter_cubit\doctor_filter_cubit.dart", "Dart", 0, -49, 0, 0, 0, 0, 0, 0, 0, 0, 0, 0, -8, -57
"d:\projects\flutter\49\49-mobile-app\lib\features\health_feature\doctor_filter\presentation\controllers\subcategory_filter_cubit\doctor_filter_state.dart", "Dart", 0, -15, 0, 0, 0, 0, 0, 0, 0, 0, 0, 0, -7, -22
"d:\projects\flutter\49\49-mobile-app\lib\features\health_feature\doctor_filter\presentation\pages\citiy_filter_view.dart", "Dart", 0, -77, 0, 0, 0, 0, 0, 0, 0, 0, 0, 0, -6, -83
"d:\projects\flutter\49\49-mobile-app\lib\features\health_feature\doctor_filter\presentation\pages\doctors_list.dart", "Dart", 0, -57, 0, 0, 0, 0, 0, 0, 0, 0, 0, 0, -7, -64
"d:\projects\flutter\49\49-mobile-app\lib\features\health_feature\doctor_filter\presentation\pages\governorate_filter_view.dart", "Dart", 0, -59, 0, 0, 0, 0, 0, 0, 0, 0, 0, -27, -4, -90
"d:\projects\flutter\49\49-mobile-app\lib\features\health_feature\doctor_filter\presentation\pages\subcategory_filter_view.dart", "Dart", 0, -46, 0, 0, 0, 0, 0, 0, 0, 0, 0, 0, -4, -50
"d:\projects\flutter\49\49-mobile-app\lib\features\health_feature\doctor_filter\presentation\widgets\city_list_title.dart", "Dart", 0, -20, 0, 0, 0, 0, 0, 0, 0, 0, 0, 0, -4, -24
"d:\projects\flutter\49\49-mobile-app\lib\features\health_feature\doctor_filter\presentation\widgets\doctor_card.dart", "Dart", 0, -117, 0, 0, 0, 0, 0, 0, 0, 0, 0, 0, -4, -121
"d:\projects\flutter\49\49-mobile-app\lib\features\health_feature\doctor_filter\presentation\widgets\governorate_list_title.dart", "Dart", 0, -24, 0, 0, 0, 0, 0, 0, 0, 0, 0, 0, -4, -28
"d:\projects\flutter\49\49-mobile-app\lib\features\health_feature\doctor_filter\presentation\widgets\subcategories_list.dart", "Dart", 0, -29, 0, 0, 0, 0, 0, 0, 0, 0, 0, 0, -3, -32
"d:\projects\flutter\49\49-mobile-app\lib\features\health_feature\doctor_filter\presentation\widgets\subcategory_list_title.dart", "Dart", 0, -30, 0, 0, 0, 0, 0, 0, 0, 0, 0, 0, -3, -33
"d:\projects\flutter\49\49-mobile-app\lib\features\health_feature\emergency\data\datasources\emergency_remote_datasource.dart", "Dart", 0, -22, 0, 0, 0, 0, 0, 0, 0, 0, 0, 0, -4, -26
"d:\projects\flutter\49\49-mobile-app\lib\features\health_feature\emergency\data\repositories\emergency_repo_impl.dart", "Dart", 0, -14, 0, 0, 0, 0, 0, 0, 0, 0, 0, 0, -3, -17
"d:\projects\flutter\49\49-mobile-app\lib\features\health_feature\emergency\domain\repositories\emergency_repo.dart", "Dart", 0, -6, 0, 0, 0, 0, 0, 0, 0, 0, 0, 0, -2, -8
"d:\projects\flutter\49\49-mobile-app\lib\features\health_feature\emergency\domain\usecases\book_emergency.dart", "Dart", 0, -26, 0, 0, 0, 0, 0, 0, 0, 0, 0, 0, -5, -31
"d:\projects\flutter\49\49-mobile-app\lib\features\health_feature\emergency\presentation\cubit\emergency_cubit.dart", "Dart", 0, -76, 0, 0, 0, 0, 0, 0, 0, 0, 0, 0, -13, -89
"d:\projects\flutter\49\49-mobile-app\lib\features\health_feature\emergency\presentation\cubit\emergency_state.dart", "Dart", 0, -13, 0, 0, 0, 0, 0, 0, 0, 0, 0, 0, -7, -20
"d:\projects\flutter\49\49-mobile-app\lib\features\health_feature\emergency\presentation\pages\emergnce_view.dart", "Dart", 0, -81, 0, 0, 0, 0, 0, 0, 0, 0, 0, -6, -6, -93
"d:\projects\flutter\49\49-mobile-app\lib\features\health_feature\emergency\presentation\widgets\subcategories_dropdown.dart", "Dart", 0, -37, 0, 0, 0, 0, 0, 0, 0, 0, 0, 0, -5, -42
"d:\projects\flutter\49\49-mobile-app\lib\features\health_feature\health\data\datasources\health_remote_datasource.dart", "Dart", 0, -67, 0, 0, 0, 0, 0, 0, 0, 0, 0, 0, -8, -75
"d:\projects\flutter\49\49-mobile-app\lib\features\health_feature\health\data\models\appointment_booking_model.dart", "Dart", 0, -27, 0, 0, 0, 0, 0, 0, 0, 0, 0, 0, -3, -30
"d:\projects\flutter\49\49-mobile-app\lib\features\health_feature\health\data\models\filter_option_entity.dart", "Dart", 0, -11, 0, 0, 0, 0, 0, 0, 0, 0, 0, 0, -3, -14
"d:\projects\flutter\49\49-mobile-app\lib\features\health_feature\health\data\models\health_subcategory_model.dart", "Dart", 0, -18, 0, 0, 0, 0, 0, 0, 0, 0, 0, 0, -3, -21
"d:\projects\flutter\49\49-mobile-app\lib\features\health_feature\health\data\repositories\health_repo_impl.dart", "Dart", 0, -32, 0, 0, 0, 0, 0, 0, 0, 0, 0, 0, -10, -42
"d:\projects\flutter\49\49-mobile-app\lib\features\health_feature\health\domain\entities\appointment_booking_entity.dart", "Dart", 0, -69, 0, 0, 0, 0, 0, 0, 0, 0, 0, 0, -8, -77
"d:\projects\flutter\49\49-mobile-app\lib\features\health_feature\health\domain\entities\health_subcategory_entity.dart", "Dart", 0, -11, 0, 0, 0, 0, 0, 0, 0, 0, 0, 0, -2, -13
"d:\projects\flutter\49\49-mobile-app\lib\features\health_feature\health\domain\repositories\health_repo.dart", "Dart", 0, -12, 0, 0, 0, 0, 0, 0, 0, 0, 0, 0, -6, -18
"d:\projects\flutter\49\49-mobile-app\lib\features\health_feature\health\domain\usecases\get_health_subcategories.dart", "Dart", 0, -14, 0, 0, 0, 0, 0, 0, 0, 0, 0, 0, -4, -18
"d:\projects\flutter\49\49-mobile-app\lib\features\health_feature\health\domain\usecases\get_medical_services.dart", "Dart", 0, -14, 0, 0, 0, 0, 0, 0, 0, 0, 0, 0, -4, -18
"d:\projects\flutter\49\49-mobile-app\lib\features\health_feature\health\domain\usecases\get_my_appointment_bookings_usecase.dart", "Dart", 0, -14, 0, 0, 0, 0, 0, 0, 0, 0, 0, 0, -3, -17
"d:\projects\flutter\49\49-mobile-app\lib\features\health_feature\health\domain\usecases\get_user_upcoming_appointments.dart", "Dart", 0, -14, 0, 0, 0, 0, 0, 0, 0, 0, 0, 0, -4, -18
"d:\projects\flutter\49\49-mobile-app\lib\features\health_feature\health\domain\usecases\is_doctor_usecase.dart", "Dart", 0, -12, 0, 0, 0, 0, 0, 0, 0, 0, 0, 0, -4, -16
"d:\projects\flutter\49\49-mobile-app\lib\features\health_feature\health\presentation\controllers\health_cubit\health_cubit.dart", "Dart", 0, -135, 0, 0, 0, 0, 0, 0, 0, 0, 0, -8, -13, -156
"d:\projects\flutter\49\49-mobile-app\lib\features\health_feature\health\presentation\controllers\health_cubit\health_state.dart", "Dart", 0, -43, 0, 0, 0, 0, 0, 0, 0, 0, 0, 0, -3, -46
"d:\projects\flutter\49\49-mobile-app\lib\features\health_feature\health\presentation\controllers\shared_data\health_shared_data.dart", "Dart", 0, -8, 0, 0, 0, 0, 0, 0, 0, 0, 0, 0, -4, -12
"d:\projects\flutter\49\49-mobile-app\lib\features\health_feature\health\presentation\pages\health_view.dart", "Dart", 0, -35, 0, 0, 0, 0, 0, 0, 0, 0, 0, 0, -3, -38
"d:\projects\flutter\49\49-mobile-app\lib\features\health_feature\health\presentation\widgets\banner.dart", "Dart", 0, -32, 0, 0, 0, 0, 0, 0, 0, 0, 0, 0, -4, -36
"d:\projects\flutter\49\49-mobile-app\lib\features\health_feature\health\presentation\widgets\booking\bookgins.dart", "Dart", 0, -27, 0, 0, 0, 0, 0, 0, 0, 0, 0, 0, -3, -30
"d:\projects\flutter\49\49-mobile-app\lib\features\health_feature\health\presentation\widgets\booking\booking_card.dart", "Dart", 0, -79, 0, 0, 0, 0, 0, 0, 0, 0, 0, 0, -4, -83
"d:\projects\flutter\49\49-mobile-app\lib\features\health_feature\health\presentation\widgets\booking_types\booking_type_card.dart", "Dart", 0, -42, 0, 0, 0, 0, 0, 0, 0, 0, 0, 0, -3, -45
"d:\projects\flutter\49\49-mobile-app\lib\features\health_feature\health\presentation\widgets\booking_types\booking_types.dart", "Dart", 0, -25, 0, 0, 0, 0, 0, 0, 0, 0, 0, 0, -3, -28
"d:\projects\flutter\49\49-mobile-app\lib\features\health_feature\health\presentation\widgets\doctor_dashboard_banner.dart", "Dart", 0, -25, 0, 0, 0, 0, 0, 0, 0, 0, 0, 0, -3, -28
"d:\projects\flutter\49\49-mobile-app\lib\features\health_feature\health\presentation\widgets\medical_services\medical_service_card.dart", "Dart", 0, -106, 0, 0, 0, 0, 0, 0, 0, 0, 0, 0, -4, -110
"d:\projects\flutter\49\49-mobile-app\lib\features\health_feature\health\presentation\widgets\medical_services\medical_services.dart", "Dart", 0, -48, 0, 0, 0, 0, 0, 0, 0, 0, 0, 0, -4, -52
"d:\projects\flutter\49\49-mobile-app\lib\features\health_feature\health\presentation\widgets\sub_categories\sub_categories.dart", "Dart", 0, -46, 0, 0, 0, 0, 0, 0, 0, 0, 0, 0, -4, -50
"d:\projects\flutter\49\49-mobile-app\lib\features\health_feature\health\presentation\widgets\sub_categories\sub_category_card.dart", "Dart", 0, -100, 0, 0, 0, 0, 0, 0, 0, 0, 0, 0, -5, -105
"d:\projects\flutter\49\49-mobile-app\lib\features\installment_feature\create_installment\data\datasources\create_installment_remote_datasource.dart", "Dart", 0, -22, 0, 0, 0, 0, 0, 0, 0, 0, 0, 0, -4, -26
"d:\projects\flutter\49\49-mobile-app\lib\features\installment_feature\create_installment\data\repositories\create_installment_repo_impl.dart", "Dart", 0, -14, 0, 0, 0, 0, 0, 0, 0, 0, 0, 0, -5, -19
"d:\projects\flutter\49\49-mobile-app\lib\features\installment_feature\create_installment\domain\repositories\create_installment_repo.dart", "Dart", 0, -7, 0, 0, 0, 0, 0, 0, 0, 0, 0, 0, -3, -10
"d:\projects\flutter\49\49-mobile-app\lib\features\installment_feature\create_installment\domain\usecases\create_installment_usecase.dart", "Dart", 0, -15, 0, 0, 0, 0, 0, 0, 0, 0, 0, 0, -4, -19
"d:\projects\flutter\49\49-mobile-app\lib\features\installment_feature\create_installment\presentation\cubit\create_installment_cubit.dart", "Dart", 0, -54, 0, 0, 0, 0, 0, 0, 0, 0, 0, -1, -10, -65
"d:\projects\flutter\49\49-mobile-app\lib\features\installment_feature\create_installment\presentation\cubit\create_installment_state.dart", "Dart", 0, -27, 0, 0, 0, 0, 0, 0, 0, 0, 0, 0, -3, -30
"d:\projects\flutter\49\49-mobile-app\lib\features\installment_feature\create_installment\presentation\pages\create_installment_view.dart", "Dart", 0, -141, 0, 0, 0, 0, 0, 0, 0, 0, 0, 0, -4, -145
"d:\projects\flutter\49\49-mobile-app\lib\features\installment_feature\installment_details\data\datasources\installment_details_remote_datasource.dart", "Dart", 0, -33, 0, 0, 0, 0, 0, 0, 0, 0, 0, 0, -6, -39
"d:\projects\flutter\49\49-mobile-app\lib\features\installment_feature\installment_details\data\models\installment_request_model.dart", "Dart", 0, -29, 0, 0, 0, 0, 0, 0, 0, 0, 0, 0, -3, -32
"d:\projects\flutter\49\49-mobile-app\lib\features\installment_feature\installment_details\data\repositories\installment_details_repo_impl.dart", "Dart", 0, -20, 0, 0, 0, 0, 0, 0, 0, 0, 0, 0, -6, -26
"d:\projects\flutter\49\49-mobile-app\lib\features\installment_feature\installment_details\domain\entities\installment_request_entity.dart", "Dart", 0, -20, 0, 0, 0, 0, 0, 0, 0, 0, 0, 0, -1, -21
"d:\projects\flutter\49\49-mobile-app\lib\features\installment_feature\installment_details\domain\repositories\installment_details_repo.dart", "Dart", 0, -10, 0, 0, 0, 0, 0, 0, 0, 0, 0, 0, -3, -13
"d:\projects\flutter\49\49-mobile-app\lib\features\installment_feature\installment_details\domain\usecases\buy_installment_usecase.dart", "Dart", 0, -13, 0, 0, 0, 0, 0, 0, 0, 0, 0, 0, -5, -18
"d:\projects\flutter\49\49-mobile-app\lib\features\installment_feature\installment_details\domain\usecases\get_installment_details_usecase.dart", "Dart", 0, -13, 0, 0, 0, 0, 0, 0, 0, 0, 0, 0, -5, -18
"d:\projects\flutter\49\49-mobile-app\lib\features\installment_feature\installment_details\presentation\cubit\installment_details_cubit.dart", "Dart", 0, -46, 0, 0, 0, 0, 0, 0, 0, 0, 0, 0, -8, -54
"d:\projects\flutter\49\49-mobile-app\lib\features\installment_feature\installment_details\presentation\cubit\installment_details_state.dart", "Dart", 0, -36, 0, 0, 0, 0, 0, 0, 0, 0, 0, 0, -4, -40
"d:\projects\flutter\49\49-mobile-app\lib\features\installment_feature\installment_details\presentation\pages\installment_details.dart", "Dart", 0, -275, 0, 0, 0, 0, 0, 0, 0, 0, 0, 0, -13, -288
"d:\projects\flutter\49\49-mobile-app\lib\features\installment_feature\installment_list\data\datasources\installment_list_remote_datasource.dart", "Dart", 0, -23, 0, 0, 0, 0, 0, 0, 0, 0, 0, 0, -6, -29
"d:\projects\flutter\49\49-mobile-app\lib\features\installment_feature\installment_list\data\models\installment_model.dart", "Dart", 0, -17, 0, 0, 0, 0, 0, 0, 0, 0, 0, 0, -3, -20
"d:\projects\flutter\49\49-mobile-app\lib\features\installment_feature\installment_list\data\models\installment_plan_model.dart", "Dart", 0, -23, 0, 0, 0, 0, 0, 0, 0, 0, 0, 0, -2, -25
"d:\projects\flutter\49\49-mobile-app\lib\features\installment_feature\installment_list\data\repositories\installment_list_repo_impl.dart", "Dart", 0, -13, 0, 0, 0, 0, 0, 0, 0, 0, 0, 0, -5, -18
"d:\projects\flutter\49\49-mobile-app\lib\features\installment_feature\installment_list\domain\entities\installment_entity.dart", "Dart", 0, -12, 0, 0, 0, 0, 0, 0, 0, 0, 0, 0, -2, -14
"d:\projects\flutter\49\49-mobile-app\lib\features\installment_feature\installment_list\domain\entities\installment_plan_entity.dart", "Dart", 0, -14, 0, 0, 0, 0, 0, 0, 0, 0, 0, 0, -1, -15
"d:\projects\flutter\49\49-mobile-app\lib\features\installment_feature\installment_list\domain\repositories\installment_list_repo.dart", "Dart", 0, -6, 0, 0, 0, 0, 0, 0, 0, 0, 0, 0, -3, -9
"d:\projects\flutter\49\49-mobile-app\lib\features\installment_feature\installment_list\domain\usecases\get_installment_list_usecase.dart", "Dart", 0, -14, 0, 0, 0, 0, 0, 0, 0, 0, 0, 0, -4, -18
"d:\projects\flutter\49\49-mobile-app\lib\features\installment_feature\installment_list\presentation\cubit\installment_list_cubit.dart", "Dart", 0, -42, 0, 0, 0, 0, 0, 0, 0, 0, 0, -1, -10, -53
"d:\projects\flutter\49\49-mobile-app\lib\features\installment_feature\installment_list\presentation\cubit\installment_list_state.dart", "Dart", 0, -38, 0, 0, 0, 0, 0, 0, 0, 0, 0, 0, -5, -43
"d:\projects\flutter\49\49-mobile-app\lib\features\installment_feature\installment_list\presentation\pages\installment_view.dart", "Dart", 0, -164, 0, 0, 0, 0, 0, 0, 0, 0, 0, -21, -7, -192
"d:\projects\flutter\49\49-mobile-app\lib\features\installment_feature\installment_list\presentation\widgets\installment_ad_card.dart", "Dart", 0, -142, 0, 0, 0, 0, 0, 0, 0, 0, 0, -4, -6, -152
"d:\projects\flutter\49\49-mobile-app\lib\features\installment_feature\installments\presentation\bloc\installments_bloc.dart", "Dart", 0, -10, 0, 0, 0, 0, 0, 0, 0, 0, 0, -1, -3, -14
"d:\projects\flutter\49\49-mobile-app\lib\features\installment_feature\installments\presentation\bloc\installments_event.dart", "Dart", 0, -6, 0, 0, 0, 0, 0, 0, 0, 0, 0, 0, -3, -9
"d:\projects\flutter\49\49-mobile-app\lib\features\installment_feature\installments\presentation\bloc\installments_state.dart", "Dart", 0, -7, 0, 0, 0, 0, 0, 0, 0, 0, 0, 0, -4, -11
"d:\projects\flutter\49\49-mobile-app\lib\features\installment_feature\installments\presentation\pages\installment_order_details.dart", "Dart", 0, -142, 0, 0, 0, 0, 0, 0, 0, 0, 0, 0, -7, -149
"d:\projects\flutter\49\49-mobile-app\lib\features\installment_feature\installments\presentation\pages\installment_orders_list.dart", "Dart", 0, -22, 0, 0, 0, 0, 0, 0, 0, 0, 0, 0, -4, -26
"d:\projects\flutter\49\49-mobile-app\lib\features\installment_feature\installments\presentation\widgets\public\order_card.dart", "Dart", 0, -68, 0, 0, 0, 0, 0, 0, 0, 0, 0, 0, -4, -72
"d:\projects\flutter\49\49-mobile-app\lib\features\installment_feature\installments\presentation\widgets\public\product_card.dart", "Dart", 0, -46, 0, 0, 0, 0, 0, 0, 0, 0, 0, 0, -4, -50
"d:\projects\flutter\49\49-mobile-app\lib\features\installment_feature\installments\presentation\widgets\public\vendor_card.dart", "Dart", 0, -24, 0, 0, 0, 0, 0, 0, 0, 0, 0, 0, -4, -28
"d:\projects\flutter\49\49-mobile-app\lib\features\lucky_wheel\data\data_sources\wheel_remote_data_source.dart", "Dart", 0, -52, 0, 0, 0, 0, 0, 0, 0, 0, 0, 0, -9, -61
"d:\projects\flutter\49\49-mobile-app\lib\features\lucky_wheel\data\models\wheel_item_model.dart", "Dart", 0, -19, 0, 0, 0, 0, 0, 0, 0, 0, 0, 0, -4, -23
"d:\projects\flutter\49\49-mobile-app\lib\features\lucky_wheel\data\models\wheel_model.dart", "Dart", 0, -14, 0, 0, 0, 0, 0, 0, 0, 0, 0, 0, -3, -17
"d:\projects\flutter\49\49-mobile-app\lib\features\lucky_wheel\data\models\wheel_wallet_model.dart", "Dart", 0, -18, 0, 0, 0, 0, 0, 0, 0, 0, 0, 0, -3, -21
"d:\projects\flutter\49\49-mobile-app\lib\features\lucky_wheel\data\repositories\wheel_repository_impl.dart", "Dart", 0, -23, 0, 0, 0, 0, 0, 0, 0, 0, 0, 0, -7, -30
"d:\projects\flutter\49\49-mobile-app\lib\features\lucky_wheel\domain\entities\wheel_entity.dart", "Dart", 0, -15, 0, 0, 0, 0, 0, 0, 0, 0, 0, 0, -4, -19
"d:\projects\flutter\49\49-mobile-app\lib\features\lucky_wheel\domain\entities\wheel_item_entity.dart", "Dart", 0, -21, 0, 0, 0, 0, 0, 0, 0, 0, 0, 0, -4, -25
"d:\projects\flutter\49\49-mobile-app\lib\features\lucky_wheel\domain\entities\wheel_wallet_entity.dart", "Dart", 0, -23, 0, 0, 0, 0, 0, 0, 0, 0, 0, 0, -4, -27
"d:\projects\flutter\49\49-mobile-app\lib\features\lucky_wheel\domain\repositories\wheel_repository.dart", "Dart", 0, -10, 0, 0, 0, 0, 0, 0, 0, 0, 0, 0, -2, -12
"d:\projects\flutter\49\49-mobile-app\lib\features\lucky_wheel\domain\use_cases\get_wheel_use_case.dart", "Dart", 0, -13, 0, 0, 0, 0, 0, 0, 0, 0, 0, 0, -5, -18
"d:\projects\flutter\49\49-mobile-app\lib\features\lucky_wheel\domain\use_cases\get_wheel_wallet_use_case.dart", "Dart", 0, -13, 0, 0, 0, 0, 0, 0, 0, 0, 0, 0, -5, -18
"d:\projects\flutter\49\49-mobile-app\lib\features\lucky_wheel\domain\use_cases\spin_wheel_use_case.dart", "Dart", 0, -13, 0, 0, 0, 0, 0, 0, 0, 0, 0, 0, -5, -18
"d:\projects\flutter\49\49-mobile-app\lib\features\lucky_wheel\presentation\controllers\spin_wheel_cubit\spin_wheel_cubit.dart", "Dart", 0, -85, 0, 0, 0, 0, 0, 0, 0, 0, 0, 0, -9, -94
"d:\projects\flutter\49\49-mobile-app\lib\features\lucky_wheel\presentation\controllers\wheel_cubit\wheel_cubit.dart", "Dart", 0, -21, 0, 0, 0, 0, 0, 0, 0, 0, 0, 0, -4, -25
"d:\projects\flutter\49\49-mobile-app\lib\features\lucky_wheel\presentation\controllers\wheel_wallet_cubit\wheel_wallet_cubit.dart", "Dart", 0, -22, 0, 0, 0, 0, 0, 0, 0, 0, 0, 0, -5, -27
"d:\projects\flutter\49\49-mobile-app\lib\features\lucky_wheel\presentation\pages\lucky_wheel.dart", "Dart", 0, -83, 0, 0, 0, 0, 0, 0, 0, 0, 0, 0, -4, -87
"d:\projects\flutter\49\49-mobile-app\lib\features\mazadat_feature\auction_details\data\datasources\auction_details_remote_datasource.dart", "Dart", 0, -61, 0, 0, 0, 0, 0, 0, 0, 0, 0, 0, -11, -72
"d:\projects\flutter\49\49-mobile-app\lib\features\mazadat_feature\auction_details\data\models\bidding_model.dart", "Dart", 0, -16, 0, 0, 0, 0, 0, 0, 0, 0, 0, 0, -3, -19
"d:\projects\flutter\49\49-mobile-app\lib\features\mazadat_feature\auction_details\data\repositories\auction_details_repo_impl.dart", "Dart", 0, -35, 0, 0, 0, 0, 0, 0, 0, 0, 0, 0, -9, -44
"d:\projects\flutter\49\49-mobile-app\lib\features\mazadat_feature\auction_details\domain\entities\bidding_entity.dart", "Dart", 0, -16, 0, 0, 0, 0, 0, 0, 0, 0, 0, 0, -3, -19
"d:\projects\flutter\49\49-mobile-app\lib\features\mazadat_feature\auction_details\domain\repositories\auction_details_repo.dart", "Dart", 0, -15, 0, 0, 0, 0, 0, 0, 0, 0, 0, 0, -3, -18
"d:\projects\flutter\49\49-mobile-app\lib\features\mazadat_feature\auction_details\domain\usecases\end_auction_usecase.dart", "Dart", 0, -12, 0, 0, 0, 0, 0, 0, 0, 0, 0, 0, -4, -16
"d:\projects\flutter\49\49-mobile-app\lib\features\mazadat_feature\auction_details\domain\usecases\follow_users_auction_usecase.dart", "Dart", 0, -12, 0, 0, 0, 0, 0, 0, 0, 0, 0, 0, -4, -16
"d:\projects\flutter\49\49-mobile-app\lib\features\mazadat_feature\auction_details\domain\usecases\get_auction_details_usecase.dart", "Dart", 0, -13, 0, 0, 0, 0, 0, 0, 0, 0, 0, 0, -4, -17
"d:\projects\flutter\49\49-mobile-app\lib\features\mazadat_feature\auction_details\domain\usecases\get_auction_requests_usecase.dart", "Dart", 0, -13, 0, 0, 0, 0, 0, 0, 0, 0, 0, 0, -3, -16
"d:\projects\flutter\49\49-mobile-app\lib\features\mazadat_feature\auction_details\domain\usecases\send_bidding_usecase.dart", "Dart", 0, -18, 0, 0, 0, 0, 0, 0, 0, 0, 0, 0, -5, -23
"d:\projects\flutter\49\49-mobile-app\lib\features\mazadat_feature\auction_details\presentation\cubit\auction_details_cubit.dart", "Dart", 0, -81, 0, 0, 0, 0, 0, 0, 0, 0, 0, 0, -11, -92
"d:\projects\flutter\49\49-mobile-app\lib\features\mazadat_feature\auction_details\presentation\cubit\auction_details_state.dart", "Dart", 0, -32, 0, 0, 0, 0, 0, 0, 0, 0, 0, 0, -4, -36
"d:\projects\flutter\49\49-mobile-app\lib\features\mazadat_feature\auction_details\presentation\pages\Mazad_details.dart", "Dart", 0, -220, 0, 0, 0, 0, 0, 0, 0, 0, 0, 0, -10, -230
"d:\projects\flutter\49\49-mobile-app\lib\features\mazadat_feature\auction_details\presentation\widgets\Biddings.dart", "Dart", 0, -57, 0, 0, 0, 0, 0, 0, 0, 0, 0, 0, -6, -63
"d:\projects\flutter\49\49-mobile-app\lib\features\mazadat_feature\auction_details\presentation\widgets\DetailsCounterWidget.dart", "Dart", 0, -88, 0, 0, 0, 0, 0, 0, 0, 0, 0, 0, -4, -92
"d:\projects\flutter\49\49-mobile-app\lib\features\mazadat_feature\auction_details\presentation\widgets\PlaceBidding.dart", "Dart", 0, -139, 0, 0, 0, 0, 0, 0, 0, 0, 0, 0, -10, -149
"d:\projects\flutter\49\49-mobile-app\lib\features\mazadat_feature\auction_list\data\datasources\auction_list_remote_date_source.dart", "Dart", 0, -25, 0, 0, 0, 0, 0, 0, 0, 0, 0, 0, -3, -28
"d:\projects\flutter\49\49-mobile-app\lib\features\mazadat_feature\auction_list\data\models\auction_model.dart", "Dart", 0, -39, 0, 0, 0, 0, 0, 0, 0, 0, 0, 0, -3, -42
"d:\projects\flutter\49\49-mobile-app\lib\features\mazadat_feature\auction_list\data\repositories\auction_list_repo_impl.dart", "Dart", 0, -15, 0, 0, 0, 0, 0, 0, 0, 0, 0, 0, -6, -21
"d:\projects\flutter\49\49-mobile-app\lib\features\mazadat_feature\auction_list\domain\entities\auction_entity.dart", "Dart", 0, -36, 0, 0, 0, 0, 0, 0, 0, 0, 0, 0, -4, -40
"d:\projects\flutter\49\49-mobile-app\lib\features\mazadat_feature\auction_list\domain\repositories\auction_list_repo.dart", "Dart", 0, -8, 0, 0, 0, 0, 0, 0, 0, 0, 0, 0, -3, -11
"d:\projects\flutter\49\49-mobile-app\lib\features\mazadat_feature\auction_list\domain\usecases\get_auction_list_usecase.dart", "Dart", 0, -15, 0, 0, 0, 0, 0, 0, 0, 0, 0, 0, -3, -18
"d:\projects\flutter\49\49-mobile-app\lib\features\mazadat_feature\auction_list\presentation\cubit\auction_list_cubit.dart", "Dart", 0, -43, 0, 0, 0, 0, 0, 0, 0, 0, 0, -1, -10, -54
"d:\projects\flutter\49\49-mobile-app\lib\features\mazadat_feature\auction_list\presentation\cubit\auction_list_state.dart", "Dart", 0, -39, 0, 0, 0, 0, 0, 0, 0, 0, 0, 0, -4, -43
"d:\projects\flutter\49\49-mobile-app\lib\features\mazadat_feature\auction_list\presentation\pages\Mazadat_view.dart", "Dart", 0, -158, 0, 0, 0, 0, 0, 0, 0, 0, 0, -19, -7, -184
"d:\projects\flutter\49\49-mobile-app\lib\features\mazadat_feature\auction_list\presentation\widgets\auction_card.dart", "Dart", 0, -146, 0, 0, 0, 0, 0, 0, 0, 0, 0, -4, -5, -155
"d:\projects\flutter\49\49-mobile-app\lib\features\mazadat_feature\create_auction\data\datasources\create_auction_remotedata_source.dart", "Dart", 0, -21, 0, 0, 0, 0, 0, 0, 0, 0, 0, 0, -4, -25
"d:\projects\flutter\49\49-mobile-app\lib\features\mazadat_feature\create_auction\data\repositories\create_auction_repo_impl.dart", "Dart", 0, -14, 0, 0, 0, 0, 0, 0, 0, 0, 0, 0, -5, -19
"d:\projects\flutter\49\49-mobile-app\lib\features\mazadat_feature\create_auction\domain\repositories\create_auction_repo.dart", "Dart", 0, -7, 0, 0, 0, 0, 0, 0, 0, 0, 0, 0, -2, -9
"d:\projects\flutter\49\49-mobile-app\lib\features\mazadat_feature\create_auction\domain\usecases\create_auction_usecase.dart", "Dart", 0, -30, 0, 0, 0, 0, 0, 0, 0, 0, 0, 0, -5, -35
"d:\projects\flutter\49\49-mobile-app\lib\features\mazadat_feature\create_auction\presentation\cubit\create_auction_cubit.dart", "Dart", 0, -25, 0, 0, 0, 0, 0, 0, 0, 0, 0, 0, -4, -29
"d:\projects\flutter\49\49-mobile-app\lib\features\mazadat_feature\create_auction\presentation\pages\create_auction_view.dart", "Dart", 0, -72, 0, 0, 0, 0, 0, 0, 0, 0, 0, 0, -4, -76
"d:\projects\flutter\49\49-mobile-app\lib\features\notifications\data\models\notification_model.dart", "Dart", 0, -9, 0, 0, 0, 0, 0, 0, 0, 0, 0, 0, -2, -11
"d:\projects\flutter\49\49-mobile-app\lib\features\notifications\domain\entities\notification_entity.dart", "Dart", 0, -14, 0, 0, 0, 0, 0, 0, 0, 0, 0, 0, -1, -15
"d:\projects\flutter\49\49-mobile-app\lib\features\notifications\presentation\cubit\notifications_cubit.dart", "Dart", 0, -6, 0, 0, 0, 0, 0, 0, 0, 0, 0, 0, -3, -9
"d:\projects\flutter\49\49-mobile-app\lib\features\notifications\presentation\cubit\notifications_state.dart", "Dart", 0, -7, 0, 0, 0, 0, 0, 0, 0, 0, 0, 0, -4, -11
"d:\projects\flutter\49\49-mobile-app\lib\features\notifications\presentation\pages\notification_view.dart", "Dart", 0, -100, 0, 0, 0, 0, 0, 0, 0, 0, 0, 0, -5, -105
"d:\projects\flutter\49\49-mobile-app\lib\features\notifications\presentation\widgets\notification_card.dart", "Dart", 0, -61, 0, 0, 0, 0, 0, 0, 0, 0, 0, 0, -5, -66
"d:\projects\flutter\49\49-mobile-app\lib\features\payment\presentation\cubit\payment_cubit.dart", "Dart", 0, -6, 0, 0, 0, 0, 0, 0, 0, 0, 0, 0, -3, -9
"d:\projects\flutter\49\49-mobile-app\lib\features\payment\presentation\cubit\payment_state.dart", "Dart", 0, -7, 0, 0, 0, 0, 0, 0, 0, 0, 0, 0, -4, -11
"d:\projects\flutter\49\49-mobile-app\lib\features\payment\presentation\pages\payment_view.dart", "Dart", 0, -18, 0, 0, 0, 0, 0, 0, 0, 0, 0, 0, -4, -22
"d:\projects\flutter\49\49-mobile-app\lib\features\quraan\presentation\cubit\quraan_cubit.dart", "Dart", 0, -6, 0, 0, 0, 0, 0, 0, 0, 0, 0, 0, -3, -9
"d:\projects\flutter\49\49-mobile-app\lib\features\quraan\presentation\cubit\quraan_state.dart", "Dart", 0, -7, 0, 0, 0, 0, 0, 0, 0, 0, 0, 0, -4, -11
"d:\projects\flutter\49\49-mobile-app\lib\features\quraan\presentation\pages\quraan_view.dart", "Dart", 0, -11, 0, 0, 0, 0, 0, 0, 0, 0, 0, 0, -4, -15
"d:\projects\flutter\49\49-mobile-app\lib\features\register\driver_register\data\datasources\rider_register_remote_data_source.dart", "Dart", 0, -60, 0, 0, 0, 0, 0, 0, 0, 0, 0, 0, -9, -69
"d:\projects\flutter\49\49-mobile-app\lib\features\register\driver_register\data\models\rider_info_model.dart", "Dart", 0, -27, 0, 0, 0, 0, 0, 0, 0, 0, 0, 0, -2, -29
"d:\projects\flutter\49\49-mobile-app\lib\features\register\driver_register\data\repositories\rider_register_repo_impl.dart", "Dart", 0, -22, 0, 0, 0, 0, 0, 0, 0, 0, 0, -3, -9, -34
"d:\projects\flutter\49\49-mobile-app\lib\features\register\driver_register\domain\entities\rider_info_entity.dart", "Dart", 0, -13, 0, 0, 0, 0, 0, 0, 0, 0, 0, 0, -2, -15
"d:\projects\flutter\49\49-mobile-app\lib\features\register\driver_register\domain\repositories\rider_register_repo.dart", "Dart", 0, -14, 0, 0, 0, 0, 0, 0, 0, 0, 0, 0, -4, -18
"d:\projects\flutter\49\49-mobile-app\lib\features\register\driver_register\presentation\cubit\driver_register_cubit.dart", "Dart", 0, -106, 0, 0, 0, 0, 0, 0, 0, 0, 0, -6, -14, -126
"d:\projects\flutter\49\49-mobile-app\lib\features\register\driver_register\presentation\cubit\driver_register_state.dart", "Dart", 0, -51, 0, 0, 0, 0, 0, 0, 0, 0, 0, 0, -5, -56
"d:\projects\flutter\49\49-mobile-app\lib\features\register\driver_register\presentation\pages\driver_register_view.dart", "Dart", 0, -63, 0, 0, 0, 0, 0, 0, 0, 0, 0, -1, -7, -71
"d:\projects\flutter\49\49-mobile-app\lib\features\register\driver_register\presentation\pages\taps\choose_register_subcategories.dart", "Dart", 0, -39, 0, 0, 0, 0, 0, 0, 0, 0, 0, 0, -4, -43
"d:\projects\flutter\49\49-mobile-app\lib\features\register\driver_register\presentation\pages\taps\enter_car_info.dart", "Dart", 0, -145, 0, 0, 0, 0, 0, 0, 0, 0, 0, -3, -8, -156
"d:\projects\flutter\49\49-mobile-app\lib\features\register\driver_register\presentation\pages\taps\enter_personal_info.dart", "Dart", 0, -165, 0, 0, 0, 0, 0, 0, 0, 0, 0, -3, -10, -178
"d:\projects\flutter\49\49-mobile-app\lib\features\register\driver_register\presentation\pages\taps\thank_you.dart", "Dart", 0, -44, 0, 0, 0, 0, 0, 0, 0, 0, 0, 0, -4, -48
"d:\projects\flutter\49\49-mobile-app\lib\features\register\driver_register\presentation\pages\taps\upload_car_license_images.dart", "Dart", 0, -48, 0, 0, 0, 0, 0, 0, 0, 0, 0, 0, -4, -52
"d:\projects\flutter\49\49-mobile-app\lib\features\register\driver_register\presentation\pages\taps\upload_national_id.dart", "Dart", 0, -43, 0, 0, 0, 0, 0, 0, 0, 0, 0, 0, -4, -47
"d:\projects\flutter\49\49-mobile-app\lib\features\register\driver_register\presentation\widgets\upload_image.dart", "Dart", 0, -43, 0, 0, 0, 0, 0, 0, 0, 0, 0, 0, -4, -47
"d:\projects\flutter\49\49-mobile-app\lib\features\requests_history\data\datasources\request_history_remote_data_source.dart", "Dart", 0, -45, 0, 0, 0, 0, 0, 0, 0, 0, 0, 0, -7, -52
"d:\projects\flutter\49\49-mobile-app\lib\features\requests_history\data\models\address_model.dart", "Dart", 0, -26, 0, 0, 0, 0, 0, 0, 0, 0, 0, 0, -2, -28
"d:\projects\flutter\49\49-mobile-app\lib\features\requests_history\data\models\call_model.dart", "Dart", 0, -21, 0, 0, 0, 0, 0, 0, 0, 0, 0, 0, -4, -25
"d:\projects\flutter\49\49-mobile-app\lib\features\requests_history\data\models\driver_model.dart", "Dart", 0, -41, 0, 0, 0, 0, 0, 0, 0, 0, 0, 0, -4, -45
"d:\projects\flutter\49\49-mobile-app\lib\features\requests_history\data\models\food_order_model.dart", "Dart", 0, -21, 0, 0, 0, 0, 0, 0, 0, 0, 0, 0, -3, -24
"d:\projects\flutter\49\49-mobile-app\lib\features\requests_history\data\models\offer_model.dart", "Dart", 0, -45, 0, 0, 0, 0, 0, 0, 0, 0, 0, 0, -4, -49
"d:\projects\flutter\49\49-mobile-app\lib\features\requests_history\data\models\shipping_request_model.dart", "Dart", 0, -54, 0, 0, 0, 0, 0, 0, 0, 0, 0, 0, -2, -56
"d:\projects\flutter\49\49-mobile-app\lib\features\requests_history\data\models\trip_model.dart", "Dart", 0, -73, 0, 0, 0, 0, 0, 0, 0, 0, 0, 0, -5, -78
"d:\projects\flutter\49\49-mobile-app\lib\features\requests_history\data\repositories\history_ride_repo_impl.dart", "Dart", 0, -24, 0, 0, 0, 0, 0, 0, 0, 0, 0, 0, -8, -32
"d:\projects\flutter\49\49-mobile-app\lib\features\requests_history\domain\entities\address_entity.dart", "Dart", 0, -21, 0, 0, 0, 0, 0, 0, 0, 0, 0, 0, -2, -23
"d:\projects\flutter\49\49-mobile-app\lib\features\requests_history\domain\entities\driver_entity.dart", "Dart", 0, -23, 0, 0, 0, 0, 0, 0, 0, 0, 0, 0, -3, -26
"d:\projects\flutter\49\49-mobile-app\lib\features\requests_history\domain\entities\food_order_entity.dart", "Dart", 0, -17, 0, 0, 0, 0, 0, 0, 0, 0, 0, 0, -4, -21
"d:\projects\flutter\49\49-mobile-app\lib\features\requests_history\domain\entities\shipping_request_entity.dart", "Dart", 0, -47, 0, 0, 0, 0, 0, 0, 0, 0, 0, 0, -4, -51
"d:\projects\flutter\49\49-mobile-app\lib\features\requests_history\domain\entities\trip_entity.dart", "Dart", 0, -40, 0, 0, 0, 0, 0, 0, 0, 0, 0, 0, -4, -44
"d:\projects\flutter\49\49-mobile-app\lib\features\requests_history\domain\repositories\history_ride_repo.dart", "Dart", 0, -10, 0, 0, 0, 0, 0, 0, 0, 0, 0, 0, -3, -13
"d:\projects\flutter\49\49-mobile-app\lib\features\requests_history\domain\usecases\get_food_history_usecase.dart", "Dart", 0, -13, 0, 0, 0, 0, 0, 0, 0, 0, 0, 0, -4, -17
"d:\projects\flutter\49\49-mobile-app\lib\features\requests_history\domain\usecases\get_history_ride_use_case.dart", "Dart", 0, -13, 0, 0, 0, 0, 0, 0, 0, 0, 0, 0, -4, -17
"d:\projects\flutter\49\49-mobile-app\lib\features\requests_history\domain\usecases\get_shipping_requests_usecase.dart", "Dart", 0, -14, 0, 0, 0, 0, 0, 0, 0, 0, 0, 0, -4, -18
"d:\projects\flutter\49\49-mobile-app\lib\features\requests_history\presentation\cubit\request_history_cubit.dart", "Dart", 0, -62, 0, 0, 0, 0, 0, 0, 0, 0, 0, 0, -10, -72
"d:\projects\flutter\49\49-mobile-app\lib\features\requests_history\presentation\cubit\request_history_state.dart", "Dart", 0, -39, 0, 0, 0, 0, 0, 0, 0, 0, 0, 0, -4, -43
"d:\projects\flutter\49\49-mobile-app\lib\features\requests_history\presentation\pages\requests_history_view.dart", "Dart", 0, -132, 0, 0, 0, 0, 0, 0, 0, 0, 0, 0, -9, -141
"d:\projects\flutter\49\49-mobile-app\lib\features\requests_history\presentation\widgets\food_order_card.dart", "Dart", 0, -128, 0, 0, 0, 0, 0, 0, 0, 0, 0, 0, -6, -134
"d:\projects\flutter\49\49-mobile-app\lib\features\requests_history\presentation\widgets\offer_ride_card.dart", "Dart", 0, -63, 0, 0, 0, 0, 0, 0, 0, 0, 0, 0, -4, -67
"d:\projects\flutter\49\49-mobile-app\lib\features\requests_history\presentation\widgets\shipping_request_card.dart", "Dart", 0, -104, 0, 0, 0, 0, 0, 0, 0, 0, 0, 0, -3, -107
"d:\projects\flutter\49\49-mobile-app\lib\features\requests_history\presentation\widgets\trip_card.dart", "Dart", 0, -241, 0, 0, 0, 0, 0, 0, 0, 0, 0, 0, -9, -250
"d:\projects\flutter\49\49-mobile-app\lib\features\ride\RideRequest\data\datasources\remote_data_source.dart", "Dart", 0, -229, 0, 0, 0, 0, 0, 0, 0, 0, 0, -12, -41, -282
"d:\projects\flutter\49\49-mobile-app\lib\features\ride\RideRequest\data\models\address_search_params_model.dart", "Dart", 0, -17, 0, 0, 0, 0, 0, 0, 0, 0, 0, 0, -4, -21
"d:\projects\flutter\49\49-mobile-app\lib\features\ride\RideRequest\data\models\car_models_model.dart", "Dart", 0, -2, 0, 0, 0, 0, 0, 0, 0, 0, 0, 0, -2, -4
"d:\projects\flutter\49\49-mobile-app\lib\features\ride\RideRequest\data\models\car_type_model.dart", "Dart", 0, -31, 0, 0, 0, 0, 0, 0, 0, 0, 0, 0, -5, -36
"d:\projects\flutter\49\49-mobile-app\lib\features\ride\RideRequest\data\models\come_with_you_model.dart", "Dart", 0, -28, 0, 0, 0, 0, 0, 0, 0, 0, 0, -13, -4, -45
"d:\projects\flutter\49\49-mobile-app\lib\features\ride\RideRequest\data\models\driver_review_model.dart", "Dart", 0, -18, 0, 0, 0, 0, 0, 0, 0, 0, 0, 0, -3, -21
"d:\projects\flutter\49\49-mobile-app\lib\features\ride\RideRequest\data\models\expected_price_model.dart", "Dart", 0, -25, 0, 0, 0, 0, 0, 0, 0, 0, 0, -23, -8, -56
"d:\projects\flutter\49\49-mobile-app\lib\features\ride\RideRequest\data\models\google_search_results.dart", "Dart", 0, -50, 0, 0, 0, 0, 0, 0, 0, 0, 0, 0, -12, -62
"d:\projects\flutter\49\49-mobile-app\lib\features\ride\RideRequest\data\models\params\expected_price_params.dart", "Dart", 0, -18, 0, 0, 0, 0, 0, 0, 0, 0, 0, 0, -2, -20
"d:\projects\flutter\49\49-mobile-app\lib\features\ride\RideRequest\data\models\report_model.dart", "Dart", 0, -7, 0, 0, 0, 0, 0, 0, 0, 0, 0, 0, -2, -9
"d:\projects\flutter\49\49-mobile-app\lib\features\ride\RideRequest\data\models\ride_offer_model.dart", "Dart", 0, -5, 0, 0, 0, 0, 0, 0, 0, 0, 0, 0, -2, -7
"d:\projects\flutter\49\49-mobile-app\lib\features\ride\RideRequest\data\models\ride_request_model.dart", "Dart", 0, -54, 0, 0, 0, 0, 0, 0, 0, 0, 0, 0, -5, -59
"d:\projects\flutter\49\49-mobile-app\lib\features\ride\RideRequest\data\models\ride_thumbnail_model.dart", "Dart", 0, -18, 0, 0, 0, 0, 0, 0, 0, 0, 0, 0, -3, -21
"d:\projects\flutter\49\49-mobile-app\lib\features\ride\RideRequest\data\repositories\ride_request_repo_impl.dart", "Dart", 0, -107, 0, 0, 0, 0, 0, 0, 0, 0, 0, -3, -22, -132
"d:\projects\flutter\49\49-mobile-app\lib\features\ride\RideRequest\domain\entity\address_search_params_entity.dart", "Dart", 0, -7, 0, 0, 0, 0, 0, 0, 0, 0, 0, 0, -1, -8
"d:\projects\flutter\49\49-mobile-app\lib\features\ride\RideRequest\domain\entity\car_model_entity.dart", "Dart", 0, -1, 0, 0, 0, 0, 0, 0, 0, 0, 0, 0, -1, -2
"d:\projects\flutter\49\49-mobile-app\lib\features\ride\RideRequest\domain\entity\car_type_entity.dart", "Dart", 0, -16, 0, 0, 0, 0, 0, 0, 0, 0, 0, 0, -2, -18
"d:\projects\flutter\49\49-mobile-app\lib\features\ride\RideRequest\domain\entity\come_with_you_entity.dart", "Dart", 0, -25, 0, 0, 0, 0, 0, 0, 0, 0, 0, 0, -2, -27
"d:\projects\flutter\49\49-mobile-app\lib\features\ride\RideRequest\domain\entity\driver_review_entity.dart", "Dart", 0, -15, 0, 0, 0, 0, 0, 0, 0, 0, 0, 0, -2, -17
"d:\projects\flutter\49\49-mobile-app\lib\features\ride\RideRequest\domain\entity\expected_price_entity.dart", "Dart", 0, -11, 0, 0, 0, 0, 0, 0, 0, 0, 0, 0, -2, -13
"d:\projects\flutter\49\49-mobile-app\lib\features\ride\RideRequest\domain\entity\report_entity.dart", "Dart", 0, -9, 0, 0, 0, 0, 0, 0, 0, 0, 0, 0, -1, -10
"d:\projects\flutter\49\49-mobile-app\lib\features\ride\RideRequest\domain\entity\ride_offer_entity.dart", "Dart", 0, -10, 0, 0, 0, 0, 0, 0, 0, 0, 0, 0, -1, -11
"d:\projects\flutter\49\49-mobile-app\lib\features\ride\RideRequest\domain\entity\ride_request_entity.dart", "Dart", 0, -39, 0, 0, 0, 0, 0, 0, 0, 0, 0, 0, -2, -41
"d:\projects\flutter\49\49-mobile-app\lib\features\ride\RideRequest\domain\entity\ride_thumbnail_entity.dart", "Dart", 0, -12, 0, 0, 0, 0, 0, 0, 0, 0, 0, 0, -3, -15
"d:\projects\flutter\49\49-mobile-app\lib\features\ride\RideRequest\domain\repositories\ride_request_repo.dart", "Dart", 0, -45, 0, 0, 0, 0, 0, 0, 0, 0, 0, 0, -5, -50
"d:\projects\flutter\49\49-mobile-app\lib\features\ride\RideRequest\domain\usecases\get_ride_thumbnails.dart", "Dart", 0, -14, 0, 0, 0, 0, 0, 0, 0, 0, 0, 0, -3, -17
"d:\projects\flutter\49\49-mobile-app\lib\features\ride\RideRequest\domain\usecases\request\add_ride_request_usecase.dart", "Dart", 0, -13, 0, 0, 0, 0, 0, 0, 0, 0, 0, 0, -3, -16
"d:\projects\flutter\49\49-mobile-app\lib\features\ride\RideRequest\domain\usecases\request\get_car_types_use_case.dart", "Dart", 0, -13, 0, 0, 0, 0, 0, 0, 0, 0, 0, 0, -3, -16
"d:\projects\flutter\49\49-mobile-app\lib\features\ride\RideRequest\domain\usecases\request\get_expected_price_use_case.dart", "Dart", 0, -15, 0, 0, 0, 0, 0, 0, 0, 0, 0, 0, -4, -19
"d:\projects\flutter\49\49-mobile-app\lib\features\ride\RideRequest\domain\usecases\request\get_near_by_places_usecase.dart", "Dart", 0, -16, 0, 0, 0, 0, 0, 0, 0, 0, 0, 0, -3, -19
"d:\projects\flutter\49\49-mobile-app\lib\features\ride\RideRequest\domain\usecases\request\get_ride_sub_categories_use_case.dart", "Dart", 0, -13, 0, 0, 0, 0, 0, 0, 0, 0, 0, 0, -3, -16
"d:\projects\flutter\49\49-mobile-app\lib\features\ride\RideRequest\presentation\cubit\riderequest_cubit.dart", "Dart", 0, -182, 0, 0, 0, 0, 0, 0, 0, 0, 0, -21, -22, -225
"d:\projects\flutter\49\49-mobile-app\lib\features\ride\RideRequest\presentation\cubit\riderequest_state.dart", "Dart", 0, -99, 0, 0, 0, 0, 0, 0, 0, 0, 0, 0, -7, -106
"d:\projects\flutter\49\49-mobile-app\lib\features\ride\RideRequest\presentation\pages\ride_request_view.dart", "Dart", 0, -67, 0, 0, 0, 0, 0, 0, 0, 0, 0, 0, -3, -70
"d:\projects\flutter\49\49-mobile-app\lib\features\ride\RideRequest\presentation\widgets\common\dashboard_banner.dart", "Dart", 0, -50, 0, 0, 0, 0, 0, 0, 0, 0, 0, 0, -3, -53
"d:\projects\flutter\49\49-mobile-app\lib\features\ride\RideRequest\presentation\widgets\customer\createOrder\cancel_order.dart", "Dart", 0, -36, 0, 0, 0, 0, 0, 0, 0, 0, 0, 0, -4, -40
"d:\projects\flutter\49\49-mobile-app\lib\features\ride\RideRequest\presentation\widgets\customer\createOrder\categoryInfo.dart", "Dart", 0, 0, 0, 0, 0, 0, 0, 0, 0, 0, 0, -53, -4, -57
"d:\projects\flutter\49\49-mobile-app\lib\features\ride\RideRequest\presentation\widgets\customer\createOrder\changePhoneNumber.dart", "Dart", 0, -61, 0, 0, 0, 0, 0, 0, 0, 0, 0, 0, -3, -64
"d:\projects\flutter\49\49-mobile-app\lib\features\ride\RideRequest\presentation\widgets\customer\createOrder\giveOffer.dart", "Dart", 0, -86, 0, 0, 0, 0, 0, 0, 0, 0, 0, 0, -4, -90
"d:\projects\flutter\49\49-mobile-app\lib\features\ride\RideRequest\presentation\widgets\customer\createOrder\map_picker.dart", "Dart", 0, -225, 0, 0, 0, 0, 0, 0, 0, 0, 0, -3, -18, -246
"d:\projects\flutter\49\49-mobile-app\lib\features\ride\RideRequest\presentation\widgets\customer\createOrder\options_bottom_sheet.dart", "Dart", 0, -333, 0, 0, 0, 0, 0, 0, 0, 0, 0, -9, -8, -350
"d:\projects\flutter\49\49-mobile-app\lib\features\ride\RideRequest\presentation\widgets\customer\createOrder\ride_options.dart", "Dart", 0, -74, 0, 0, 0, 0, 0, 0, 0, 0, 0, -1, -4, -79
"d:\projects\flutter\49\49-mobile-app\lib\features\ride\RideRequest\presentation\widgets\customer\createOrder\selectDropOffPoints.dart", "Dart", 0, -155, 0, 0, 0, 0, 0, 0, 0, 0, 0, 0, -7, -162
"d:\projects\flutter\49\49-mobile-app\lib\features\ride\RideRequest\presentation\widgets\customer\offers\offer_card.dart", "Dart", 0, -66, 0, 0, 0, 0, 0, 0, 0, 0, 0, 0, -4, -70
"d:\projects\flutter\49\49-mobile-app\lib\features\ride\RideRequest\presentation\widgets\customer\offers\offer_control.dart", "Dart", 0, -77, 0, 0, 0, 0, 0, 0, 0, 0, 0, -1, -4, -82
"d:\projects\flutter\49\49-mobile-app\lib\features\ride\RideRequest\presentation\widgets\customer\offers\offers.dart", "Dart", 0, -46, 0, 0, 0, 0, 0, 0, 0, 0, 0, -4, -6, -56
"d:\projects\flutter\49\49-mobile-app\lib\features\ride\driver_dashboard\data\datasources\driver_dashboard_remote_data_source.dart", "Dart", 0, -47, 0, 0, 0, 0, 0, 0, 0, 0, 0, 0, -8, -55
"d:\projects\flutter\49\49-mobile-app\lib\features\ride\driver_dashboard\data\models\driver_statistics_model.dart", "Dart", 0, -27, 0, 0, 0, 0, 0, 0, 0, 0, 0, 0, -4, -31
"d:\projects\flutter\49\49-mobile-app\lib\features\ride\driver_dashboard\data\repositories\driver_dashboard_repo_impl.dart", "Dart", 0, -28, 0, 0, 0, 0, 0, 0, 0, 0, 0, 0, -9, -37
"d:\projects\flutter\49\49-mobile-app\lib\features\ride\driver_dashboard\domain\entities\driver_statistics_entity.dart", "Dart", 0, -13, 0, 0, 0, 0, 0, 0, 0, 0, 0, 0, -2, -15
"d:\projects\flutter\49\49-mobile-app\lib\features\ride\driver_dashboard\domain\repositories\driver_dashboard_repo.dart", "Dart", 0, -12, 0, 0, 0, 0, 0, 0, 0, 0, 0, 0, -4, -16
"d:\projects\flutter\49\49-mobile-app\lib\features\ride\driver_dashboard\domain\usecases\accept_ride_usecase.dart", "Dart", 0, -12, 0, 0, 0, 0, 0, 0, 0, 0, 0, 0, -4, -16
"d:\projects\flutter\49\49-mobile-app\lib\features\ride\driver_dashboard\domain\usecases\create_rider_offer_usecase.dart", "Dart", 0, -28, 0, 0, 0, 0, 0, 0, 0, 0, 0, 0, -6, -34
"d:\projects\flutter\49\49-mobile-app\lib\features\ride\driver_dashboard\domain\usecases\get_driver_new_trips_usecase.dart", "Dart", 0, -13, 0, 0, 0, 0, 0, 0, 0, 0, 0, 0, -4, -17
"d:\projects\flutter\49\49-mobile-app\lib\features\ride\driver_dashboard\domain\usecases\get_driver_statistics_usecase.dart", "Dart", 0, -14, 0, 0, 0, 0, 0, 0, 0, 0, 0, 0, -5, -19
"d:\projects\flutter\49\49-mobile-app\lib\features\ride\driver_dashboard\presentation\cubit\driver_dashboard_cubit.dart", "Dart", 0, -51, 0, 0, 0, 0, 0, 0, 0, 0, 0, 0, -8, -59
"d:\projects\flutter\49\49-mobile-app\lib\features\ride\driver_dashboard\presentation\cubit\driver_dashboard_state.dart", "Dart", 0, -36, 0, 0, 0, 0, 0, 0, 0, 0, 0, 0, -6, -42
"d:\projects\flutter\49\49-mobile-app\lib\features\ride\driver_dashboard\presentation\pages\driver_dashboard_view.dart", "Dart", 0, -89, 0, 0, 0, 0, 0, 0, 0, 0, 0, -6, -5, -100
"d:\projects\flutter\49\49-mobile-app\lib\features\ride\driver_dashboard\presentation\widgets\driver_statistics_widget.dart", "Dart", 0, -65, 0, 0, 0, 0, 0, 0, 0, 0, 0, 0, -5, -70
"d:\projects\flutter\49\49-mobile-app\lib\features\ride\driver_dashboard\presentation\widgets\driver_trip_card.dart", "Dart", 0, -130, 0, 0, 0, 0, 0, 0, 0, 0, 0, 0, -3, -133
"d:\projects\flutter\49\49-mobile-app\lib\features\ride\driver_dashboard\presentation\widgets\driver_trip_details.dart", "Dart", 0, -188, 0, 0, 0, 0, 0, 0, 0, 0, 0, 0, -5, -193
"d:\projects\flutter\49\49-mobile-app\lib\features\ride\offers_ride\presentation\cubit\offers_ride_cubit.dart", "Dart", 0, -6, 0, 0, 0, 0, 0, 0, 0, 0, 0, 0, -3, -9
"d:\projects\flutter\49\49-mobile-app\lib\features\ride\offers_ride\presentation\cubit\offers_ride_state.dart", "Dart", 0, -7, 0, 0, 0, 0, 0, 0, 0, 0, 0, 0, -4, -11
"d:\projects\flutter\49\49-mobile-app\lib\features\ride\offers_ride\presentation\pages\offers_ride_view.dart", "Dart", 0, -8, 0, 0, 0, 0, 0, 0, 0, 0, 0, 0, -3, -11
"d:\projects\flutter\49\49-mobile-app\lib\features\ride\trip_details\data\datasources\remote_data_source.dart", "Dart", 0, -38, 0, 0, 0, 0, 0, 0, 0, 0, 0, -1, -7, -46
"d:\projects\flutter\49\49-mobile-app\lib\features\ride\trip_details\data\models\cancel_reason_model.dart", "Dart", 0, -7, 0, 0, 0, 0, 0, 0, 0, 0, 0, 0, -2, -9
"d:\projects\flutter\49\49-mobile-app\lib\features\ride\trip_details\data\models\trip_and_request_model.dart", "Dart", 0, -13, 0, 0, 0, 0, 0, 0, 0, 0, 0, 0, -3, -16
"d:\projects\flutter\49\49-mobile-app\lib\features\ride\trip_details\data\models\trip_request_model.dart", "Dart", 0, -23, 0, 0, 0, 0, 0, 0, 0, 0, 0, 0, -3, -26
"d:\projects\flutter\49\49-mobile-app\lib\features\ride\trip_details\data\repositories\trip_details_repo_impl.dart", "Dart", 0, -19, 0, 0, 0, 0, 0, 0, 0, 0, 0, 0, -6, -25
"d:\projects\flutter\49\49-mobile-app\lib\features\ride\trip_details\domain\entities\cancel_reason_entity.dart", "Dart", 0, -5, 0, 0, 0, 0, 0, 0, 0, 0, 0, 0, -1, -6
"d:\projects\flutter\49\49-mobile-app\lib\features\ride\trip_details\domain\entities\trip_and_request_entity.dart", "Dart", 0, -7, 0, 0, 0, 0, 0, 0, 0, 0, 0, 0, -3, -10
"d:\projects\flutter\49\49-mobile-app\lib\features\ride\trip_details\domain\entities\trip_request_entity.dart", "Dart", 0, -19, 0, 0, 0, 0, 0, 0, 0, 0, 0, 0, -2, -21
"d:\projects\flutter\49\49-mobile-app\lib\features\ride\trip_details\domain\repositories\trip_details_repo.dart", "Dart", 0, -8, 0, 0, 0, 0, 0, 0, 0, 0, 0, 0, -3, -11
"d:\projects\flutter\49\49-mobile-app\lib\features\ride\trip_details\domain\usecases\get_cancel_reason_use_case.dart", "Dart", 0, -14, 0, 0, 0, 0, 0, 0, 0, 0, 0, 0, -4, -18
"d:\projects\flutter\49\49-mobile-app\lib\features\ride\trip_details\domain\usecases\get_trip_details_use_case.dart", "Dart", 0, -13, 0, 0, 0, 0, 0, 0, 0, 0, 0, 0, -4, -17
"d:\projects\flutter\49\49-mobile-app\lib\features\ride\trip_details\presentation\cubit\trip_details_cubit.dart", "Dart", 0, -36, 0, 0, 0, 0, 0, 0, 0, 0, 0, 0, -6, -42
"d:\projects\flutter\49\49-mobile-app\lib\features\ride\trip_details\presentation\cubit\trip_details_state.dart", "Dart", 0, -34, 0, 0, 0, 0, 0, 0, 0, 0, 0, 0, -8, -42
"d:\projects\flutter\49\49-mobile-app\lib\features\ride\trip_details\presentation\pages\trip_details_view.dart", "Dart", 0, -18, 0, 0, 0, 0, 0, 0, 0, 0, 0, 0, -3, -21
"d:\projects\flutter\49\49-mobile-app\lib\features\ride\trip_details\presentation\widgets\cancel_reasons.dart", "Dart", 0, -20, 0, 0, 0, 0, 0, 0, 0, 0, 0, 0, -4, -24
"d:\projects\flutter\49\49-mobile-app\lib\features\ride\trip_details\presentation\widgets\started_trip_widget.dart", "Dart", 0, -168, 0, 0, 0, 0, 0, 0, 0, 0, 0, 0, -7, -175
"d:\projects\flutter\49\49-mobile-app\lib\features\ride\trip_details\presentation\widgets\trip_details.dart", "Dart", 0, -16, 0, 0, 0, 0, 0, 0, 0, 0, 0, 0, -5, -21
"d:\projects\flutter\49\49-mobile-app\lib\features\ride\trip_details\presentation\widgets\trip_offers_widget.dart", "Dart", 0, -161, 0, 0, 0, 0, 0, 0, 0, 0, 0, -1, -5, -167
"d:\projects\flutter\49\49-mobile-app\lib\features\settings\presentation\cubit\settings_cubit.dart", "Dart", 0, -6, 0, 0, 0, 0, 0, 0, 0, 0, 0, 0, -3, -9
"d:\projects\flutter\49\49-mobile-app\lib\features\settings\presentation\cubit\settings_state.dart", "Dart", 0, -7, 0, 0, 0, 0, 0, 0, 0, 0, 0, 0, -4, -11
"d:\projects\flutter\49\49-mobile-app\lib\features\settings\presentation\pages\settings_view.dart", "Dart", 0, -110, 0, 0, 0, 0, 0, 0, 0, 0, 0, -2, -4, -116
"d:\projects\flutter\49\49-mobile-app\lib\features\shipping\create_shipping_request\data\datasources\create_shipping_remote_data_source.dart", "Dart", 0, -70, 0, 0, 0, 0, 0, 0, 0, 0, 0, -1, -14, -85
"d:\projects\flutter\49\49-mobile-app\lib\features\shipping\create_shipping_request\data\datasources\images_data_source.dart", "Dart", 0, -8, 0, 0, 0, 0, 0, 0, 0, 0, 0, -1, -2, -11
"d:\projects\flutter\49\49-mobile-app\lib\features\shipping\create_shipping_request\data\datasources\shipping_data_source.dart", "Dart", 0, -20, 0, 0, 0, 0, 0, 0, 0, 0, 0, 0, -4, -24
"d:\projects\flutter\49\49-mobile-app\lib\features\shipping\create_shipping_request\data\models\banner_model\banner_model.dart", "Dart", 0, -20, 0, 0, 0, 0, 0, 0, 0, 0, 0, 0, -5, -25
"d:\projects\flutter\49\49-mobile-app\lib\features\shipping\create_shipping_request\data\models\banner_model\main_category.dart", "Dart", 0, -32, 0, 0, 0, 0, 0, 0, 0, 0, 0, 0, -4, -36
"d:\projects\flutter\49\49-mobile-app\lib\features\shipping\create_shipping_request\data\models\banner_model\sub_category.dart", "Dart", 0, -28, 0, 0, 0, 0, 0, 0, 0, 0, 0, 0, -4, -32
"d:\projects\flutter\49\49-mobile-app\lib\features\shipping\create_shipping_request\data\models\car_images_s3_model\car_image.dart", "Dart", 0, -13, 0, 0, 0, 0, 0, 0, 0, 0, 0, 0, -4, -17
"d:\projects\flutter\49\49-mobile-app\lib\features\shipping\create_shipping_request\data\models\car_images_s3_model\car_images_s3_model.dart", "Dart", 0, -18, 0, 0, 0, 0, 0, 0, 0, 0, 0, 0, -5, -23
"d:\projects\flutter\49\49-mobile-app\lib\features\shipping\create_shipping_request\data\models\car_license_s3_model\car_license_behind.dart", "Dart", 0, -15, 0, 0, 0, 0, 0, 0, 0, 0, 0, 0, -4, -19
"d:\projects\flutter\49\49-mobile-app\lib\features\shipping\create_shipping_request\data\models\car_license_s3_model\car_license_front.dart", "Dart", 0, -15, 0, 0, 0, 0, 0, 0, 0, 0, 0, 0, -4, -19
"d:\projects\flutter\49\49-mobile-app\lib\features\shipping\create_shipping_request\data\models\car_license_s3_model\car_license_s3_model.dart", "Dart", 0, -30, 0, 0, 0, 0, 0, 0, 0, 0, 0, 0, -5, -35
"d:\projects\flutter\49\49-mobile-app\lib\features\shipping\create_shipping_request\data\models\driver_register_request_model.dart", "Dart", 0, -21, 0, 0, 0, 0, 0, 0, 0, 0, 0, 0, -3, -24
"d:\projects\flutter\49\49-mobile-app\lib\features\shipping\create_shipping_request\data\models\drivnig_license_s3_model\driving_license_behind.dart", "Dart", 0, -15, 0, 0, 0, 0, 0, 0, 0, 0, 0, 0, -4, -19
"d:\projects\flutter\49\49-mobile-app\lib\features\shipping\create_shipping_request\data\models\drivnig_license_s3_model\driving_license_front.dart", "Dart", 0, -15, 0, 0, 0, 0, 0, 0, 0, 0, 0, 0, -4, -19
"d:\projects\flutter\49\49-mobile-app\lib\features\shipping\create_shipping_request\data\models\drivnig_license_s3_model\drivnig_license_s3_model.dart", "Dart", 0, -30, 0, 0, 0, 0, 0, 0, 0, 0, 0, 0, -5, -35
"d:\projects\flutter\49\49-mobile-app\lib\features\shipping\create_shipping_request\data\models\info_documents_model\document.dart", "Dart", 0, -16, 0, 0, 0, 0, 0, 0, 0, 0, 0, 0, -4, -20
"d:\projects\flutter\49\49-mobile-app\lib\features\shipping\create_shipping_request\data\models\info_documents_model\info_documents_model.dart", "Dart", 0, -15, 0, 0, 0, 0, 0, 0, 0, 0, 0, 0, -5, -20
"d:\projects\flutter\49\49-mobile-app\lib\features\shipping\create_shipping_request\data\models\info_id_s3_model\id_behind.dart", "Dart", 0, -13, 0, 0, 0, 0, 0, 0, 0, 0, 0, 0, -4, -17
"d:\projects\flutter\49\49-mobile-app\lib\features\shipping\create_shipping_request\data\models\info_id_s3_model\id_front.dart", "Dart", 0, -13, 0, 0, 0, 0, 0, 0, 0, 0, 0, 0, -4, -17
"d:\projects\flutter\49\49-mobile-app\lib\features\shipping\create_shipping_request\data\models\info_id_s3_model\info_id_s3_model.dart", "Dart", 0, -22, 0, 0, 0, 0, 0, 0, 0, 0, 0, 0, -5, -27
"d:\projects\flutter\49\49-mobile-app\lib\features\shipping\create_shipping_request\data\models\register_request_model.dart", "Dart", 0, -47, 0, 0, 0, 0, 0, 0, 0, 0, 0, 0, -3, -50
"d:\projects\flutter\49\49-mobile-app\lib\features\shipping\create_shipping_request\data\models\request_model.dart", "Dart", 0, -18, 0, 0, 0, 0, 0, 0, 0, 0, 0, 0, -2, -20
"d:\projects\flutter\49\49-mobile-app\lib\features\shipping\create_shipping_request\data\repositories\create_shipping_repo_impl.dart", "Dart", 0, -35, 0, 0, 0, 0, 0, 0, 0, 0, 0, 0, -7, -42
"d:\projects\flutter\49\49-mobile-app\lib\features\shipping\create_shipping_request\data\repositories\images_repository.dart", "Dart", 0, -9, 0, 0, 0, 0, 0, 0, 0, 0, 0, -64, -8, -81
"d:\projects\flutter\49\49-mobile-app\lib\features\shipping\create_shipping_request\data\repositories\shipping_repository.dart", "Dart", 0, -68, 0, 0, 0, 0, 0, 0, 0, 0, 0, -76, -10, -154
"d:\projects\flutter\49\49-mobile-app\lib\features\shipping\create_shipping_request\domain\repositories\create_shipping_repo.dart", "Dart", 0, -18, 0, 0, 0, 0, 0, 0, 0, 0, 0, 0, -6, -24
"d:\projects\flutter\49\49-mobile-app\lib\features\shipping\create_shipping_request\domain\usecases\get_shipping_expected_price_usecase.dart", "Dart", 0, -15, 0, 0, 0, 0, 0, 0, 0, 0, 0, 0, -3, -18
"d:\projects\flutter\49\49-mobile-app\lib\features\shipping\create_shipping_request\domain\usecases\get_shipping_subcategories_usecase.dart", "Dart", 0, -14, 0, 0, 0, 0, 0, 0, 0, 0, 0, 0, -3, -17
"d:\projects\flutter\49\49-mobile-app\lib\features\shipping\create_shipping_request\presentation\cubit\create_shipping_request_cubit.dart", "Dart", 0, -131, 0, 0, 0, 0, 0, 0, 0, 0, 0, -4, -14, -149
"d:\projects\flutter\49\49-mobile-app\lib\features\shipping\create_shipping_request\presentation\cubit\create_shipping_request_state.dart", "Dart", 0, -90, 0, 0, 0, 0, 0, 0, 0, 0, 0, 0, -7, -97
"d:\projects\flutter\49\49-mobile-app\lib\features\shipping\create_shipping_request\presentation\cubit\images_cubit.dart", "Dart", 0, -7, 0, 0, 0, 0, 0, 0, 0, 0, 0, -11, -2, -20
"d:\projects\flutter\49\49-mobile-app\lib\features\shipping\create_shipping_request\presentation\cubit\register_shipping_cubit.dart", "Dart", 0, -5, 0, 0, 0, 0, 0, 0, 0, 0, 0, 0, -2, -7
"d:\projects\flutter\49\49-mobile-app\lib\features\shipping\create_shipping_request\presentation\cubit\shipping_cubit.dart", "Dart", 0, -341, 0, 0, 0, 0, 0, 0, 0, 0, 0, -11, -34, -386
"d:\projects\flutter\49\49-mobile-app\lib\features\shipping\create_shipping_request\presentation\cubit\shipping_state.dart", "Dart", 0, -13, 0, 0, 0, 0, 0, 0, 0, 0, 0, -2, -9, -24
"d:\projects\flutter\49\49-mobile-app\lib\features\shipping\create_shipping_request\presentation\pages\create_shipping_view.dart", "Dart", 0, -429, 0, 0, 0, 0, 0, 0, 0, 0, 0, -43, -12, -484
"d:\projects\flutter\49\49-mobile-app\lib\features\shipping\create_shipping_request\presentation\pages\driver_requests.dart", "Dart", 0, -63, 0, 0, 0, 0, 0, 0, 0, 0, 0, -88, -6, -157
"d:\projects\flutter\49\49-mobile-app\lib\features\shipping\create_shipping_request\presentation\pages\register_shipping_screen.dart", "Dart", 0, -611, 0, 0, 0, 0, 0, 0, 0, 0, 0, -286, -13, -910
"d:\projects\flutter\49\49-mobile-app\lib\features\shipping\create_shipping_request\presentation\widgets\create_shipping_governorate_dropdown.dart", "Dart", 0, 0, 0, 0, 0, 0, 0, 0, 0, 0, 0, -28, -3, -31
"d:\projects\flutter\49\49-mobile-app\lib\features\shipping\create_shipping_request\presentation\widgets\from_and_to_widget.dart", "Dart", 0, -174, 0, 0, 0, 0, 0, 0, 0, 0, 0, -1, -7, -182
"d:\projects\flutter\49\49-mobile-app\lib\features\shipping\create_shipping_request\presentation\widgets\image_validation.dart", "Dart", 0, -70, 0, 0, 0, 0, 0, 0, 0, 0, 0, 0, -3, -73
"d:\projects\flutter\49\49-mobile-app\lib\features\shipping\create_shipping_request\presentation\widgets\select_shipping_destination.dart", "Dart", 0, -133, 0, 0, 0, 0, 0, 0, 0, 0, 0, 0, -5, -138
"d:\projects\flutter\49\49-mobile-app\lib\features\shipping\create_shipping_request\presentation\widgets\shipping_banner.dart", "Dart", 0, -72, 0, 0, 0, 0, 0, 0, 0, 0, 0, -1, -3, -76
"d:\projects\flutter\49\49-mobile-app\lib\features\shipping\create_shipping_request\presentation\widgets\shipping_details_widget.dart", "Dart", 0, -164, 0, 0, 0, 0, 0, 0, 0, 0, 0, 0, -8, -172
"d:\projects\flutter\49\49-mobile-app\lib\features\social_media\chat\chat_room\data\datasources\chat_message_remote_datasourse.dart", "Dart", 0, -37, 0, 0, 0, 0, 0, 0, 0, 0, 0, 0, -7, -44
"d:\projects\flutter\49\49-mobile-app\lib\features\social_media\chat\chat_room\data\models\chat_messgaes_model.dart", "Dart", 0, -16, 0, 0, 0, 0, 0, 0, 0, 0, 0, 0, -4, -20
"d:\projects\flutter\49\49-mobile-app\lib\features\social_media\chat\chat_room\data\models\chat_model.dart", "Dart", 0, -26, 0, 0, 0, 0, 0, 0, 0, 0, 0, 0, -3, -29
"d:\projects\flutter\49\49-mobile-app\lib\features\social_media\chat\chat_room\data\models\contact_model.dart", "Dart", 0, -11, 0, 0, 0, 0, 0, 0, 0, 0, 0, 0, -3, -14
"d:\projects\flutter\49\49-mobile-app\lib\features\social_media\chat\chat_room\data\models\message_model.dart", "Dart", 0, -60, 0, 0, 0, 0, 0, 0, 0, 0, 0, 0, -5, -65
"d:\projects\flutter\49\49-mobile-app\lib\features\social_media\chat\chat_room\data\models\typing_and_online_model.dart", "Dart", 0, -13, 0, 0, 0, 0, 0, 0, 0, 0, 0, 0, -3, -16
"d:\projects\flutter\49\49-mobile-app\lib\features\social_media\chat\chat_room\data\repositories\chat_room_repository_implement.dart", "Dart", 0, -22, 0, 0, 0, 0, 0, 0, 0, 0, 0, 0, -6, -28
"d:\projects\flutter\49\49-mobile-app\lib\features\social_media\chat\chat_room\domain\entities\chat_entity.dart", "Dart", 0, -21, 0, 0, 0, 0, 0, 0, 0, 0, 0, 0, -3, -24
"d:\projects\flutter\49\49-mobile-app\lib\features\social_media\chat\chat_room\domain\entities\chat_messgaes_entity.dart", "Dart", 0, -7, 0, 0, 0, 0, 0, 0, 0, 0, 0, 0, -3, -10
"d:\projects\flutter\49\49-mobile-app\lib\features\social_media\chat\chat_room\domain\entities\contact_entity.dart", "Dart", 0, -6, 0, 0, 0, 0, 0, 0, 0, 0, 0, 0, -2, -8
"d:\projects\flutter\49\49-mobile-app\lib\features\social_media\chat\chat_room\domain\entities\message_entity.dart", "Dart", 0, -49, 0, 0, 0, 0, 0, 0, 0, 0, 0, 0, -4, -53
"d:\projects\flutter\49\49-mobile-app\lib\features\social_media\chat\chat_room\domain\repositories\chat_room_repository.dart", "Dart", 0, -10, 0, 0, 0, 0, 0, 0, 0, 0, 0, 0, -3, -13
"d:\projects\flutter\49\49-mobile-app\lib\features\social_media\chat\chat_room\domain\usecases\deleteMessage_usecase.dart", "Dart", 0, -13, 0, 0, 0, 0, 0, 0, 0, 0, 0, 0, -4, -17
"d:\projects\flutter\49\49-mobile-app\lib\features\social_media\chat\chat_room\domain\usecases\delete_message_request.dart", "Dart", 0, -8, 0, 0, 0, 0, 0, 0, 0, 0, 0, 0, -2, -10
"d:\projects\flutter\49\49-mobile-app\lib\features\social_media\chat\chat_room\domain\usecases\getChatMessages_usecase.dart", "Dart", 0, -13, 0, 0, 0, 0, 0, 0, 0, 0, 0, 0, -4, -17
"d:\projects\flutter\49\49-mobile-app\lib\features\social_media\chat\chat_room\presentation\chat_cubit\chat_room_cubit.dart", "Dart", 0, -130, 0, 0, 0, 0, 0, 0, 0, 0, 0, -15, -25, -170
"d:\projects\flutter\49\49-mobile-app\lib\features\social_media\chat\chat_room\presentation\chat_cubit\chat_view_state.dart", "Dart", 0, -34, 0, 0, 0, 0, 0, 0, 0, 0, 0, 0, -9, -43
"d:\projects\flutter\49\49-mobile-app\lib\features\social_media\chat\chat_room\presentation\pages\Chat_room.dart", "Dart", 0, -225, 0, 0, 0, 0, 0, 0, 0, 0, 0, -5, -13, -243
"d:\projects\flutter\49\49-mobile-app\lib\features\social_media\chat\chat_room\presentation\widgets\room\Attachment_types.dart", "Dart", 0, -49, 0, 0, 0, 0, 0, 0, 0, 0, 0, 0, -4, -53
"d:\projects\flutter\49\49-mobile-app\lib\features\social_media\chat\chat_room\presentation\widgets\room\chat_room_app_bar.dart", "Dart", 0, -123, 0, 0, 0, 0, 0, 0, 0, 0, 0, -19, -4, -146
"d:\projects\flutter\49\49-mobile-app\lib\features\social_media\chat\chat_room\presentation\widgets\room\delete_message_body.dart", "Dart", 0, -53, 0, 0, 0, 0, 0, 0, 0, 0, 0, -9, -3, -65
"d:\projects\flutter\49\49-mobile-app\lib\features\social_media\chat\chat_room\presentation\widgets\room\message_card.dart", "Dart", 0, -189, 0, 0, 0, 0, 0, 0, 0, 0, 0, -2, -10, -201
"d:\projects\flutter\49\49-mobile-app\lib\features\social_media\chat\chat_room\presentation\widgets\room\replay_message_widget.dart", "Dart", 0, -58, 0, 0, 0, 0, 0, 0, 0, 0, 0, 0, -5, -63
"d:\projects\flutter\49\49-mobile-app\lib\features\social_media\chat\chat_room\presentation\widgets\room\send_message_widget.dart", "Dart", 0, -378, 0, 0, 0, 0, 0, 0, 0, 0, 0, -5, -27, -410
"d:\projects\flutter\49\49-mobile-app\lib\features\social_media\chat\chat_view\data\datasources\chats_remote_datasourse.dart", "Dart", 0, -112, 0, 0, 0, 0, 0, 0, 0, 0, 0, 0, -15, -127
"d:\projects\flutter\49\49-mobile-app\lib\features\social_media\chat\chat_view\data\models\chat_item_model.dart", "Dart", 0, -61, 0, 0, 0, 0, 0, 0, 0, 0, 0, 0, -6, -67
"d:\projects\flutter\49\49-mobile-app\lib\features\social_media\chat\chat_view\data\models\socket_model.dart", "Dart", 0, -32, 0, 0, 0, 0, 0, 0, 0, 0, 0, 0, -7, -39
"d:\projects\flutter\49\49-mobile-app\lib\features\social_media\chat\chat_view\data\repositories\chats_repository_implement.dart", "Dart", 0, -43, 0, 0, 0, 0, 0, 0, 0, 0, 0, 0, -8, -51
"d:\projects\flutter\49\49-mobile-app\lib\features\social_media\chat\chat_view\domain\repositories\chats_repository.dart", "Dart", 0, -13, 0, 0, 0, 0, 0, 0, 0, 0, 0, 0, -2, -15
"d:\projects\flutter\49\49-mobile-app\lib\features\social_media\chat\chat_view\domain\usecases\changeChatMuteState_usecase.dart", "Dart", 0, -12, 0, 0, 0, 0, 0, 0, 0, 0, 0, 0, -4, -16
"d:\projects\flutter\49\49-mobile-app\lib\features\social_media\chat\chat_view\domain\usecases\changeChatToArchiveNormal_usecase.dart", "Dart", 0, -12, 0, 0, 0, 0, 0, 0, 0, 0, 0, 0, -4, -16
"d:\projects\flutter\49\49-mobile-app\lib\features\social_media\chat\chat_view\domain\usecases\chats_request.dart", "Dart", 0, -16, 0, 0, 0, 0, 0, 0, 0, 0, 0, 0, -1, -17
"d:\projects\flutter\49\49-mobile-app\lib\features\social_media\chat\chat_view\domain\usecases\getChats_usecase.dart", "Dart", 0, -14, 0, 0, 0, 0, 0, 0, 0, 0, 0, 0, -4, -18
"d:\projects\flutter\49\49-mobile-app\lib\features\social_media\chat\chat_view\domain\usecases\lock_chat_request.dart", "Dart", 0, -8, 0, 0, 0, 0, 0, 0, 0, 0, 0, 0, -2, -10
"d:\projects\flutter\49\49-mobile-app\lib\features\social_media\chat\chat_view\domain\usecases\lock_chat_usecase.dart", "Dart", 0, -13, 0, 0, 0, 0, 0, 0, 0, 0, 0, 0, -4, -17
"d:\projects\flutter\49\49-mobile-app\lib\features\social_media\chat\chat_view\domain\usecases\unlock_chat_usecase.dart", "Dart", 0, -13, 0, 0, 0, 0, 0, 0, 0, 0, 0, 0, -4, -17
"d:\projects\flutter\49\49-mobile-app\lib\features\social_media\chat\chat_view\presentation\chat_cubit\chat_cubit.dart", "Dart", 0, -215, 0, 0, 0, 0, 0, 0, 0, 0, 0, -8, -28, -251
"d:\projects\flutter\49\49-mobile-app\lib\features\social_media\chat\chat_view\presentation\chat_cubit\chats_state.dart", "Dart", 0, -30, 0, 0, 0, 0, 0, 0, 0, 0, 0, 0, -8, -38
"d:\projects\flutter\49\49-mobile-app\lib\features\social_media\chat\chat_view\presentation\pages\Chat_view.dart", "Dart", 0, -250, 0, 0, 0, 0, 0, 0, 0, 0, 0, -272, -16, -538
"d:\projects\flutter\49\49-mobile-app\lib\features\social_media\chat\chat_view\presentation\widgets\calling_card.dart", "Dart", 0, -58, 0, 0, 0, 0, 0, 0, 0, 0, 0, 0, -3, -61
"d:\projects\flutter\49\49-mobile-app\lib\features\social_media\chat\chat_view\presentation\widgets\chat_card.dart", "Dart", 0, -173, 0, 0, 0, 0, 0, 0, 0, 0, 0, -10, -12, -195
"d:\projects\flutter\49\49-mobile-app\lib\features\social_media\chat\chat_view\presentation\widgets\chat_stories.dart", "Dart", 0, -98, 0, 0, 0, 0, 0, 0, 0, 0, 0, 0, -5, -103
"d:\projects\flutter\49\49-mobile-app\lib\features\social_media\chat\chat_view\presentation\widgets\more_icon_bottom_sheet_body.dart", "Dart", 0, -174, 0, 0, 0, 0, 0, 0, 0, 0, 0, -2, -10, -186
"d:\projects\flutter\49\49-mobile-app\lib\features\social_media\club_house\data\datasource\club_voice_datasource.dart", "Dart", 0, -73, 0, 0, 0, 0, 0, 0, 0, 0, 0, -1, -13, -87
"d:\projects\flutter\49\49-mobile-app\lib\features\social_media\club_house\data\model\club_voice_room_model.dart", "Dart", 0, -17, 0, 0, 0, 0, 0, 0, 0, 0, 0, 0, -2, -19
"d:\projects\flutter\49\49-mobile-app\lib\features\social_media\club_house\data\model\create_voice_room_model.dart", "Dart", 0, -12, 0, 0, 0, 0, 0, 0, 0, 0, 0, -1, -2, -15
"d:\projects\flutter\49\49-mobile-app\lib\features\social_media\club_house\data\repositories\club_voice_repository_impl.dart", "Dart", 0, -38, 0, 0, 0, 0, 0, 0, 0, 0, 0, 0, -9, -47
"d:\projects\flutter\49\49-mobile-app\lib\features\social_media\club_house\domain\entities\club_voice_room_entity.dart", "Dart", 0, -15, 0, 0, 0, 0, 0, 0, 0, 0, 0, -1, -3, -19
"d:\projects\flutter\49\49-mobile-app\lib\features\social_media\club_house\domain\entities\create_room_response_entity.dart", "Dart", 0, -11, 0, 0, 0, 0, 0, 0, 0, 0, 0, -1, -3, -15
"d:\projects\flutter\49\49-mobile-app\lib\features\social_media\club_house\domain\repositories\club_voice_repository.dart", "Dart", 0, -16, 0, 0, 0, 0, 0, 0, 0, 0, 0, 0, -3, -19
"d:\projects\flutter\49\49-mobile-app\lib\features\social_media\club_house\domain\usecases\add_club_voice_use_case.dart", "Dart", 0, -27, 0, 0, 0, 0, 0, 0, 0, 0, 0, -2, -9, -38
"d:\projects\flutter\49\49-mobile-app\lib\features\social_media\club_house\domain\usecases\end_club_voice_use_case.dart", "Dart", 0, -13, 0, 0, 0, 0, 0, 0, 0, 0, 0, -1, -6, -20
"d:\projects\flutter\49\49-mobile-app\lib\features\social_media\club_house\domain\usecases\get_club_voice_use_case.dart", "Dart", 0, -13, 0, 0, 0, 0, 0, 0, 0, 0, 0, 0, -6, -19
"d:\projects\flutter\49\49-mobile-app\lib\features\social_media\club_house\domain\usecases\join_club_voice_use_case.dart", "Dart", 0, -26, 0, 0, 0, 0, 0, 0, 0, 0, 0, -1, -7, -34
"d:\projects\flutter\49\49-mobile-app\lib\features\social_media\club_house\domain\usecases\leave_club_voice_use_case.dart", "Dart", 0, -13, 0, 0, 0, 0, 0, 0, 0, 0, 0, 0, -6, -19
"d:\projects\flutter\49\49-mobile-app\lib\features\social_media\club_house\domain\usecases\search_club_voice_use_case.dart", "Dart", 0, -24, 0, 0, 0, 0, 0, 0, 0, 0, 0, -1, -7, -32
"d:\projects\flutter\49\49-mobile-app\lib\features\social_media\club_house\presentation\controller\club_voice_bloc.dart", "Dart", 0, -98, 0, 0, 0, 0, 0, 0, 0, 0, 0, 0, -8, -106
"d:\projects\flutter\49\49-mobile-app\lib\features\social_media\club_house\presentation\controller\club_voice_state.dart", "Dart", 0, -41, 0, 0, 0, 0, 0, 0, 0, 0, 0, -5, -12, -58
"d:\projects\flutter\49\49-mobile-app\lib\features\social_media\club_house\presentation\manager\club_house_state.dart", "Dart", 0, -3, 0, 0, 0, 0, 0, 0, 0, 0, 0, 0, -3, -6
"d:\projects\flutter\49\49-mobile-app\lib\features\social_media\club_house\presentation\pages\audio_stream_screen.dart", "Dart", 0, -139, 0, 0, 0, 0, 0, 0, 0, 0, 0, 0, -3, -142
"d:\projects\flutter\49\49-mobile-app\lib\features\social_media\club_house\presentation\pages\club_house_home_screen.dart", "Dart", 0, -78, 0, 0, 0, 0, 0, 0, 0, 0, 0, -56, -5, -139
"d:\projects\flutter\49\49-mobile-app\lib\features\social_media\club_house\presentation\widgets\audio_room_card.dart", "Dart", 0, -128, 0, 0, 0, 0, 0, 0, 0, 0, 0, -1, -4, -133
"d:\projects\flutter\49\49-mobile-app\lib\features\social_media\club_house\presentation\widgets\comment.dart", "Dart", 0, -273, 0, 0, 0, 0, 0, 0, 0, 0, 0, -12, -5, -290
"d:\projects\flutter\49\49-mobile-app\lib\features\social_media\club_house\presentation\widgets\components\create_voice_room_dialogue.dart", "Dart", 0, -109, 0, 0, 0, 0, 0, 0, 0, 0, 0, -3, -6, -118
"d:\projects\flutter\49\49-mobile-app\lib\features\social_media\club_house\presentation\widgets\components\custom_extended_button.dart", "Dart", 0, -26, 0, 0, 0, 0, 0, 0, 0, 0, 0, 0, -3, -29
"d:\projects\flutter\49\49-mobile-app\lib\features\social_media\club_house\presentation\widgets\components\media_player.dart", "Dart", 0, -112, 0, 0, 0, 0, 0, 0, 0, 0, 0, -4, -5, -121
"d:\projects\flutter\49\49-mobile-app\lib\features\social_media\club_house\presentation\widgets\report_widget.dart", "Dart", 0, -182, 0, 0, 0, 0, 0, 0, 0, 0, 0, 0, -3, -185
"d:\projects\flutter\49\49-mobile-app\lib\features\social_media\club_house\presentation\widgets\roomInfo.dart", "Dart", 0, -237, 0, 0, 0, 0, 0, 0, 0, 0, 0, 0, -4, -241
"d:\projects\flutter\49\49-mobile-app\lib\features\social_media\club_house\presentation\widgets\zego_audio_room_widget.dart", "Dart", 0, -374, 0, 0, 0, 0, 0, 0, 0, 0, 0, -13, -27, -414
"d:\projects\flutter\49\49-mobile-app\lib\features\social_media\create_post\data\datasources\create_post_remote_datasource.dart", "Dart", 0, -62, 0, 0, 0, 0, 0, 0, 0, 0, 0, -12, -6, -80
"d:\projects\flutter\49\49-mobile-app\lib\features\social_media\create_post\data\models\activity_model.dart", "Dart", 0, -11, 0, 0, 0, 0, 0, 0, 0, 0, 0, 0, -2, -13
"d:\projects\flutter\49\49-mobile-app\lib\features\social_media\create_post\data\models\feeling_model.dart", "Dart", 0, -11, 0, 0, 0, 0, 0, 0, 0, 0, 0, 0, -2, -13
"d:\projects\flutter\49\49-mobile-app\lib\features\social_media\create_post\data\repositories\create_post_repo_impl.dart", "Dart", 0, -29, 0, 0, 0, 0, 0, 0, 0, 0, 0, 0, -9, -38
"d:\projects\flutter\49\49-mobile-app\lib\features\social_media\create_post\domain\entities\activity_entity.dart", "Dart", 0, -6, 0, 0, 0, 0, 0, 0, 0, 0, 0, 0, -1, -7
"d:\projects\flutter\49\49-mobile-app\lib\features\social_media\create_post\domain\entities\feeling_entity.dart", "Dart", 0, -6, 0, 0, 0, 0, 0, 0, 0, 0, 0, 0, -1, -7
"d:\projects\flutter\49\49-mobile-app\lib\features\social_media\create_post\domain\repositories\create_post_repo.dart", "Dart", 0, -13, 0, 0, 0, 0, 0, 0, 0, 0, 0, 0, -3, -16
"d:\projects\flutter\49\49-mobile-app\lib\features\social_media\create_post\domain\usecases\creat_twitter_usecase.dart", "Dart", 0, -27, 0, 0, 0, 0, 0, 0, 0, 0, 0, 0, -3, -30
"d:\projects\flutter\49\49-mobile-app\lib\features\social_media\create_post\domain\usecases\create_post_usecase.dart", "Dart", 0, -36, 0, 0, 0, 0, 0, 0, 0, 0, 0, 0, -3, -39
"d:\projects\flutter\49\49-mobile-app\lib\features\social_media\create_post\domain\usecases\get_activities_usecase.dart", "Dart", 0, -13, 0, 0, 0, 0, 0, 0, 0, 0, 0, 0, -3, -16
"d:\projects\flutter\49\49-mobile-app\lib\features\social_media\create_post\domain\usecases\get_feelings_usecase.dart", "Dart", 0, -13, 0, 0, 0, 0, 0, 0, 0, 0, 0, 0, -3, -16
"d:\projects\flutter\49\49-mobile-app\lib\features\social_media\create_post\presentation\cubit\create_post_cubit.dart", "Dart", 0, -113, 0, 0, 0, 0, 0, 0, 0, 0, 0, -2, -16, -131
"d:\projects\flutter\49\49-mobile-app\lib\features\social_media\create_post\presentation\cubit\create_post_state.dart", "Dart", 0, -46, 0, 0, 0, 0, 0, 0, 0, 0, 0, 0, -3, -49
"d:\projects\flutter\49\49-mobile-app\lib\features\social_media\create_post\presentation\pages\create_post_view.dart", "Dart", 0, -330, 0, 0, 0, 0, 0, 0, 0, 0, 0, -8, -8, -346
"d:\projects\flutter\49\49-mobile-app\lib\features\social_media\create_post\presentation\pages\select_activity_view.dart", "Dart", 0, -48, 0, 0, 0, 0, 0, 0, 0, 0, 0, 0, -5, -53
"d:\projects\flutter\49\49-mobile-app\lib\features\social_media\create_post\presentation\pages\select_feeling_view.dart", "Dart", 0, -48, 0, 0, 0, 0, 0, 0, 0, 0, 0, 0, -5, -53
"d:\projects\flutter\49\49-mobile-app\lib\features\social_media\create_post\presentation\widgets\image_details.dart", "Dart", 0, -105, 0, 0, 0, 0, 0, 0, 0, 0, 0, -4, -8, -117
"d:\projects\flutter\49\49-mobile-app\lib\features\social_media\create_post\presentation\widgets\show_all_images.dart", "Dart", 0, -91, 0, 0, 0, 0, 0, 0, 0, 0, 0, -3, -6, -100
"d:\projects\flutter\49\49-mobile-app\lib\features\social_media\instagram\data\datasources\instagram_remote_datasource.dart", "Dart", 0, -53, 0, 0, 0, 0, 0, 0, 0, 0, 0, 0, -11, -64
"d:\projects\flutter\49\49-mobile-app\lib\features\social_media\instagram\data\repositories\instagram_repo_impl.dart", "Dart", 0, -23, 0, 0, 0, 0, 0, 0, 0, 0, 0, 0, -7, -30
"d:\projects\flutter\49\49-mobile-app\lib\features\social_media\instagram\domain\repositories\social_posts_repo.dart", "Dart", 0, -10, 0, 0, 0, 0, 0, 0, 0, 0, 0, 0, -2, -12
"d:\projects\flutter\49\49-mobile-app\lib\features\social_media\instagram\domain\usecases\get_instagram_feed_usecase.dart", "Dart", 0, -16, 0, 0, 0, 0, 0, 0, 0, 0, 0, 0, -2, -18
"d:\projects\flutter\49\49-mobile-app\lib\features\social_media\instagram\domain\usecases\get_instagram_reels_usecase.dart", "Dart", 0, -16, 0, 0, 0, 0, 0, 0, 0, 0, 0, 0, -2, -18
"d:\projects\flutter\49\49-mobile-app\lib\features\social_media\instagram\domain\usecases\get_user_reels_usecase.dart", "Dart", 0, -27, 0, 0, 0, 0, 0, 0, 0, 0, 0, -1, -3, -31
"d:\projects\flutter\49\49-mobile-app\lib\features\social_media\instagram\presentation\cubit\instagram_cubit.dart", "Dart", 0, -256, 0, 0, 0, 0, 0, 0, 0, 0, 0, -58, -39, -353
"d:\projects\flutter\49\49-mobile-app\lib\features\social_media\instagram\presentation\cubit\instagram_state.dart", "Dart", 0, -45, 0, 0, 0, 0, 0, 0, 0, 0, 0, 0, -3, -48
"d:\projects\flutter\49\49-mobile-app\lib\features\social_media\instagram\presentation\pages\instgram_view.dart", "Dart", 0, -93, 0, 0, 0, 0, 0, 0, 0, 0, 0, 0, -12, -105
"d:\projects\flutter\49\49-mobile-app\lib\features\social_media\instagram\presentation\widgets\insta_reel_card.dart", "Dart", 0, -226, 0, 0, 0, 0, 0, 0, 0, 0, 0, -8, -21, -255
"d:\projects\flutter\49\49-mobile-app\lib\features\social_media\instagram\presentation\widgets\instagram_comment_card.dart", "Dart", 0, -130, 0, 0, 0, 0, 0, 0, 0, 0, 0, -4, -4, -138
"d:\projects\flutter\49\49-mobile-app\lib\features\social_media\instagram\presentation\widgets\instagram_comment_replies.dart", "Dart", 0, -186, 0, 0, 0, 0, 0, 0, 0, 0, 0, -4, -6, -196
"d:\projects\flutter\49\49-mobile-app\lib\features\social_media\instagram\presentation\widgets\instagram_global_posts.dart", "Dart", 0, -329, 0, 0, 0, 0, 0, 0, 0, 0, 0, 0, -3, -332
"d:\projects\flutter\49\49-mobile-app\lib\features\social_media\instagram\presentation\widgets\instagram_post_comments.dart", "Dart", 0, -184, 0, 0, 0, 0, 0, 0, 0, 0, 0, -7, -6, -197
"d:\projects\flutter\49\49-mobile-app\lib\features\social_media\instagram\presentation\widgets\instagram_reply_card.dart", "Dart", 0, -144, 0, 0, 0, 0, 0, 0, 0, 0, 0, 0, -4, -148
"d:\projects\flutter\49\49-mobile-app\lib\features\social_media\live_streaming\presentation\cubit\live_streaming_cubit.dart", "Dart", 0, -6, 0, 0, 0, 0, 0, 0, 0, 0, 0, 0, -3, -9
"d:\projects\flutter\49\49-mobile-app\lib\features\social_media\live_streaming\presentation\cubit\live_streaming_state.dart", "Dart", 0, -7, 0, 0, 0, 0, 0, 0, 0, 0, 0, 0, -4, -11
"d:\projects\flutter\49\49-mobile-app\lib\features\social_media\live_streaming\presentation\pages\live_stream_home_screen.dart", "Dart", 0, -35, 0, 0, 0, 0, 0, 0, 0, 0, 0, 0, -5, -40
"d:\projects\flutter\49\49-mobile-app\lib\features\social_media\live_streaming\presentation\pages\live_stream_view.dart", "Dart", 0, -287, 0, 0, 0, 0, 0, 0, 0, 0, 0, -67, -31, -385
"d:\projects\flutter\49\49-mobile-app\lib\features\social_media\live_streaming\presentation\widgets\components\gift_mp4_player.dart", "Dart", 0, -103, 0, 0, 0, 0, 0, 0, 0, 0, 0, -3, -20, -126
"d:\projects\flutter\49\49-mobile-app\lib\features\social_media\live_streaming\presentation\widgets\liveview\gifts\simple_gifts_sheet.dart", "Dart", 0, -120, 0, 0, 0, 0, 0, 0, 0, 0, 0, -2, -4, -126
"d:\projects\flutter\49\49-mobile-app\lib\features\social_media\live_streaming\presentation\widgets\liveview\live_card.dart", "Dart", 0, -200, 0, 0, 0, 0, 0, 0, 0, 0, 0, -5, -9, -214
"d:\projects\flutter\49\49-mobile-app\lib\features\social_media\live_streaming\presentation\widgets\liveview\recharge_coins.dart", "Dart", 0, -91, 0, 0, 0, 0, 0, 0, 0, 0, 0, 0, -8, -99
"d:\projects\flutter\49\49-mobile-app\lib\features\social_media\live_streaming\presentation\widgets\liveview\super_gifts\gift_cache.dart", "Dart", 0, -83, 0, 0, 0, 0, 0, 0, 0, 0, 0, 0, -14, -97
"d:\projects\flutter\49\49-mobile-app\lib\features\social_media\live_streaming\presentation\widgets\liveview\super_gifts\gift_manager.dart", "Dart", 0, -19, 0, 0, 0, 0, 0, 0, 0, 0, 0, 0, -4, -23
"d:\projects\flutter\49\49-mobile-app\lib\features\social_media\live_streaming\presentation\widgets\liveview\super_gifts\gift_playlist.dart", "Dart", 0, -30, 0, 0, 0, 0, 0, 0, 0, 0, 0, 0, -8, -38
"d:\projects\flutter\49\49-mobile-app\lib\features\social_media\live_streaming\presentation\widgets\liveview\super_gifts\gift_protocol.dart", "Dart", 0, -134, 0, 0, 0, 0, 0, 0, 0, 0, 0, -7, -21, -162
"d:\projects\flutter\49\49-mobile-app\lib\features\social_media\live_streaming\presentation\widgets\liveview\super_gifts\gift_sheet.dart", "Dart", 0, -213, 0, 0, 0, 0, 0, 0, 0, 0, 0, -2, -20, -235
"d:\projects\flutter\49\49-mobile-app\lib\features\social_media\live_streaming\presentation\widgets\liveview\super_gifts\mp4_player_widget.dart", "Dart", 0, -108, 0, 0, 0, 0, 0, 0, 0, 0, 0, -3, -18, -129
"d:\projects\flutter\49\49-mobile-app\lib\features\social_media\live_streaming\presentation\widgets\liveview\super_gifts\svga_player_widget.dart", "Dart", 0, 0, 0, 0, 0, 0, 0, 0, 0, 0, 0, -151, -25, -176
"d:\projects\flutter\49\49-mobile-app\lib\features\social_media\live_streaming\presentation\widgets\liveview\super_gifts\zego_gift_item.dart", "Dart", 0, -32, 0, 0, 0, 0, 0, 0, 0, 0, 0, 0, -6, -38
"d:\projects\flutter\49\49-mobile-app\lib\features\social_media\live_streaming\presentation\widgets\pk_widgets\configs.dart", "Dart", 0, -103, 0, 0, 0, 0, 0, 0, 0, 0, 0, -18, -11, -132
"d:\projects\flutter\49\49-mobile-app\lib\features\social_media\live_streaming\presentation\widgets\pk_widgets\events.dart", "Dart", 0, -115, 0, 0, 0, 0, 0, 0, 0, 0, 0, 0, -21, -136
"d:\projects\flutter\49\49-mobile-app\lib\features\social_media\live_streaming\presentation\widgets\pk_widgets\join_widget.dart", "Dart", 0, 0, 0, 0, 0, 0, 0, 0, 0, 0, 0, -90, -8, -98
"d:\projects\flutter\49\49-mobile-app\lib\features\social_media\live_streaming\presentation\widgets\pk_widgets\mute_widget.dart", "Dart", 0, -41, 0, 0, 0, 0, 0, 0, 0, 0, 0, -1, -5, -47
"d:\projects\flutter\49\49-mobile-app\lib\features\social_media\live_streaming\presentation\widgets\pk_widgets\quit_button.dart", "Dart", 0, -68, 0, 0, 0, 0, 0, 0, 0, 0, 0, 0, -8, -76
"d:\projects\flutter\49\49-mobile-app\lib\features\social_media\live_streaming\presentation\widgets\pk_widgets\request_widget.dart", "Dart", 0, -125, 0, 0, 0, 0, 0, 0, 0, 0, 0, -2, -9, -136
"d:\projects\flutter\49\49-mobile-app\lib\features\social_media\live_streaming\presentation\widgets\pk_widgets\requesting_id_value_listenable_widget.dart", "Dart", 0, -34, 0, 0, 0, 0, 0, 0, 0, 0, 0, 0, -5, -39
"d:\projects\flutter\49\49-mobile-app\lib\features\social_media\live_streaming\presentation\widgets\pk_widgets\requesting_list.dart", "Dart", 0, -110, 0, 0, 0, 0, 0, 0, 0, 0, 0, -2, -12, -124
"d:\projects\flutter\49\49-mobile-app\lib\features\social_media\live_streaming\presentation\widgets\pk_widgets\stop_button.dart", "Dart", 0, -67, 0, 0, 0, 0, 0, 0, 0, 0, 0, 0, -8, -75
"d:\projects\flutter\49\49-mobile-app\lib\features\social_media\live_streaming\presentation\widgets\pk_widgets\surfuce.dart", "Dart", 0, -80, 0, 0, 0, 0, 0, 0, 0, 0, 0, -16, -8, -104
"d:\projects\flutter\49\49-mobile-app\lib\features\social_media\live_streaming\presentation\widgets\zego\src\components\audio_video_view_foreground.dart", "Dart", 0, -168, 0, 0, 0, 0, 0, 0, 0, 0, 0, -14, -20, -202
"d:\projects\flutter\49\49-mobile-app\lib\features\social_media\live_streaming\presentation\widgets\zego\src\components\bottom_bar.dart", "Dart", 0, -401, 0, 0, 0, 0, 0, 0, 0, 0, 0, -15, -32, -448
"d:\projects\flutter\49\49-mobile-app\lib\features\social_media\live_streaming\presentation\widgets\zego\src\components\central_audio_video_view.dart", "Dart", 0, -402, 0, 0, 0, 0, 0, 0, 0, 0, 0, -16, -46, -464
"d:\projects\flutter\49\49-mobile-app\lib\features\social_media\live_streaming\presentation\widgets\zego\src\components\components.dart", "Dart", 0, -5, 0, 0, 0, 0, 0, 0, 0, 0, 0, 0, -1, -6
"d:\projects\flutter\49\49-mobile-app\lib\features\social_media\live_streaming\presentation\widgets\zego\src\components\defines.dart", "Dart", 0, -20, 0, 0, 0, 0, 0, 0, 0, 0, 0, -8, -9, -37
"d:\projects\flutter\49\49-mobile-app\lib\features\social_media\live_streaming\presentation\widgets\zego\src\components\duration_time_board.dart", "Dart", 0, -131, 0, 0, 0, 0, 0, 0, 0, 0, 0, -5, -28, -164
"d:\projects\flutter\49\49-mobile-app\lib\features\social_media\live_streaming\presentation\widgets\zego\src\components\effects\beauty_effect_button.dart", "Dart", 0, -64, 0, 0, 0, 0, 0, 0, 0, 0, 0, -6, -8, -78
"d:\projects\flutter\49\49-mobile-app\lib\features\social_media\live_streaming\presentation\widgets\zego\src\components\effects\beauty_effect_reset_button.dart", "Dart", 0, -40, 0, 0, 0, 0, 0, 0, 0, 0, 0, -6, -9, -55
"d:\projects\flutter\49\49-mobile-app\lib\features\social_media\live_streaming\presentation\widgets\zego\src\components\effects\beauty_effect_sheet.dart", "Dart", 0, -276, 0, 0, 0, 0, 0, 0, 0, 0, 0, -12, -27, -315
"d:\projects\flutter\49\49-mobile-app\lib\features\social_media\live_streaming\presentation\widgets\zego\src\components\effects\effect_grid.dart", "Dart", 0, -175, 0, 0, 0, 0, 0, 0, 0, 0, 0, -10, -24, -209
"d:\projects\flutter\49\49-mobile-app\lib\features\social_media\live_streaming\presentation\widgets\zego\src\components\effects\sound_effect_button.dart", "Dart", 0, -69, 0, 0, 0, 0, 0, 0, 0, 0, 0, -5, -11, -85
"d:\projects\flutter\49\49-mobile-app\lib\features\social_media\live_streaming\presentation\widgets\zego\src\components\effects\sound_effect_sheet.dart", "Dart", 0, -301, 0, 0, 0, 0, 0, 0, 0, 0, 0, -5, -24, -330
"d:\projects\flutter\49\49-mobile-app\lib\features\social_media\live_streaming\presentation\widgets\zego\src\components\leave_button.dart", "Dart", 0, -125, 0, 0, 0, 0, 0, 0, 0, 0, 0, -11, -24, -160
"d:\projects\flutter\49\49-mobile-app\lib\features\social_media\live_streaming\presentation\widgets\zego\src\components\live_page.dart", "Dart", 0, -394, 0, 0, 0, 0, 0, 0, 0, 0, 0, -22, -50, -466
"d:\projects\flutter\49\49-mobile-app\lib\features\social_media\live_streaming\presentation\widgets\zego\src\components\live_page_surface.dart", "Dart", 0, -228, 0, 0, 0, 0, 0, 0, 0, 0, 0, -9, -27, -264
"d:\projects\flutter\49\49-mobile-app\lib\features\social_media\live_streaming\presentation\widgets\zego\src\components\live_streaming.dart", "Dart", 0, -553, 0, 0, 0, 0, 0, 0, 0, 0, 0, -33, -87, -673
"d:\projects\flutter\49\49-mobile-app\lib\features\social_media\live_streaming\presentation\widgets\zego\src\components\member\button.dart", "Dart", 0, -166, 0, 0, 0, 0, 0, 0, 0, 0, 0, -8, -22, -196
"d:\projects\flutter\49\49-mobile-app\lib\features\social_media\live_streaming\presentation\widgets\zego\src\components\member\list_sheet.dart", "Dart", 0, -504, 0, 0, 0, 0, 0, 0, 0, 0, 0, -15, -37, -556
"d:\projects\flutter\49\49-mobile-app\lib\features\social_media\live_streaming\presentation\widgets\zego\src\components\message\defines.dart", "Dart", 0, -1, 0, 0, 0, 0, 0, 0, 0, 0, 0, -1, -1, -3
"d:\projects\flutter\49\49-mobile-app\lib\features\social_media\live_streaming\presentation\widgets\zego\src\components\message\disable_chat_button.dart", "Dart", 0, -88, 0, 0, 0, 0, 0, 0, 0, 0, 0, -5, -17, -110
"d:\projects\flutter\49\49-mobile-app\lib\features\social_media\live_streaming\presentation\widgets\zego\src\components\message\enable_property.dart", "Dart", 0, -35, 0, 0, 0, 0, 0, 0, 0, 0, 0, -5, -12, -52
"d:\projects\flutter\49\49-mobile-app\lib\features\social_media\live_streaming\presentation\widgets\zego\src\components\message\input_board.dart", "Dart", 0, -71, 0, 0, 0, 0, 0, 0, 0, 0, 0, -5, -13, -89
"d:\projects\flutter\49\49-mobile-app\lib\features\social_media\live_streaming\presentation\widgets\zego\src\components\message\input_board_button.dart", "Dart", 0, -114, 0, 0, 0, 0, 0, 0, 0, 0, 0, -6, -17, -137
"d:\projects\flutter\49\49-mobile-app\lib\features\social_media\live_streaming\presentation\widgets\zego\src\components\message\view.dart", "Dart", 0, -76, 0, 0, 0, 0, 0, 0, 0, 0, 0, -6, -8, -90
"d:\projects\flutter\49\49-mobile-app\lib\features\social_media\live_streaming\presentation\widgets\zego\src\components\preview_page.dart", "Dart", 0, -594, 0, 0, 0, 0, 0, 0, 0, 0, 0, -63, -50, -707
"d:\projects\flutter\49\49-mobile-app\lib\features\social_media\live_streaming\presentation\widgets\zego\src\components\top_bar.dart", "Dart", 0, -175, 0, 0, 0, 0, 0, 0, 0, 0, 0, -56, -18, -249
"d:\projects\flutter\49\49-mobile-app\lib\features\social_media\live_streaming\presentation\widgets\zego\src\components\utils\dialogs.dart", "Dart", 0, -75, 0, 0, 0, 0, 0, 0, 0, 0, 0, -4, -5, -84
"d:\projects\flutter\49\49-mobile-app\lib\features\social_media\live_streaming\presentation\widgets\zego\src\components\utils\permissions.dart", "Dart", 0, -157, 0, 0, 0, 0, 0, 0, 0, 0, 0, -6, -12, -175
"d:\projects\flutter\49\49-mobile-app\lib\features\social_media\live_streaming\presentation\widgets\zego\src\components\utils\pop_up_manager.dart", "Dart", 0, -19, 0, 0, 0, 0, 0, 0, 0, 0, 0, -2, -6, -27
"d:\projects\flutter\49\49-mobile-app\lib\features\social_media\live_streaming\presentation\widgets\zego\src\components\utils\pop_up_sheet_menu.dart", "Dart", 0, -202, 0, 0, 0, 0, 0, 0, 0, 0, 0, -9, -19, -230
"d:\projects\flutter\49\49-mobile-app\lib\features\social_media\live_streaming\presentation\widgets\zego\src\components\utils\toast.dart", "Dart", 0, -67, 0, 0, 0, 0, 0, 0, 0, 0, 0, -10, -20, -97
"d:\projects\flutter\49\49-mobile-app\lib\features\social_media\live_streaming\presentation\widgets\zego\src\config.dart", "Dart", 0, -534, 0, 0, 0, 0, 0, 0, 0, 0, 0, -462, -159, -1155
"d:\projects\flutter\49\49-mobile-app\lib\features\social_media\live_streaming\presentation\widgets\zego\src\config.defines.dart", "Dart", 0, -92, 0, 0, 0, 0, 0, 0, 0, 0, 0, -96, -42, -230
"d:\projects\flutter\49\49-mobile-app\lib\features\social_media\live_streaming\presentation\widgets\zego\src\controller.dart", "Dart", 0, -59, 0, 0, 0, 0, 0, 0, 0, 0, 0, -17, -20, -96
"d:\projects\flutter\49\49-mobile-app\lib\features\social_media\live_streaming\presentation\widgets\zego\src\controller\audio_video.dart", "Dart", 0, -100, 0, 0, 0, 0, 0, 0, 0, 0, 0, -21, -30, -151
"d:\projects\flutter\49\49-mobile-app\lib\features\social_media\live_streaming\presentation\widgets\zego\src\controller\co.host.dart", "Dart", 0, -636, 0, 0, 0, 0, 0, 0, 0, 0, 0, -36, -114, -786
"d:\projects\flutter\49\49-mobile-app\lib\features\social_media\live_streaming\presentation\widgets\zego\src\controller\message.dart", "Dart", 0, -62, 0, 0, 0, 0, 0, 0, 0, 0, 0, -46, -10, -118
"d:\projects\flutter\49\49-mobile-app\lib\features\social_media\live_streaming\presentation\widgets\zego\src\controller\minimize.dart", "Dart", 0, -118, 0, 0, 0, 0, 0, 0, 0, 0, 0, -9, -22, -149
"d:\projects\flutter\49\49-mobile-app\lib\features\social_media\live_streaming\presentation\widgets\zego\src\controller\pk.dart", "Dart", 0, -132, 0, 0, 0, 0, 0, 0, 0, 0, 0, -58, -23, -213
"d:\projects\flutter\49\49-mobile-app\lib\features\social_media\live_streaming\presentation\widgets\zego\src\controller\private\audio_video.dart", "Dart", 0, -67, 0, 0, 0, 0, 0, 0, 0, 0, 0, -10, -18, -95
"d:\projects\flutter\49\49-mobile-app\lib\features\social_media\live_streaming\presentation\widgets\zego\src\controller\private\co.host.dart", "Dart", 0, -118, 0, 0, 0, 0, 0, 0, 0, 0, 0, -11, -38, -167
"d:\projects\flutter\49\49-mobile-app\lib\features\social_media\live_streaming\presentation\widgets\zego\src\controller\private\message.dart", "Dart", 0, -76, 0, 0, 0, 0, 0, 0, 0, 0, 0, -10, -26, -112
"d:\projects\flutter\49\49-mobile-app\lib\features\social_media\live_streaming\presentation\widgets\zego\src\controller\private\minimize.dart", "Dart", 0, -35, 0, 0, 0, 0, 0, 0, 0, 0, 0, -6, -11, -52
"d:\projects\flutter\49\49-mobile-app\lib\features\social_media\live_streaming\presentation\widgets\zego\src\controller\private\pk.dart", "Dart", 0, -55, 0, 0, 0, 0, 0, 0, 0, 0, 0, -9, -15, -79
"d:\projects\flutter\49\49-mobile-app\lib\features\social_media\live_streaming\presentation\widgets\zego\src\controller\private\private.dart", "Dart", 0, -21, 0, 0, 0, 0, 0, 0, 0, 0, 0, -9, -5, -35
"d:\projects\flutter\49\49-mobile-app\lib\features\social_media\live_streaming\presentation\widgets\zego\src\controller\private\room.dart", "Dart", 0, -130, 0, 0, 0, 0, 0, 0, 0, 0, 0, -12, -18, -160
"d:\projects\flutter\49\49-mobile-app\lib\features\social_media\live_streaming\presentation\widgets\zego\src\controller\private\swiping.dart", "Dart", 0, -31, 0, 0, 0, 0, 0, 0, 0, 0, 0, -6, -11, -48
"d:\projects\flutter\49\49-mobile-app\lib\features\social_media\live_streaming\presentation\widgets\zego\src\controller\private\user.dart", "Dart", 0, -94, 0, 0, 0, 0, 0, 0, 0, 0, 0, -7, -30, -131
"d:\projects\flutter\49\49-mobile-app\lib\features\social_media\live_streaming\presentation\widgets\zego\src\controller\room.dart", "Dart", 0, -265, 0, 0, 0, 0, 0, 0, 0, 0, 0, -36, -48, -349
"d:\projects\flutter\49\49-mobile-app\lib\features\social_media\live_streaming\presentation\widgets\zego\src\controller\screen.dart", "Dart", 0, -11, 0, 0, 0, 0, 0, 0, 0, 0, 0, -5, -5, -21
"d:\projects\flutter\49\49-mobile-app\lib\features\social_media\live_streaming\presentation\widgets\zego\src\controller\swiping.dart", "Dart", 0, -66, 0, 0, 0, 0, 0, 0, 0, 0, 0, -4, -19, -89
"d:\projects\flutter\49\49-mobile-app\lib\features\social_media\live_streaming\presentation\widgets\zego\src\controller\user.dart", "Dart", 0, -43, 0, 0, 0, 0, 0, 0, 0, 0, 0, -10, -12, -65
"d:\projects\flutter\49\49-mobile-app\lib\features\social_media\live_streaming\presentation\widgets\zego\src\core\co_host_control_button.dart", "Dart", 0, -185, 0, 0, 0, 0, 0, 0, 0, 0, 0, -6, -26, -217
"d:\projects\flutter\49\49-mobile-app\lib\features\social_media\live_streaming\presentation\widgets\zego\src\core\connect_manager.dart", "Dart", 0, -880, 0, 0, 0, 0, 0, 0, 0, 0, 0, -23, -159, -1062
"d:\projects\flutter\49\49-mobile-app\lib\features\social_media\live_streaming\presentation\widgets\zego\src\core\core_manager.audio_video.dart", "Dart", 0, -83, 0, 0, 0, 0, 0, 0, 0, 0, 0, -1, -14, -98
"d:\projects\flutter\49\49-mobile-app\lib\features\social_media\live_streaming\presentation\widgets\zego\src\core\core_managers.dart", "Dart", 0, -162, 0, 0, 0, 0, 0, 0, 0, 0, 0, -4, -41, -207
"d:\projects\flutter\49\49-mobile-app\lib\features\social_media\live_streaming\presentation\widgets\zego\src\core\defines.dart", "Dart", 0, -30, 0, 0, 0, 0, 0, 0, 0, 0, 0, -12, -10, -52
"d:\projects\flutter\49\49-mobile-app\lib\features\social_media\live_streaming\presentation\widgets\zego\src\core\host_manager.dart", "Dart", 0, -239, 0, 0, 0, 0, 0, 0, 0, 0, 0, -15, -37, -291
"d:\projects\flutter\49\49-mobile-app\lib\features\social_media\live_streaming\presentation\widgets\zego\src\core\live_duration_manager.dart", "Dart", 0, -144, 0, 0, 0, 0, 0, 0, 0, 0, 0, -23, -36, -203
"d:\projects\flutter\49\49-mobile-app\lib\features\social_media\live_streaming\presentation\widgets\zego\src\core\live_status_manager.dart", "Dart", 0, -185, 0, 0, 0, 0, 0, 0, 0, 0, 0, -13, -40, -238
"d:\projects\flutter\49\49-mobile-app\lib\features\social_media\live_streaming\presentation\widgets\zego\src\core\pk_service.dart", "Dart", 0, -158, 0, 0, 0, 0, 0, 0, 0, 0, 0, -17, -47, -222
"d:\projects\flutter\49\49-mobile-app\lib\features\social_media\live_streaming\presentation\widgets\zego\src\core\plugins.dart", "Dart", 0, -447, 0, 0, 0, 0, 0, 0, 0, 0, 0, -9, -79, -535
"d:\projects\flutter\49\49-mobile-app\lib\features\social_media\live_streaming\presentation\widgets\zego\src\defines.dart", "Dart", 0, -59, 0, 0, 0, 0, 0, 0, 0, 0, 0, -86, -34, -179
"d:\projects\flutter\49\49-mobile-app\lib\features\social_media\live_streaming\presentation\widgets\zego\src\deprecated\deprecated.dart", "Dart", 0, -10, 0, 0, 0, 0, 0, 0, 0, 0, 0, 0, -1, -11
"d:\projects\flutter\49\49-mobile-app\lib\features\social_media\live_streaming\presentation\widgets\zego\src\deprecated\deprecated_300.dart", "Dart", 0, -468, 0, 0, 0, 0, 0, 0, 0, 0, 0, -2, -134, -604
"d:\projects\flutter\49\49-mobile-app\lib\features\social_media\live_streaming\presentation\widgets\zego\src\deprecated\deprecated_302.dart", "Dart", 0, -10, 0, 0, 0, 0, 0, 0, 0, 0, 0, -1, -5, -16
"d:\projects\flutter\49\49-mobile-app\lib\features\social_media\live_streaming\presentation\widgets\zego\src\deprecated\deprecated_303.dart", "Dart", 0, -12, 0, 0, 0, 0, 0, 0, 0, 0, 0, -1, -5, -18
"d:\projects\flutter\49\49-mobile-app\lib\features\social_media\live_streaming\presentation\widgets\zego\src\deprecated\deprecated_310.dart", "Dart", 0, -7, 0, 0, 0, 0, 0, 0, 0, 0, 0, -1, -4, -12
"d:\projects\flutter\49\49-mobile-app\lib\features\social_media\live_streaming\presentation\widgets\zego\src\deprecated\deprecated_317.dart", "Dart", 0, -51, 0, 0, 0, 0, 0, 0, 0, 0, 0, -2, -17, -70
"d:\projects\flutter\49\49-mobile-app\lib\features\social_media\live_streaming\presentation\widgets\zego\src\deprecated\deprecated_330.dart", "Dart", 0, -33, 0, 0, 0, 0, 0, 0, 0, 0, 0, -1, -11, -45
"d:\projects\flutter\49\49-mobile-app\lib\features\social_media\live_streaming\presentation\widgets\zego\src\deprecated\deprecated_340.dart", "Dart", 0, -32, 0, 0, 0, 0, 0, 0, 0, 0, 0, -1, -11, -44
"d:\projects\flutter\49\49-mobile-app\lib\features\social_media\live_streaming\presentation\widgets\zego\src\deprecated\deprecated_350.dart", "Dart", 0, -21, 0, 0, 0, 0, 0, 0, 0, 0, 0, -2, -6, -29
"d:\projects\flutter\49\49-mobile-app\lib\features\social_media\live_streaming\presentation\widgets\zego\src\deprecated\deprecated_352.dart", "Dart", 0, -26, 0, 0, 0, 0, 0, 0, 0, 0, 0, -2, -7, -35
"d:\projects\flutter\49\49-mobile-app\lib\features\social_media\live_streaming\presentation\widgets\zego\src\deprecated\deprecated_390.dart", "Dart", 0, -7, 0, 0, 0, 0, 0, 0, 0, 0, 0, -1, -4, -12
"d:\projects\flutter\49\49-mobile-app\lib\features\social_media\live_streaming\presentation\widgets\zego\src\error.dart", "Dart", 0, -3, 0, 0, 0, 0, 0, 0, 0, 0, 0, -27, -2, -32
"d:\projects\flutter\49\49-mobile-app\lib\features\social_media\live_streaming\presentation\widgets\zego\src\events.dart", "Dart", 0, -258, 0, 0, 0, 0, 0, 0, 0, 0, 0, -284, -84, -626
"d:\projects\flutter\49\49-mobile-app\lib\features\social_media\live_streaming\presentation\widgets\zego\src\events.defines.dart", "Dart", 0, -166, 0, 0, 0, 0, 0, 0, 0, 0, 0, -20, -42, -228
"d:\projects\flutter\49\49-mobile-app\lib\features\social_media\live_streaming\presentation\widgets\zego\src\inner_text.dart", "Dart", 0, -312, 0, 0, 0, 0, 0, 0, 0, 0, 0, -170, -75, -557
"d:\projects\flutter\49\49-mobile-app\lib\features\social_media\live_streaming\presentation\widgets\zego\src\internal\defines.dart", "Dart", 0, -39, 0, 0, 0, 0, 0, 0, 0, 0, 0, -4, -7, -50
"d:\projects\flutter\49\49-mobile-app\lib\features\social_media\live_streaming\presentation\widgets\zego\src\internal\events.dart", "Dart", 0, -82, 0, 0, 0, 0, 0, 0, 0, 0, 0, -3, -18, -103
"d:\projects\flutter\49\49-mobile-app\lib\features\social_media\live_streaming\presentation\widgets\zego\src\internal\internal.dart", "Dart", 0, -1, 0, 0, 0, 0, 0, 0, 0, 0, 0, 0, -1, -2
"d:\projects\flutter\49\49-mobile-app\lib\features\social_media\live_streaming\presentation\widgets\zego\src\internal\pk_combine_notifier.dart", "Dart", 0, -69, 0, 0, 0, 0, 0, 0, 0, 0, 0, -3, -19, -91
"d:\projects\flutter\49\49-mobile-app\lib\features\social_media\live_streaming\presentation\widgets\zego\src\live_streaming.dart", "Dart", 0, -58, 0, 0, 0, 0, 0, 0, 0, 0, 0, -28, -15, -101
"d:\projects\flutter\49\49-mobile-app\lib\features\social_media\live_streaming\presentation\widgets\zego\src\minimizing\data.dart", "Dart", 0, -36, 0, 0, 0, 0, 0, 0, 0, 0, 0, -10, -13, -59
"d:\projects\flutter\49\49-mobile-app\lib\features\social_media\live_streaming\presentation\widgets\zego\src\minimizing\defines.dart", "Dart", 0, -5, 0, 0, 0, 0, 0, 0, 0, 0, 0, -1, -1, -7
"d:\projects\flutter\49\49-mobile-app\lib\features\social_media\live_streaming\presentation\widgets\zego\src\minimizing\export.dart", "Dart", 0, -2, 0, 0, 0, 0, 0, 0, 0, 0, 0, 0, -1, -3
"d:\projects\flutter\49\49-mobile-app\lib\features\social_media\live_streaming\presentation\widgets\zego\src\minimizing\mini_button.dart", "Dart", 0, -66, 0, 0, 0, 0, 0, 0, 0, 0, 0, -8, -16, -90
"d:\projects\flutter\49\49-mobile-app\lib\features\social_media\live_streaming\presentation\widgets\zego\src\minimizing\overlay_machine.dart", "Dart", 0, -151, 0, 0, 0, 0, 0, 0, 0, 0, 0, -8, -34, -193
"d:\projects\flutter\49\49-mobile-app\lib\features\social_media\live_streaming\presentation\widgets\zego\src\minimizing\overlay_page.dart", "Dart", 0, -569, 0, 0, 0, 0, 0, 0, 0, 0, 0, -76, -61, -706
"d:\projects\flutter\49\49-mobile-app\lib\features\social_media\live_streaming\presentation\widgets\zego\src\pk\components\audience_view.dart", "Dart", 0, -198, 0, 0, 0, 0, 0, 0, 0, 0, 0, -5, -21, -224
"d:\projects\flutter\49\49-mobile-app\lib\features\social_media\live_streaming\presentation\widgets\zego\src\pk\components\common.dart", "Dart", 0, -17, 0, 0, 0, 0, 0, 0, 0, 0, 0, -2, -3, -22
"d:\projects\flutter\49\49-mobile-app\lib\features\social_media\live_streaming\presentation\widgets\zego\src\pk\components\host_view.dart", "Dart", 0, -127, 0, 0, 0, 0, 0, 0, 0, 0, 0, -3, -14, -144
"d:\projects\flutter\49\49-mobile-app\lib\features\social_media\live_streaming\presentation\widgets\zego\src\pk\components\view.dart", "Dart", 0, -138, 0, 0, 0, 0, 0, 0, 0, 0, 0, -9, -16, -163
"d:\projects\flutter\49\49-mobile-app\lib\features\social_media\live_streaming\presentation\widgets\zego\src\pk\core\core.dart", "Dart", 0, -87, 0, 0, 0, 0, 0, 0, 0, 0, 0, -3, -24, -114
"d:\projects\flutter\49\49-mobile-app\lib\features\social_media\live_streaming\presentation\widgets\zego\src\pk\core\data.dart", "Dart", 0, -177, 0, 0, 0, 0, 0, 0, 0, 0, 0, -27, -43, -247
"d:\projects\flutter\49\49-mobile-app\lib\features\social_media\live_streaming\presentation\widgets\zego\src\pk\core\defines.dart", "Dart", 0, -30, 0, 0, 0, 0, 0, 0, 0, 0, 0, -2, -10, -42
"d:\projects\flutter\49\49-mobile-app\lib\features\social_media\live_streaming\presentation\widgets\zego\src\pk\core\event\defines.dart", "Dart", 0, -160, 0, 0, 0, 0, 0, 0, 0, 0, 0, -25, -42, -227
"d:\projects\flutter\49\49-mobile-app\lib\features\social_media\live_streaming\presentation\widgets\zego\src\pk\core\event\events.dart", "Dart", 0, -1032, 0, 0, 0, 0, 0, 0, 0, 0, 0, -38, -145, -1215
"d:\projects\flutter\49\49-mobile-app\lib\features\social_media\live_streaming\presentation\widgets\zego\src\pk\core\mixer.dart", "Dart", 0, -191, 0, 0, 0, 0, 0, 0, 0, 0, 0, -6, -46, -243
"d:\projects\flutter\49\49-mobile-app\lib\features\social_media\live_streaming\presentation\widgets\zego\src\pk\core\service\completer.dart", "Dart", 0, -28, 0, 0, 0, 0, 0, 0, 0, 0, 0, 0, -3, -31
"d:\projects\flutter\49\49-mobile-app\lib\features\social_media\live_streaming\presentation\widgets\zego\src\pk\core\service\defines.dart", "Dart", 0, -35, 0, 0, 0, 0, 0, 0, 0, 0, 0, -17, -12, -64
"d:\projects\flutter\49\49-mobile-app\lib\features\social_media\live_streaming\presentation\widgets\zego\src\pk\core\service\dialogs.dart", "Dart", 0, -132, 0, 0, 0, 0, 0, 0, 0, 0, 0, 0, -18, -150
"d:\projects\flutter\49\49-mobile-app\lib\features\social_media\live_streaming\presentation\widgets\zego\src\pk\core\service\host.pk.dart", "Dart", 0, -97, 0, 0, 0, 0, 0, 0, 0, 0, 0, -7, -14, -118
"d:\projects\flutter\49\49-mobile-app\lib\features\social_media\live_streaming\presentation\widgets\zego\src\pk\core\service\host.request.dart", "Dart", 0, -487, 0, 0, 0, 0, 0, 0, 0, 0, 0, -11, -41, -539
"d:\projects\flutter\49\49-mobile-app\lib\features\social_media\live_streaming\presentation\widgets\zego\src\pk\core\service\pk_users.dart", "Dart", 0, -346, 0, 0, 0, 0, 0, 0, 0, 0, 0, -16, -61, -423
"d:\projects\flutter\49\49-mobile-app\lib\features\social_media\live_streaming\presentation\widgets\zego\src\pk\core\service\protocol.dart", "Dart", 0, -73, 0, 0, 0, 0, 0, 0, 0, 0, 0, -3, -14, -90
"d:\projects\flutter\49\49-mobile-app\lib\features\social_media\live_streaming\presentation\widgets\zego\src\pk\core\service\services.dart", "Dart", 0, -126, 0, 0, 0, 0, 0, 0, 0, 0, 0, -4, -40, -170
"d:\projects\flutter\49\49-mobile-app\lib\features\social_media\live_streaming\presentation\widgets\zego\src\pk\export.dart", "Dart", 0, -4, 0, 0, 0, 0, 0, 0, 0, 0, 0, 0, -1, -5
"d:\projects\flutter\49\49-mobile-app\lib\features\social_media\live_streaming\presentation\widgets\zego\src\pk\layout\gird_layout.dart", "Dart", 0, -83, 0, 0, 0, 0, 0, 0, 0, 0, 0, -8, -18, -109
"d:\projects\flutter\49\49-mobile-app\lib\features\social_media\live_streaming\presentation\widgets\zego\src\pk\layout\layout.dart", "Dart", 0, -19, 0, 0, 0, 0, 0, 0, 0, 0, 0, -10, -8, -37
"d:\projects\flutter\49\49-mobile-app\lib\features\social_media\live_streaming\presentation\widgets\zego\src\pk\layout\prefer_gird_layout.dart", "Dart", 0, -132, 0, 0, 0, 0, 0, 0, 0, 0, 0, -3, -13, -148
"d:\projects\flutter\49\49-mobile-app\lib\features\social_media\live_streaming\presentation\widgets\zego\src\swiping\config.dart", "Dart", 0, -11, 0, 0, 0, 0, 0, 0, 0, 0, 0, -7, -5, -23
"d:\projects\flutter\49\49-mobile-app\lib\features\social_media\live_streaming\presentation\widgets\zego\src\swiping\loading_builder.dart", "Dart", 0, -84, 0, 0, 0, 0, 0, 0, 0, 0, 0, -6, -18, -108
"d:\projects\flutter\49\49-mobile-app\lib\features\social_media\live_streaming\presentation\widgets\zego\src\swiping\login_notifier.dart", "Dart", 0, -190, 0, 0, 0, 0, 0, 0, 0, 0, 0, -4, -44, -238
"d:\projects\flutter\49\49-mobile-app\lib\features\social_media\live_streaming\presentation\widgets\zego\src\swiping\logout_notifier.dart", "Dart", 0, -140, 0, 0, 0, 0, 0, 0, 0, 0, 0, -4, -38, -182
"d:\projects\flutter\49\49-mobile-app\lib\features\social_media\live_streaming\presentation\widgets\zego\src\swiping\page.dart", "Dart", 0, -219, 0, 0, 0, 0, 0, 0, 0, 0, 0, -17, -51, -287
"d:\projects\flutter\49\49-mobile-app\lib\features\social_media\live_streaming\presentation\widgets\zego\zego_uikit_prebuilt_live_streaming.dart", "Dart", 0, -14, 0, 0, 0, 0, 0, 0, 0, 0, 0, 0, -5, -19
"d:\projects\flutter\49\49-mobile-app\lib\features\social_media\reels\data\data_sources\reels_remote_data_source.dart", "Dart", 0, -30, 0, 0, 0, 0, 0, 0, 0, 0, 0, 0, -5, -35
"d:\projects\flutter\49\49-mobile-app\lib\features\social_media\reels\data\models\new_reels_model.dart", "Dart", 0, -162, 0, 0, 0, 0, 0, 0, 0, 0, 0, 0, -20, -182
"d:\projects\flutter\49\49-mobile-app\lib\features\social_media\reels\data\models\reel_model.dart", "Dart", 0, -24, 0, 0, 0, 0, 0, 0, 0, 0, 0, 0, -3, -27
"d:\projects\flutter\49\49-mobile-app\lib\features\social_media\reels\data\repositories\reels_repository_impl.dart", "Dart", 0, -24, 0, 0, 0, 0, 0, 0, 0, 0, 0, -19, -7, -50
"d:\projects\flutter\49\49-mobile-app\lib\features\social_media\reels\domain\entities\reel_entity.dart", "Dart", 0, -32, 0, 0, 0, 0, 0, 0, 0, 0, 0, 0, -4, -36
"d:\projects\flutter\49\49-mobile-app\lib\features\social_media\reels\domain\repositories\reels_repository.dart", "Dart", 0, -6, 0, 0, 0, 0, 0, 0, 0, 0, 0, 0, -3, -9
"d:\projects\flutter\49\49-mobile-app\lib\features\social_media\reels\domain\use_case\get_explore_reels_use_case.dart", "Dart", 0, -13, 0, 0, 0, 0, 0, 0, 0, 0, 0, 0, -5, -18
"d:\projects\flutter\49\49-mobile-app\lib\features\social_media\reels\presentation\controllers\explore_reels_cubit\explore_reels_cubit.dart", "Dart", 0, -48, 0, 0, 0, 0, 0, 0, 0, 0, 0, -38, -10, -96
"d:\projects\flutter\49\49-mobile-app\lib\features\social_media\reels\presentation\pages\music_reels.dart", "Dart", 0, -72, 0, 0, 0, 0, 0, 0, 0, 0, 0, 0, -6, -78
"d:\projects\flutter\49\49-mobile-app\lib\features\social_media\reels\presentation\pages\reel_view.dart", "Dart", 0, -605, 0, 0, 0, 0, 0, 0, 0, 0, 0, -54, -64, -723
"d:\projects\flutter\49\49-mobile-app\lib\features\social_media\reels\presentation\widgets\add_comment.dart", "Dart", 0, 0, 0, 0, 0, 0, 0, 0, 0, 0, 0, -19, -5, -24
"d:\projects\flutter\49\49-mobile-app\lib\features\social_media\reels\presentation\widgets\reel_account_info.dart", "Dart", 0, -48, 0, 0, 0, 0, 0, 0, 0, 0, 0, 0, -5, -53
"d:\projects\flutter\49\49-mobile-app\lib\features\social_media\reels\presentation\widgets\reel_actions.dart", "Dart", 0, -75, 0, 0, 0, 0, 0, 0, 0, 0, 0, 0, -5, -80
"d:\projects\flutter\49\49-mobile-app\lib\features\social_media\reels\presentation\widgets\reel_card.dart", "Dart", 0, -235, 0, 0, 0, 0, 0, 0, 0, 0, 0, -6, -22, -263
"d:\projects\flutter\49\49-mobile-app\lib\features\social_media\social_posts\data\datasources\social_posts_remote_datasource.dart", "Dart", 0, -229, 0, 0, 0, 0, 0, 0, 0, 0, 0, 0, -33, -262
"d:\projects\flutter\49\49-mobile-app\lib\features\social_media\social_posts\data\models\comment_model.dart", "Dart", 0, -47, 0, 0, 0, 0, 0, 0, 0, 0, 0, 0, -3, -50
"d:\projects\flutter\49\49-mobile-app\lib\features\social_media\social_posts\data\models\main_post_model.dart", "Dart", 0, -42, 0, 0, 0, 0, 0, 0, 0, 0, 0, -4, -2, -48
"d:\projects\flutter\49\49-mobile-app\lib\features\social_media\social_posts\data\models\post_model.dart", "Dart", 0, -113, 0, 0, 0, 0, 0, 0, 0, 0, 0, -1, -2, -116
"d:\projects\flutter\49\49-mobile-app\lib\features\social_media\social_posts\data\models\suggest_user_model.dart", "Dart", 0, -21, 0, 0, 0, 0, 0, 0, 0, 0, 0, 0, -2, -23
"d:\projects\flutter\49\49-mobile-app\lib\features\social_media\social_posts\data\models\user_profile_model.dart", "Dart", 0, -39, 0, 0, 0, 0, 0, 0, 0, 0, 0, 0, -3, -42
"d:\projects\flutter\49\49-mobile-app\lib\features\social_media\social_posts\data\repositories\social_posts_repo_impl.dart", "Dart", 0, -124, 0, 0, 0, 0, 0, 0, 0, 0, 0, 0, -25, -149
"d:\projects\flutter\49\49-mobile-app\lib\features\social_media\social_posts\domain\entities\comment_entity.dart", "Dart", 0, -46, 0, 0, 0, 0, 0, 0, 0, 0, 0, 0, -3, -49
"d:\projects\flutter\49\49-mobile-app\lib\features\social_media\social_posts\domain\entities\main_post_entity.dart", "Dart", 0, -32, 0, 0, 0, 0, 0, 0, 0, 0, 0, 0, -5, -37
"d:\projects\flutter\49\49-mobile-app\lib\features\social_media\social_posts\domain\entities\post_entity.dart", "Dart", 0, -146, 0, 0, 0, 0, 0, 0, 0, 0, 0, -3, -11, -160
"d:\projects\flutter\49\49-mobile-app\lib\features\social_media\social_posts\domain\entities\react_entity.dart", "Dart", 0, -5, 0, 0, 0, 0, 0, 0, 0, 0, 0, 0, -1, -6
"d:\projects\flutter\49\49-mobile-app\lib\features\social_media\social_posts\domain\entities\suggest_user_entity.dart", "Dart", 0, -20, 0, 0, 0, 0, 0, 0, 0, 0, 0, 0, -2, -22
"d:\projects\flutter\49\49-mobile-app\lib\features\social_media\social_posts\domain\entities\user_profile_entity.dart", "Dart", 0, -38, 0, 0, 0, 0, 0, 0, 0, 0, 0, 0, -4, -42
"d:\projects\flutter\49\49-mobile-app\lib\features\social_media\social_posts\domain\repositories\social_posts_repo.dart", "Dart", 0, -50, 0, 0, 0, 0, 0, 0, 0, 0, 0, 0, -3, -53
"d:\projects\flutter\49\49-mobile-app\lib\features\social_media\social_posts\domain\usecases\add_reply_usecase.dart", "Dart", 0, -29, 0, 0, 0, 0, 0, 0, 0, 0, 0, -1, -3, -33
"d:\projects\flutter\49\49-mobile-app\lib\features\social_media\social_posts\domain\usecases\block_user_usecase.dart", "Dart", 0, -12, 0, 0, 0, 0, 0, 0, 0, 0, 0, 0, -2, -14
"d:\projects\flutter\49\49-mobile-app\lib\features\social_media\social_posts\domain\usecases\comment_react_usecase.dart", "Dart", 0, -13, 0, 0, 0, 0, 0, 0, 0, 0, 0, 0, -2, -15
"d:\projects\flutter\49\49-mobile-app\lib\features\social_media\social_posts\domain\usecases\delete_comment_usecase.dart", "Dart", 0, -12, 0, 0, 0, 0, 0, 0, 0, 0, 0, 0, -2, -14
"d:\projects\flutter\49\49-mobile-app\lib\features\social_media\social_posts\domain\usecases\delete_post_usecase.dart", "Dart", 0, -12, 0, 0, 0, 0, 0, 0, 0, 0, 0, 0, -2, -14
"d:\projects\flutter\49\49-mobile-app\lib\features\social_media\social_posts\domain\usecases\face_advertisement_use_case.dart", "Dart", 0, -16, 0, 0, 0, 0, 0, 0, 0, 0, 0, 0, -2, -18
"d:\projects\flutter\49\49-mobile-app\lib\features\social_media\social_posts\domain\usecases\face_tweet_use_case.dart", "Dart", 0, -15, 0, 0, 0, 0, 0, 0, 0, 0, 0, 0, -2, -17
"d:\projects\flutter\49\49-mobile-app\lib\features\social_media\social_posts\domain\usecases\follow_user_usecase.dart", "Dart", 0, -12, 0, 0, 0, 0, 0, 0, 0, 0, 0, 0, -2, -14
"d:\projects\flutter\49\49-mobile-app\lib\features\social_media\social_posts\domain\usecases\friend_request_usecase.dart", "Dart", 0, -12, 0, 0, 0, 0, 0, 0, 0, 0, 0, 0, -2, -14
"d:\projects\flutter\49\49-mobile-app\lib\features\social_media\social_posts\domain\usecases\get_feed_usecase.dart", "Dart", 0, -15, 0, 0, 0, 0, 0, 0, 0, 0, 0, 0, -2, -17
"d:\projects\flutter\49\49-mobile-app\lib\features\social_media\social_posts\domain\usecases\get_post_comment_replies_usecase.dart", "Dart", 0, -16, 0, 0, 0, 0, 0, 0, 0, 0, 0, 0, -2, -18
"d:\projects\flutter\49\49-mobile-app\lib\features\social_media\social_posts\domain\usecases\get_post_comments_usecase.dart", "Dart", 0, -40, 0, 0, 0, 0, 0, 0, 0, 0, 0, 0, -3, -43
"d:\projects\flutter\49\49-mobile-app\lib\features\social_media\social_posts\domain\usecases\get_post_usecase.dart", "Dart", 0, -13, 0, 0, 0, 0, 0, 0, 0, 0, 0, 0, -2, -15
"d:\projects\flutter\49\49-mobile-app\lib\features\social_media\social_posts\domain\usecases\get_user_posts_usecase.dart", "Dart", 0, -27, 0, 0, 0, 0, 0, 0, 0, 0, 0, 0, -3, -30
"d:\projects\flutter\49\49-mobile-app\lib\features\social_media\social_posts\domain\usecases\hide_post_usecase.dart", "Dart", 0, -12, 0, 0, 0, 0, 0, 0, 0, 0, 0, 0, -2, -14
"d:\projects\flutter\49\49-mobile-app\lib\features\social_media\social_posts\domain\usecases\post_comment_usecase.dart", "Dart", 0, -24, 0, 0, 0, 0, 0, 0, 0, 0, 0, -1, -3, -28
"d:\projects\flutter\49\49-mobile-app\lib\features\social_media\social_posts\domain\usecases\post_react_usecase.dart", "Dart", 0, -23, 0, 0, 0, 0, 0, 0, 0, 0, 0, -1, -3, -27
"d:\projects\flutter\49\49-mobile-app\lib\features\social_media\social_posts\domain\usecases\remove_friend_request_usecase.dart", "Dart", 0, -12, 0, 0, 0, 0, 0, 0, 0, 0, 0, 0, -2, -14
"d:\projects\flutter\49\49-mobile-app\lib\features\social_media\social_posts\domain\usecases\remove_suggest_user_usecase.dart", "Dart", 0, -12, 0, 0, 0, 0, 0, 0, 0, 0, 0, 0, -2, -14
"d:\projects\flutter\49\49-mobile-app\lib\features\social_media\social_posts\domain\usecases\send_greet_message_usecase.dart", "Dart", 0, -12, 0, 0, 0, 0, 0, 0, 0, 0, 0, 0, -2, -14
"d:\projects\flutter\49\49-mobile-app\lib\features\social_media\social_posts\domain\usecases\share_post_usecase.dart", "Dart", 0, -12, 0, 0, 0, 0, 0, 0, 0, 0, 0, -3, -2, -17
"d:\projects\flutter\49\49-mobile-app\lib\features\social_media\social_posts\domain\usecases\suggest_friends_usecase.dart", "Dart", 0, -27, 0, 0, 0, 0, 0, 0, 0, 0, 0, 0, -3, -30
"d:\projects\flutter\49\49-mobile-app\lib\features\social_media\social_posts\domain\usecases\un_follow_user_usecase.dart", "Dart", 0, -12, 0, 0, 0, 0, 0, 0, 0, 0, 0, 0, -2, -14
"d:\projects\flutter\49\49-mobile-app\lib\features\social_media\social_posts\domain\usecases\user_profile_usecase.dart", "Dart", 0, -13, 0, 0, 0, 0, 0, 0, 0, 0, 0, 0, -2, -15
"d:\projects\flutter\49\49-mobile-app\lib\features\social_media\social_posts\presentation\cubit\social_posts_cubit.dart", "Dart", 0, -584, 0, 0, 0, 0, 0, 0, 0, 0, 0, -15, -51, -650
"d:\projects\flutter\49\49-mobile-app\lib\features\social_media\social_posts\presentation\cubit\social_posts_state.dart", "Dart", 0, -61, 0, 0, 0, 0, 0, 0, 0, 0, 0, 0, -2, -63
"d:\projects\flutter\49\49-mobile-app\lib\features\social_media\social_posts\presentation\pages\Social_home.dart", "Dart", 0, -113, 0, 0, 0, 0, 0, 0, 0, 0, 0, -2, -7, -122
"d:\projects\flutter\49\49-mobile-app\lib\features\social_media\social_posts\presentation\pages\my_account_view.dart", "Dart", 0, -159, 0, 0, 0, 0, 0, 0, 0, 0, 0, -1, -5, -165
"d:\projects\flutter\49\49-mobile-app\lib\features\social_media\social_posts\presentation\pages\other_account_view.dart", "Dart", 0, -332, 0, 0, 0, 0, 0, 0, 0, 0, 0, -10, -11, -353
"d:\projects\flutter\49\49-mobile-app\lib\features\social_media\social_posts\presentation\pages\post_details_page.dart", "Dart", 0, -256, 0, 0, 0, 0, 0, 0, 0, 0, 0, -4, -9, -269
"d:\projects\flutter\49\49-mobile-app\lib\features\social_media\social_posts\presentation\pages\show_post_images.dart", "Dart", 0, -62, 0, 0, 0, 0, 0, 0, 0, 0, 0, -3, -6, -71
"d:\projects\flutter\49\49-mobile-app\lib\features\social_media\social_posts\presentation\widgets\account\high_lights_section.dart", "Dart", 0, -8, 0, 0, 0, 0, 0, 0, 0, 0, 0, -4, -3, -15
"d:\projects\flutter\49\49-mobile-app\lib\features\social_media\social_posts\presentation\widgets\account\media_section.dart", "Dart", 0, -20, 0, 0, 0, 0, 0, 0, 0, 0, 0, 0, -4, -24
"d:\projects\flutter\49\49-mobile-app\lib\features\social_media\social_posts\presentation\widgets\account\posts_section.dart", "Dart", 0, -8, 0, 0, 0, 0, 0, 0, 0, 0, 0, -4, -3, -15
"d:\projects\flutter\49\49-mobile-app\lib\features\social_media\social_posts\presentation\widgets\account\user_post_card.dart", "Dart", 0, -545, 0, 0, 0, 0, 0, 0, 0, 0, 0, -7, -21, -573
"d:\projects\flutter\49\49-mobile-app\lib\features\social_media\social_posts\presentation\widgets\account\user_posts.dart", "Dart", 0, -109, 0, 0, 0, 0, 0, 0, 0, 0, 0, -7, -6, -122
"d:\projects\flutter\49\49-mobile-app\lib\features\social_media\social_posts\presentation\widgets\account\user_reels.dart", "Dart", 0, -85, 0, 0, 0, 0, 0, 0, 0, 0, 0, 0, -4, -89
"d:\projects\flutter\49\49-mobile-app\lib\features\social_media\social_posts\presentation\widgets\account\user_tweets.dart", "Dart", 0, -153, 0, 0, 0, 0, 0, 0, 0, 0, 0, -6, -6, -165
"d:\projects\flutter\49\49-mobile-app\lib\features\social_media\social_posts\presentation\widgets\facebook_widgets\build_facebook_body.dart", "Dart", 0, -184, 0, 0, 0, 0, 0, 0, 0, 0, 0, -3, -6, -193
"d:\projects\flutter\49\49-mobile-app\lib\features\social_media\social_posts\presentation\widgets\facebook_widgets\build_people_you_may_know.dart", "Dart", 0, -386, 0, 0, 0, 0, 0, 0, 0, 0, 0, -4, -8, -398
"d:\projects\flutter\49\49-mobile-app\lib\features\social_media\social_posts\presentation\widgets\facebook_widgets\build_reactions_buttons.dart", "Dart", 0, -316, 0, 0, 0, 0, 0, 0, 0, 0, 0, 0, -17, -333
"d:\projects\flutter\49\49-mobile-app\lib\features\social_media\social_posts\presentation\widgets\facebook_widgets\image_from_internet.dart", "Dart", 0, -67, 0, 0, 0, 0, 0, 0, 0, 0, 0, 0, -3, -70
"d:\projects\flutter\49\49-mobile-app\lib\features\social_media\social_posts\presentation\widgets\facebook_widgets\new_reactions.dart", "Dart", 0, -63, 0, 0, 0, 0, 0, 0, 0, 0, 0, 0, -9, -72
"d:\projects\flutter\49\49-mobile-app\lib\features\social_media\social_posts\presentation\widgets\facebook_widgets\user_image.dart", "Dart", 0, -41, 0, 0, 0, 0, 0, 0, 0, 0, 0, 0, -4, -45
"d:\projects\flutter\49\49-mobile-app\lib\features\social_media\social_posts\presentation\widgets\posts\PostCard.dart", "Dart", 0, 0, 0, 0, 0, 0, 0, 0, 0, 0, 0, -599, -23, -622
"d:\projects\flutter\49\49-mobile-app\lib\features\social_media\social_posts\presentation\widgets\posts\PostOptions.dart", "Dart", 0, 0, 0, 0, 0, 0, 0, 0, 0, 0, 0, -142, -1, -143
"d:\projects\flutter\49\49-mobile-app\lib\features\social_media\social_posts\presentation\widgets\posts\Stories.dart", "Dart", 0, -131, 0, 0, 0, 0, 0, 0, 0, 0, 0, 0, -6, -137
"d:\projects\flutter\49\49-mobile-app\lib\features\social_media\social_posts\presentation\widgets\posts\comment_card.dart", "Dart", 0, -129, 0, 0, 0, 0, 0, 0, 0, 0, 0, -10, -4, -143
"d:\projects\flutter\49\49-mobile-app\lib\features\social_media\social_posts\presentation\widgets\posts\comment_replies.dart", "Dart", 0, -194, 0, 0, 0, 0, 0, 0, 0, 0, 0, -3, -6, -203
"d:\projects\flutter\49\49-mobile-app\lib\features\social_media\social_posts\presentation\widgets\posts\create_post_banner.dart", "Dart", 0, -64, 0, 0, 0, 0, 0, 0, 0, 0, 0, 0, -4, -68
"d:\projects\flutter\49\49-mobile-app\lib\features\social_media\social_posts\presentation\widgets\posts\facebook_advirtesement_card.dart", "Dart", 0, -117, 0, 0, 0, 0, 0, 0, 0, 0, 0, -19, -3, -139
"d:\projects\flutter\49\49-mobile-app\lib\features\social_media\social_posts\presentation\widgets\posts\facebook_global_posts.dart", "Dart", 0, 0, 0, 0, 0, 0, 0, 0, 0, 0, 0, 0, -2, -2
"d:\projects\flutter\49\49-mobile-app\lib\features\social_media\social_posts\presentation\widgets\posts\facebook_post_card.dart", "Dart", 0, -658, 0, 0, 0, 0, 0, 0, 0, 0, 0, -8, -19, -685
"d:\projects\flutter\49\49-mobile-app\lib\features\social_media\social_posts\presentation\widgets\posts\facebook_post_comments.dart", "Dart", 0, -200, 0, 0, 0, 0, 0, 0, 0, 0, 0, -2, -6, -208
"d:\projects\flutter\49\49-mobile-app\lib\features\social_media\social_posts\presentation\widgets\posts\facebook_tweet_card.dart", "Dart", 0, -329, 0, 0, 0, 0, 0, 0, 0, 0, 0, -9, -5, -343
"d:\projects\flutter\49\49-mobile-app\lib\features\social_media\social_posts\presentation\widgets\posts\reply_card.dart", "Dart", 0, -97, 0, 0, 0, 0, 0, 0, 0, 0, 0, 0, -4, -101
"d:\projects\flutter\49\49-mobile-app\lib\features\social_media\tinder\authentication\presentation\controllers\user_cubit\user_cubit.dart", "Dart", 0, 0, 0, 0, 0, 0, 0, 0, 0, 0, 0, -1, -1, -2
"d:\projects\flutter\49\49-mobile-app\lib\features\social_media\tinder\data\models\add_category_model.dart", "Dart", 0, -58, 0, 0, 0, 0, 0, 0, 0, 0, 0, 0, -12, -70
"d:\projects\flutter\49\49-mobile-app\lib\features\social_media\tinder\data\models\anonymous_chat_model.dart", "Dart", 0, -148, 0, 0, 0, 0, 0, 0, 0, 0, 0, 0, -16, -164
"d:\projects\flutter\49\49-mobile-app\lib\features\social_media\tinder\data\models\fav_category_model.dart", "Dart", 0, -295, 0, 0, 0, 0, 0, 0, 0, 0, 0, 0, -26, -321
"d:\projects\flutter\49\49-mobile-app\lib\features\social_media\tinder\data\models\get_fav_sub_category_model.dart", "Dart", 0, -83, 0, 0, 0, 0, 0, 0, 0, 0, 0, -93, -13, -189
"d:\projects\flutter\49\49-mobile-app\lib\features\social_media\tinder\data\models\gift_model.dart", "Dart", 0, -46, 0, 0, 0, 0, 0, 0, 0, 0, 0, 0, -9, -55
"d:\projects\flutter\49\49-mobile-app\lib\features\social_media\tinder\data\models\last_seen_model.dart", "Dart", 0, -55, 0, 0, 0, 0, 0, 0, 0, 0, 0, 0, -10, -65
"d:\projects\flutter\49\49-mobile-app\lib\features\social_media\tinder\data\models\main_category_model.dart", "Dart", 0, -76, 0, 0, 0, 0, 0, 0, 0, 0, 0, 0, -12, -88
"d:\projects\flutter\49\49-mobile-app\lib\features\social_media\tinder\data\models\near_by_model.dart", "Dart", 0, -33, 0, 0, 0, 0, 0, 0, 0, 0, 0, 0, -9, -42
"d:\projects\flutter\49\49-mobile-app\lib\features\social_media\tinder\data\models\normal_chat_model.dart", "Dart", 0, -152, 0, 0, 0, 0, 0, 0, 0, 0, 0, 0, -16, -168
"d:\projects\flutter\49\49-mobile-app\lib\features\social_media\tinder\data\models\profile_user_model.dart", "Dart", 0, -150, 0, 0, 0, 0, 0, 0, 0, 0, 0, 0, -23, -173
"d:\projects\flutter\49\49-mobile-app\lib\features\social_media\tinder\data\models\send_gift_model.dart", "Dart", 0, -65, 0, 0, 0, 0, 0, 0, 0, 0, 0, 0, -11, -76
"d:\projects\flutter\49\49-mobile-app\lib\features\social_media\tinder\data\models\tinder_person_model.dart", "Dart", 0, -126, 0, 0, 0, 0, 0, 0, 0, 0, 0, 0, -17, -143
"d:\projects\flutter\49\49-mobile-app\lib\features\social_media\tinder\data\models\tinder_subcategory_model.dart", "Dart", 0, -217, 0, 0, 0, 0, 0, 0, 0, 0, 0, 0, -10, -227
"d:\projects\flutter\49\49-mobile-app\lib\features\social_media\tinder\data\shared\shared.dart", "Dart", 0, -169, 0, 0, 0, 0, 0, 0, 0, 0, 0, -74, -20, -263
"d:\projects\flutter\49\49-mobile-app\lib\features\social_media\tinder\data\shared\tinder_shared_utils.dart", "Dart", 0, -157, 0, 0, 0, 0, 0, 0, 0, 0, 0, 0, -17, -174
"d:\projects\flutter\49\49-mobile-app\lib\features\social_media\tinder\presentation\cubit\gift_cubit.dart", "Dart", 0, -71, 0, 0, 0, 0, 0, 0, 0, 0, 0, 0, -16, -87
"d:\projects\flutter\49\49-mobile-app\lib\features\social_media\tinder\presentation\cubit\tinder_cubit.dart", "Dart", 0, -440, 0, 0, 0, 0, 0, 0, 0, 0, 0, -146, -87, -673
"d:\projects\flutter\49\49-mobile-app\lib\features\social_media\tinder\presentation\cubit\tinder_state.dart", "Dart", 0, -224, 0, 0, 0, 0, 0, 0, 0, 0, 0, -7, -27, -258
"d:\projects\flutter\49\49-mobile-app\lib\features\social_media\tinder\presentation\pages\tinder_sub_category_ads_view.dart", "Dart", 0, -209, 0, 0, 0, 0, 0, 0, 0, 0, 0, -1, -21, -231
"d:\projects\flutter\49\49-mobile-app\lib\features\social_media\tinder\presentation\pages\tinder_view.dart", "Dart", 0, -262, 0, 0, 0, 0, 0, 0, 0, 0, 0, -336, -33, -631
"d:\projects\flutter\49\49-mobile-app\lib\features\social_media\tinder\presentation\pages\user_profile.dart", "Dart", 0, -316, 0, 0, 0, 0, 0, 0, 0, 0, 0, 0, -34, -350
"d:\projects\flutter\49\49-mobile-app\lib\features\social_media\tinder\presentation\widgets\tinder_card_stack.dart", "Dart", 0, -628, 0, 0, 0, 0, 0, 0, 0, 0, 0, -11, -25, -664
"d:\projects\flutter\49\49-mobile-app\lib\features\social_media\tinder\presentation\widgets\tinder_person_card.dart", "Dart", 0, 0, 0, 0, 0, 0, 0, 0, 0, 0, 0, -91, -1, -92
"d:\projects\flutter\49\49-mobile-app\lib\features\social_media\tinder\presentation\widgets\tinder_person_options_widget.dart", "Dart", 0, 0, 0, 0, 0, 0, 0, 0, 0, 0, 0, -10, -1, -11
"d:\projects\flutter\49\49-mobile-app\lib\features\social_media\tinder\presentation\widgets\tinder_sub_category_card.dart", "Dart", 0, -164, 0, 0, 0, 0, 0, 0, 0, 0, 0, -252, -11, -427
"d:\projects\flutter\49\49-mobile-app\lib\features\social_media\twitter\data\datasources\twitter_remote_datasource.dart", "Dart", 0, -153, 0, 0, 0, 0, 0, 0, 0, 0, 0, -1, -25, -179
"d:\projects\flutter\49\49-mobile-app\lib\features\social_media\twitter\data\models\twitter_comment_model.dart", "Dart", 0, -31, 0, 0, 0, 0, 0, 0, 0, 0, 0, 0, -2, -33
"d:\projects\flutter\49\49-mobile-app\lib\features\social_media\twitter\data\models\twitter_comment_reply_model.dart", "Dart", 0, -32, 0, 0, 0, 0, 0, 0, 0, 0, 0, 0, -2, -34
"d:\projects\flutter\49\49-mobile-app\lib\features\social_media\twitter\data\models\twitter_main_post_model.dart", "Dart", 0, -36, 0, 0, 0, 0, 0, 0, 0, 0, 0, -7, -2, -45
"d:\projects\flutter\49\49-mobile-app\lib\features\social_media\twitter\data\models\twitter_post_comment_model.dart", "Dart", 0, -35, 0, 0, 0, 0, 0, 0, 0, 0, 0, -2, -2, -39
"d:\projects\flutter\49\49-mobile-app\lib\features\social_media\twitter\data\models\twitter_post_model.dart", "Dart", 0, -54, 0, 0, 0, 0, 0, 0, 0, 0, 0, -3, -3, -60
"d:\projects\flutter\49\49-mobile-app\lib\features\social_media\twitter\data\models\twitter_user_model.dart", "Dart", 0, -25, 0, 0, 0, 0, 0, 0, 0, 0, 0, 0, -2, -27
"d:\projects\flutter\49\49-mobile-app\lib\features\social_media\twitter\data\repositories\twitter_repo_impl.dart", "Dart", 0, -87, 0, 0, 0, 0, 0, 0, 0, 0, 0, 0, -16, -103
"d:\projects\flutter\49\49-mobile-app\lib\features\social_media\twitter\domain\entities\category_report_entity.dart", "Dart", 0, -5, 0, 0, 0, 0, 0, 0, 0, 0, 0, 0, -2, -7
"d:\projects\flutter\49\49-mobile-app\lib\features\social_media\twitter\domain\entities\twitter_comment_entity.dart", "Dart", 0, -31, 0, 0, 0, 0, 0, 0, 0, 0, 0, 0, -4, -35
"d:\projects\flutter\49\49-mobile-app\lib\features\social_media\twitter\domain\entities\twitter_comment_reply_entity.dart", "Dart", 0, -30, 0, 0, 0, 0, 0, 0, 0, 0, 0, 0, -3, -33
"d:\projects\flutter\49\49-mobile-app\lib\features\social_media\twitter\domain\entities\twitter_main_post_entity.dart", "Dart", 0, -80, 0, 0, 0, 0, 0, 0, 0, 0, 0, 0, -9, -89
"d:\projects\flutter\49\49-mobile-app\lib\features\social_media\twitter\domain\entities\twitter_post_comment_entity.dart", "Dart", 0, -34, 0, 0, 0, 0, 0, 0, 0, 0, 0, -2, -3, -39
"d:\projects\flutter\49\49-mobile-app\lib\features\social_media\twitter\domain\entities\twitter_post_entity.dart", "Dart", 0, -86, 0, 0, 0, 0, 0, 0, 0, 0, 0, 0, -8, -94
"d:\projects\flutter\49\49-mobile-app\lib\features\social_media\twitter\domain\entities\twitter_user_entity.dart", "Dart", 0, -22, 0, 0, 0, 0, 0, 0, 0, 0, 0, 0, -3, -25
"d:\projects\flutter\49\49-mobile-app\lib\features\social_media\twitter\domain\repositories\twitter_repo.dart", "Dart", 0, -41, 0, 0, 0, 0, 0, 0, 0, 0, 0, 0, -3, -44
"d:\projects\flutter\49\49-mobile-app\lib\features\social_media\twitter\domain\usecases\comment_react_usecase.dart", "Dart", 0, -24, 0, 0, 0, 0, 0, 0, 0, 0, 0, 0, -3, -27
"d:\projects\flutter\49\49-mobile-app\lib\features\social_media\twitter\domain\usecases\comment_reply_usecase.dart", "Dart", 0, -30, 0, 0, 0, 0, 0, 0, 0, 0, 0, 0, -3, -33
"d:\projects\flutter\49\49-mobile-app\lib\features\social_media\twitter\domain\usecases\delete_twitter_post_usecase.dart", "Dart", 0, -12, 0, 0, 0, 0, 0, 0, 0, 0, 0, 0, -2, -14
"d:\projects\flutter\49\49-mobile-app\lib\features\social_media\twitter\domain\usecases\get_comment_replies_usecase.dart", "Dart", 0, -16, 0, 0, 0, 0, 0, 0, 0, 0, 0, 0, -2, -18
"d:\projects\flutter\49\49-mobile-app\lib\features\social_media\twitter\domain\usecases\get_feed_usecase.dart", "Dart", 0, -25, 0, 0, 0, 0, 0, 0, 0, 0, 0, -1, -3, -29
"d:\projects\flutter\49\49-mobile-app\lib\features\social_media\twitter\domain\usecases\get_post_comment_reply_usecase.dart", "Dart", 0, -16, 0, 0, 0, 0, 0, 0, 0, 0, 0, 0, -2, -18
"d:\projects\flutter\49\49-mobile-app\lib\features\social_media\twitter\domain\usecases\get_post_comments_usecase.dart", "Dart", 0, -16, 0, 0, 0, 0, 0, 0, 0, 0, 0, 0, -2, -18
"d:\projects\flutter\49\49-mobile-app\lib\features\social_media\twitter\domain\usecases\get_twitter_post_usecase.dart", "Dart", 0, -13, 0, 0, 0, 0, 0, 0, 0, 0, 0, 0, -2, -15
"d:\projects\flutter\49\49-mobile-app\lib\features\social_media\twitter\domain\usecases\get_user_posts_usecase.dart", "Dart", 0, -24, 0, 0, 0, 0, 0, 0, 0, 0, 0, 0, -4, -28
"d:\projects\flutter\49\49-mobile-app\lib\features\social_media\twitter\domain\usecases\hide_twitter_post_usecase.dart", "Dart", 0, -12, 0, 0, 0, 0, 0, 0, 0, 0, 0, 0, -2, -14
"d:\projects\flutter\49\49-mobile-app\lib\features\social_media\twitter\domain\usecases\post_comment_usecase.dart", "Dart", 0, -26, 0, 0, 0, 0, 0, 0, 0, 0, 0, -1, -3, -30
"d:\projects\flutter\49\49-mobile-app\lib\features\social_media\twitter\domain\usecases\post_react_usecase.dart", "Dart", 0, -22, 0, 0, 0, 0, 0, 0, 0, 0, 0, 0, -3, -25
"d:\projects\flutter\49\49-mobile-app\lib\features\social_media\twitter\domain\usecases\request_document_usecase.dart", "Dart", 0, -25, 0, 0, 0, 0, 0, 0, 0, 0, 0, 0, -4, -29
"d:\projects\flutter\49\49-mobile-app\lib\features\social_media\twitter\domain\usecases\share_twitter_post_usecase.dart", "Dart", 0, -12, 0, 0, 0, 0, 0, 0, 0, 0, 0, -3, -2, -17
"d:\projects\flutter\49\49-mobile-app\lib\features\social_media\twitter\domain\usecases\twitter_report_usecase.dart", "Dart", 0, -34, 0, 0, 0, 0, 0, 0, 0, 0, 0, 0, -3, -37
"d:\projects\flutter\49\49-mobile-app\lib\features\social_media\twitter\presentation\bloc\twitter_bloc.dart", "Dart", 0, -352, 0, 0, 0, 0, 0, 0, 0, 0, 0, -10, -43, -405
"d:\projects\flutter\49\49-mobile-app\lib\features\social_media\twitter\presentation\bloc\twitter_state.dart", "Dart", 0, -89, 0, 0, 0, 0, 0, 0, 0, 0, 0, 0, -5, -94
"d:\projects\flutter\49\49-mobile-app\lib\features\social_media\twitter\presentation\pages\twitter_post_details.dart", "Dart", 0, -135, 0, 0, 0, 0, 0, 0, 0, 0, 0, -8, -7, -150
"d:\projects\flutter\49\49-mobile-app\lib\features\social_media\twitter\presentation\pages\twitter_view.dart", "Dart", 0, -210, 0, 0, 0, 0, 0, 0, 0, 0, 0, -12, -14, -236
"d:\projects\flutter\49\49-mobile-app\lib\features\social_media\twitter\presentation\widgets\build_meta_verified.dart", "Dart", 0, -251, 0, 0, 0, 0, 0, 0, 0, 0, 0, -6, -11, -268
"d:\projects\flutter\49\49-mobile-app\lib\features\social_media\twitter\presentation\widgets\build_twitter_document_card.dart", "Dart", 0, -81, 0, 0, 0, 0, 0, 0, 0, 0, 0, 0, -4, -85
"d:\projects\flutter\49\49-mobile-app\lib\features\social_media\twitter\presentation\widgets\report_view.dart", "Dart", 0, -155, 0, 0, 0, 0, 0, 0, 0, 0, 0, -162, -8, -325
"d:\projects\flutter\49\49-mobile-app\lib\features\social_media\twitter\presentation\widgets\twitter_comment_card.dart", "Dart", 0, -117, 0, 0, 0, 0, 0, 0, 0, 0, 0, 0, -4, -121
"d:\projects\flutter\49\49-mobile-app\lib\features\social_media\twitter\presentation\widgets\twitter_comment_replied.dart", "Dart", 0, -182, 0, 0, 0, 0, 0, 0, 0, 0, 0, 0, -6, -188
"d:\projects\flutter\49\49-mobile-app\lib\features\social_media\twitter\presentation\widgets\twitter_global_posts.dart", "Dart", 0, 0, 0, 0, 0, 0, 0, 0, 0, 0, 0, -119, -6, -125
"d:\projects\flutter\49\49-mobile-app\lib\features\social_media\twitter\presentation\widgets\twitter_post_card.dart", "Dart", 0, -503, 0, 0, 0, 0, 0, 0, 0, 0, 0, -42, -17, -562
"d:\projects\flutter\49\49-mobile-app\lib\features\social_media\twitter\presentation\widgets\twitter_post_comments.dart", "Dart", 0, -210, 0, 0, 0, 0, 0, 0, 0, 0, 0, -15, -12, -237
"d:\projects\flutter\49\49-mobile-app\lib\features\social_media\twitter\presentation\widgets\twitter_reply_card.dart", "Dart", 0, -110, 0, 0, 0, 0, 0, 0, 0, 0, 0, 0, -4, -114
"d:\projects\flutter\49\49-mobile-app\lib\features\social_media\voice_meeting\presentation\bloc\voice_meeting_bloc.dart", "Dart", 0, -10, 0, 0, 0, 0, 0, 0, 0, 0, 0, -1, -3, -14
"d:\projects\flutter\49\49-mobile-app\lib\features\social_media\voice_meeting\presentation\bloc\voice_meeting_event.dart", "Dart", 0, -6, 0, 0, 0, 0, 0, 0, 0, 0, 0, 0, -3, -9
"d:\projects\flutter\49\49-mobile-app\lib\features\social_media\voice_meeting\presentation\bloc\voice_meeting_state.dart", "Dart", 0, -7, 0, 0, 0, 0, 0, 0, 0, 0, 0, 0, -4, -11
"d:\projects\flutter\49\49-mobile-app\lib\features\subcategories\data\datasources\subcategories_remote_datasource.dart", "Dart", 0, -38, 0, 0, 0, 0, 0, 0, 0, 0, 0, 0, -8, -46
"d:\projects\flutter\49\49-mobile-app\lib\features\subcategories\data\models\sub_category_model.dart", "Dart", 0, -30, 0, 0, 0, 0, 0, 0, 0, 0, 0, 0, -5, -35
"d:\projects\flutter\49\49-mobile-app\lib\features\subcategories\data\repositories\subcategories_repo_impl.dart", "Dart", 0, -19, 0, 0, 0, 0, 0, 0, 0, 0, 0, 0, -5, -24
"d:\projects\flutter\49\49-mobile-app\lib\features\subcategories\domain\entities\sub_category_entity.dart", "Dart", 0, -14, 0, 0, 0, 0, 0, 0, 0, 0, 0, 0, -2, -16
"d:\projects\flutter\49\49-mobile-app\lib\features\subcategories\domain\repositories\subcategories_repo.dart", "Dart", 0, -9, 0, 0, 0, 0, 0, 0, 0, 0, 0, 0, -3, -12
"d:\projects\flutter\49\49-mobile-app\lib\features\subcategories\domain\usecases\get_sub_categories_use_case.dart", "Dart", 0, -22, 0, 0, 0, 0, 0, 0, 0, 0, 0, 0, -5, -27
"d:\projects\flutter\49\49-mobile-app\lib\features\subcategories\domain\usecases\toggle_favorite_subcategory.dart", "Dart", 0, -12, 0, 0, 0, 0, 0, 0, 0, 0, 0, 0, -4, -16
"d:\projects\flutter\49\49-mobile-app\lib\features\subcategories\presentation\cubit\subcategories_cubit.dart", "Dart", 0, -27, 0, 0, 0, 0, 0, 0, 0, 0, 0, 0, -8, -35
"d:\projects\flutter\49\49-mobile-app\lib\features\subcategories\presentation\cubit\subcategories_state.dart", "Dart", 0, -27, 0, 0, 0, 0, 0, 0, 0, 0, 0, 0, -5, -32
"d:\projects\flutter\49\49-mobile-app\lib\features\subcategories\presentation\pages\subcategories_view.dart", "Dart", 0, -51, 0, 0, 0, 0, 0, 0, 0, 0, 0, 0, -6, -57
"d:\projects\flutter\49\49-mobile-app\lib\features\subcategories\presentation\widgets\subcategory_card.dart", "Dart", 0, -97, 0, 0, 0, 0, 0, 0, 0, 0, 0, 0, -6, -103
"d:\projects\flutter\49\49-mobile-app\lib\features\subcategories\presentation\widgets\subcategory_card_selected.dart", "Dart", 0, -93, 0, 0, 0, 0, 0, 0, 0, 0, 0, -14, -4, -111
"d:\projects\flutter\49\49-mobile-app\lib\features\subscripe\data\datasources\subscribe_remote_datasource.dart", "Dart", 0, -58, 0, 0, 0, 0, 0, 0, 0, 0, 0, 0, -10, -68
"d:\projects\flutter\49\49-mobile-app\lib\features\subscripe\data\models\subscribtion_plans_model.dart", "Dart", 0, -10, 0, 0, 0, 0, 0, 0, 0, 0, 0, 0, -2, -12
"d:\projects\flutter\49\49-mobile-app\lib\features\subscripe\data\models\subscription_amount_model.dart", "Dart", 0, -16, 0, 0, 0, 0, 0, 0, 0, 0, 0, 0, -3, -19
"d:\projects\flutter\49\49-mobile-app\lib\features\subscripe\data\repositories\subscribtion_plans_repo_impl.dart", "Dart", 0, -30, 0, 0, 0, 0, 0, 0, 0, 0, 0, 0, -9, -39
"d:\projects\flutter\49\49-mobile-app\lib\features\subscripe\domain\entities\subscription_amount_entity.dart", "Dart", 0, -12, 0, 0, 0, 0, 0, 0, 0, 0, 0, 0, -2, -14
"d:\projects\flutter\49\49-mobile-app\lib\features\subscripe\domain\entities\subscription_plans_entity.dart", "Dart", 0, -8, 0, 0, 0, 0, 0, 0, 0, 0, 0, 0, -1, -9
"d:\projects\flutter\49\49-mobile-app\lib\features\subscripe\domain\repositories\subscription_plans_repo.dart", "Dart", 0, -14, 0, 0, 0, 0, 0, 0, 0, 0, 0, 0, -3, -17
"d:\projects\flutter\49\49-mobile-app\lib\features\subscripe\domain\usecases\check_if_user_subscribed_usecase.dart", "Dart", 0, -12, 0, 0, 0, 0, 0, 0, 0, 0, 0, 0, -2, -14
"d:\projects\flutter\49\49-mobile-app\lib\features\subscripe\domain\usecases\get_active_subscription_amounts.dart", "Dart", 0, -15, 0, 0, 0, 0, 0, 0, 0, 0, 0, 0, -4, -19
"d:\projects\flutter\49\49-mobile-app\lib\features\subscripe\domain\usecases\get_subscription_plans_usecase.dart", "Dart", 0, -14, 0, 0, 0, 0, 0, 0, 0, 0, 0, 0, -2, -16
"d:\projects\flutter\49\49-mobile-app\lib\features\subscripe\domain\usecases\subscribe_usecase.dart", "Dart", 0, -30, 0, 0, 0, 0, 0, 0, 0, 0, 0, 0, -3, -33
"d:\projects\flutter\49\49-mobile-app\lib\features\subscripe\presentation\controllers\subscription_controller.dart", "Dart", 0, -102, 0, 0, 0, 0, 0, 0, 0, 0, 0, -3, -9, -114
"d:\projects\flutter\49\49-mobile-app\lib\features\subscripe\presentation\widgets\amounts.dart", "Dart", 0, -64, 0, 0, 0, 0, 0, 0, 0, 0, 0, 0, -5, -69
"d:\projects\flutter\49\49-mobile-app\lib\features\subscripe\presentation\widgets\subscription_plans.dart", "Dart", 0, -158, 0, 0, 0, 0, 0, 0, 0, 0, 0, 0, -8, -166
"d:\projects\flutter\49\49-mobile-app\lib\features\subscripe\presentation\widgets\wallets.dart", "Dart", 0, -20, 0, 0, 0, 0, 0, 0, 0, 0, 0, 0, -3, -23
"d:\projects\flutter\49\49-mobile-app\lib\features\youtube\presentation\bloc\youtube_bloc.dart", "Dart", 0, -10, 0, 0, 0, 0, 0, 0, 0, 0, 0, -1, -3, -14
"d:\projects\flutter\49\49-mobile-app\lib\features\youtube\presentation\bloc\youtube_event.dart", "Dart", 0, -6, 0, 0, 0, 0, 0, 0, 0, 0, 0, 0, -3, -9
"d:\projects\flutter\49\49-mobile-app\lib\features\youtube\presentation\bloc\youtube_state.dart", "Dart", 0, -7, 0, 0, 0, 0, 0, 0, 0, 0, 0, 0, -4, -11
"d:\projects\flutter\49\49-mobile-app\lib\features\youtube\presentation\pages\play_video.dart", "Dart", 0, -138, 0, 0, 0, 0, 0, 0, 0, 0, 0, -2, -10, -150
"d:\projects\flutter\49\49-mobile-app\lib\features\youtube\presentation\pages\youtube.dart", "Dart", 0, -35, 0, 0, 0, 0, 0, 0, 0, 0, 0, 0, -5, -40
"d:\projects\flutter\49\49-mobile-app\lib\features\youtube\presentation\widgets\youtube_video_card.dart", "Dart", 0, -103, 0, 0, 0, 0, 0, 0, 0, 0, 0, 0, -6, -109
"d:\projects\flutter\49\49-mobile-app\lib\features\zoom\data\data_source\meeting_data_source.dart", "Dart", 0, -35, 0, 0, 0, 0, 0, 0, 0, 0, 0, -2, -7, -44
"d:\projects\flutter\49\49-mobile-app\lib\features\zoom\data\repository\meeting_repository_impl.dart", "Dart", 0, -21, 0, 0, 0, 0, 0, 0, 0, 0, 0, 0, -8, -29
"d:\projects\flutter\49\49-mobile-app\lib\features\zoom\domain\repositories\meeting_repository.dart", "Dart", 0, -8, 0, 0, 0, 0, 0, 0, 0, 0, 0, 0, -3, -11
"d:\projects\flutter\49\49-mobile-app\lib\features\zoom\domain\usecases\add_room_use_case.dart", "Dart", 0, -26, 0, 0, 0, 0, 0, 0, 0, 0, 0, -1, -7, -34
"d:\projects\flutter\49\49-mobile-app\lib\features\zoom\domain\usecases\end_room_use_case.dart", "Dart", 0, -13, 0, 0, 0, 0, 0, 0, 0, 0, 0, 0, -4, -17
"d:\projects\flutter\49\49-mobile-app\lib\features\zoom\domain\usecases\join_room_use_case.dart", "Dart", 0, -13, 0, 0, 0, 0, 0, 0, 0, 0, 0, 0, -4, -17
"d:\projects\flutter\49\49-mobile-app\lib\features\zoom\presentation\bloc\signal_service.dart", "Dart", 0, -20, 0, 0, 0, 0, 0, 0, 0, 0, 0, -5, -7, -32
"d:\projects\flutter\49\49-mobile-app\lib\features\zoom\presentation\bloc\zoom_cubit.dart", "Dart", 0, -49, 0, 0, 0, 0, 0, 0, 0, 0, 0, -1, -7, -57
"d:\projects\flutter\49\49-mobile-app\lib\features\zoom\presentation\bloc\zoom_state.dart", "Dart", 0, -22, 0, 0, 0, 0, 0, 0, 0, 0, 0, 0, -14, -36
"d:\projects\flutter\49\49-mobile-app\lib\features\zoom\presentation\pages\meeting_room.dart", "Dart", 0, -175, 0, 0, 0, 0, 0, 0, 0, 0, 0, -8, -13, -196
"d:\projects\flutter\49\49-mobile-app\lib\features\zoom\presentation\pages\meeting_view.dart", "Dart", 0, -97, 0, 0, 0, 0, 0, 0, 0, 0, 0, -2, -7, -106
"d:\projects\flutter\49\49-mobile-app\lib\features\zoom\presentation\widgets\custom_avatar_builder.dart", "Dart", 0, -32, 0, 0, 0, 0, 0, 0, 0, 0, 0, 0, -3, -35
"d:\projects\flutter\49\49-mobile-app\lib\features\zoom\presentation\widgets\meeting_dialogue.dart", "Dart", 0, -124, 0, 0, 0, 0, 0, 0, 0, 0, 0, -4, -8, -136
"d:\projects\flutter\49\49-mobile-app\lib\features\zoom\presentation\widgets\meeting_participants.dart", "Dart", 0, -52, 0, 0, 0, 0, 0, 0, 0, 0, 0, 0, -4, -56
"d:\projects\flutter\49\49-mobile-app\lib\firebase_options.dart", "Dart", 0, -57, 0, 0, 0, 0, 0, 0, 0, 0, 0, -12, -4, -73
"d:\projects\flutter\49\49-mobile-app\lib\helpers\BitmapDescriptor.dart", "Dart", 0, -61, 0, 0, 0, 0, 0, 0, 0, 0, 0, -6, -17, -84
"d:\projects\flutter\49\49-mobile-app\lib\helpers\social_login_helpers.dart", "Dart", 0, 0, 0, 0, 0, 0, 0, 0, 0, 0, 0, -18, -4, -22
"d:\projects\flutter\49\49-mobile-app\lib\main.dart", "Dart", 0, -66, 0, 0, 0, 0, 0, 0, 0, 0, 0, -17, -6, -89
"d:\projects\flutter\49\49-mobile-app\lib\res\assets\assets.dart", "Dart", 0, -69, 0, 0, 0, 0, 0, 0, 0, 0, 0, -5, -7, -81
"d:\projects\flutter\49\49-mobile-app\lib\res\assets\jsons.dart", "Dart", 0, -49, 0, 0, 0, 0, 0, 0, 0, 0, 0, -4, -1, -54
"d:\projects\flutter\49\49-mobile-app\lib\res\strings\labels.dart", "Dart", 0, -177, 0, 0, 0, 0, 0, 0, 0, 0, 0, -1, -2, -180
"d:\projects\flutter\49\49-mobile-app\lib\res\style\app_colors.dart", "Dart", 0, -70, 0, 0, 0, 0, 0, 0, 0, 0, 0, -1, -12, -83
"d:\projects\flutter\49\49-mobile-app\lib\res\style\const.dart", "Dart", 0, -31, 0, 0, 0, 0, 0, 0, 0, 0, 0, -2, -6, -39
"d:\projects\flutter\49\49-mobile-app\lib\res\style\styles.dart", "Dart", 0, -43, 0, 0, 0, 0, 0, 0, 0, 0, 0, -2, -4, -49
"d:\projects\flutter\49\49-mobile-app\lib\routes\pages.dart", "Dart", 0, -964, 0, 0, 0, 0, 0, 0, 0, 0, 0, -29, -16, -1009
"d:\projects\flutter\49\49-mobile-app\lib\routes\routes.dart", "Dart", 0, -207, 0, 0, 0, 0, 0, 0, 0, 0, 0, -1, -21, -229
"d:\projects\flutter\49\49-mobile-app\lib\service_locator\account_service_locator.dart", "Dart", 0, -78, 0, 0, 0, 0, 0, 0, 0, 0, 0, -1, -7, -86
"d:\projects\flutter\49\49-mobile-app\lib\service_locator\auction_service_locator.dart", "Dart", 0, -71, 0, 0, 0, 0, 0, 0, 0, 0, 0, -1, -6, -78
"d:\projects\flutter\49\49-mobile-app\lib\service_locator\auth_service_locator.dart", "Dart", 0, -150, 0, 0, 0, 0, 0, 0, 0, 0, 0, -4, -6, -160
"d:\projects\flutter\49\49-mobile-app\lib\service_locator\club_voice_service_locator.dart", "Dart", 0, -42, 0, 0, 0, 0, 0, 0, 0, 0, 0, -3, -4, -49
"d:\projects\flutter\49\49-mobile-app\lib\service_locator\food_service_locator.dart", "Dart", 0, -147, 0, 0, 0, 0, 0, 0, 0, 0, 0, -1, -6, -154
"d:\projects\flutter\49\49-mobile-app\lib\service_locator\fourty_nine_service_locator.dart", "Dart", 0, -363, 0, 0, 0, 0, 0, 0, 0, 0, 0, -4, -12, -379
"d:\projects\flutter\49\49-mobile-app\lib\service_locator\health_service_locator.dart", "Dart", 0, -268, 0, 0, 0, 0, 0, 0, 0, 0, 0, -4, -19, -291
"d:\projects\flutter\49\49-mobile-app\lib\service_locator\installment_service_locator.dart", "Dart", 0, -61, 0, 0, 0, 0, 0, 0, 0, 0, 0, 0, -6, -67
"d:\projects\flutter\49\49-mobile-app\lib\service_locator\meeting_service_locator.dart", "Dart", 0, -30, 0, 0, 0, 0, 0, 0, 0, 0, 0, -3, -4, -37
"d:\projects\flutter\49\49-mobile-app\lib\service_locator\reels_service_locator.dart", "Dart", 0, 0, 0, 0, 0, 0, 0, 0, 0, 0, 0, -36, -1, -37
"d:\projects\flutter\49\49-mobile-app\lib\service_locator\ride_service_locator.dart", "Dart", 0, -130, 0, 0, 0, 0, 0, 0, 0, 0, 0, -5, -8, -143
"d:\projects\flutter\49\49-mobile-app\lib\service_locator\service_locator.dart", "Dart", 0, -116, 0, 0, 0, 0, 0, 0, 0, 0, 0, -23, -13, -152
"d:\projects\flutter\49\49-mobile-app\lib\service_locator\shipping_service_locatior.dart", "Dart", 0, -31, 0, 0, 0, 0, 0, 0, 0, 0, 0, -3, -2, -36
"d:\projects\flutter\49\49-mobile-app\lib\service_locator\social_service_locator.dart", "Dart", 0, -380, 0, 0, 0, 0, 0, 0, 0, 0, 0, -1, -67, -448
"d:\projects\flutter\49\49-mobile-app\lib\service_locator\subcategories_service_locator.dart", "Dart", 0, -18, 0, 0, 0, 0, 0, 0, 0, 0, 0, -4, -2, -24
"d:\projects\flutter\49\49-mobile-app\lib\service_locator\subscribe_service_locator.dart", "Dart", 0, -44, 0, 0, 0, 0, 0, 0, 0, 0, 0, -4, -3, -51
"d:\projects\flutter\49\49-mobile-app\lib\service_locator\theme_service_locator.dart", "Dart", 0, -7, 0, 0, 0, 0, 0, 0, 0, 0, 0, 0, -3, -10
"d:\projects\flutter\49\49-mobile-app\lib\service_locator\tinder_service_locator.dart", "Dart", 0, 0, 0, 0, 0, 0, 0, 0, 0, 0, 0, -28, -1, -29
"d:\projects\flutter\49\49-mobile-app\lib\service_locator\wheel_service_locator.dart", "Dart", 0, -54, 0, 0, 0, 0, 0, 0, 0, 0, 0, -2, -7, -63
"Total", "-", 4, 134342, 4937, 13, 2, 36, 121, 10, 991, 29, 1, 27246, 13614, 181346