"filename", "language", "Dart", "comment", "blank", "total"
"d:\projects\flutter\49\49-mobile-app\lib\common\functions\global\button_availability.dart", "Dart", 32, 0, 2, 34
"d:\projects\flutter\49\49-mobile-app\lib\common\functions\global\capitalize_first_letter_of_words.dart", "Dart", 11, 0, 1, 12
"d:\projects\flutter\49\49-mobile-app\lib\common\functions\global\loading_custom.dart", "Dart", 14, 0, 2, 16
"d:\projects\flutter\49\49-mobile-app\lib\common\functions\global\upload_file.dart", "Dart", 66, 3, 9, 78
"d:\projects\flutter\49\49-mobile-app\lib\common\functions\helper\auth_helper.dart", "Dart", 7, 0, 3, 10
"d:\projects\flutter\49\49-mobile-app\lib\common\functions\helper\file_picker_helper.dart", "Dart", 17, 0, 4, 21
"d:\projects\flutter\49\49-mobile-app\lib\common\functions\helper\lang_helper.dart", "Dart", 14, 2, 5, 21
"d:\projects\flutter\49\49-mobile-app\lib\common\functions\helper\launch_url.dart", "Dart", 16, 1, 4, 21
"d:\projects\flutter\49\49-mobile-app\lib\common\functions\helper\local_auth.dart", "Dart", 0, 19, 3, 22
"d:\projects\flutter\49\49-mobile-app\lib\common\functions\helper\numbers_helper.dart", "Dart", 34, 0, 4, 38
"d:\projects\flutter\49\49-mobile-app\lib\common\functions\helper\randome_color.dart", "Dart", 11, 0, 2, 13
"d:\projects\flutter\49\49-mobile-app\lib\common\functions\helper\routing_helper.dart", "Dart", 13, 2, 3, 18
"d:\projects\flutter\49\49-mobile-app\lib\common\functions\helper\share_helper.dart", "Dart", 9, 0, 2, 11
"d:\projects\flutter\49\49-mobile-app\lib\common\functions\helper\time_of_day_helper.dart", "Dart", 33, 0, 6, 39
"d:\projects\flutter\49\49-mobile-app\lib\common\models\public\city_model.dart", "Dart", 14, 0, 1, 15
"d:\projects\flutter\49\49-mobile-app\lib\common\models\public\pagination_params.dart", "Dart", 10, 0, 3, 13
"d:\projects\flutter\49\49-mobile-app\lib\common\models\public\state_model.dart", "Dart", 14, 0, 1, 15
"d:\projects\flutter\49\49-mobile-app\lib\common\other\show_snack_bar.dart", "Dart", 0, 56, 1, 57
"d:\projects\flutter\49\49-mobile-app\lib\common\statuses\form_submission_status.dart", "Dart", 12, 0, 5, 17
"d:\projects\flutter\49\49-mobile-app\lib\common\theme\cubit\cubit.dart", "Dart", 17, 0, 5, 22
"d:\projects\flutter\49\49-mobile-app\lib\common\theme\cubit\states.dart", "Dart", 3, 0, 3, 6
"d:\projects\flutter\49\49-mobile-app\lib\common\widgets\dialogs\show_bottom_sheet.dart", "Dart", 25, 1, 2, 28
"d:\projects\flutter\49\49-mobile-app\lib\common\widgets\dynamic\bottom_navigator.dart", "Dart", 230, 0, 15, 245
"d:\projects\flutter\49\49-mobile-app\lib\common\widgets\dynamic\bottom_painter.dart", "Dart", 29, 0, 7, 36
"d:\projects\flutter\49\49-mobile-app\lib\common\widgets\dynamic\drawer.dart", "Dart", 485, 16, 21, 522
"d:\projects\flutter\49\49-mobile-app\lib\common\widgets\dynamic\floating_button.dart", "Dart", 47, 2, 6, 55
"d:\projects\flutter\49\49-mobile-app\lib\common\widgets\dynamic\google_ads_banner.dart", "Dart", 34, 5, 4, 43
"d:\projects\flutter\49\49-mobile-app\lib\common\widgets\dynamic\sizer.dart", "Dart", 17, 0, 4, 21
"d:\projects\flutter\49\49-mobile-app\lib\common\widgets\dynamic\wallet_widget.dart", "Dart", 132, 1, 6, 139
"d:\projects\flutter\49\49-mobile-app\lib\common\widgets\form\text_fields\abstract\decimal_restriction.dart", "Dart", 10, 2, 2, 14
"d:\projects\flutter\49\49-mobile-app\lib\common\widgets\form\text_fields\abstract\main_text_form_field.dart", "Dart", 202, 0, 10, 212
"d:\projects\flutter\49\49-mobile-app\lib\common\widgets\form\text_fields\confirm_password_text_field.dart", "Dart", 60, 0, 8, 68
"d:\projects\flutter\49\49-mobile-app\lib\common\widgets\form\text_fields\default_text_form_field.dart", "Dart", 56, 0, 3, 59
"d:\projects\flutter\49\49-mobile-app\lib\common\widgets\form\text_fields\email_text_form_field.dart", "Dart", 27, 0, 3, 30
"d:\projects\flutter\49\49-mobile-app\lib\common\widgets\form\text_fields\first_name_text_form_field.dart", "Dart", 25, 0, 3, 28
"d:\projects\flutter\49\49-mobile-app\lib\common\widgets\form\text_fields\form_text_field.dart", "Dart", 186, 0, 7, 193
"d:\projects\flutter\49\49-mobile-app\lib\common\widgets\form\text_fields\last_name_text_form_field.dart", "Dart", 23, 0, 3, 26
"d:\projects\flutter\49\49-mobile-app\lib\common\widgets\form\text_fields\new_text_form_filed.dart", "Dart", 0, 11, 4, 15
"d:\projects\flutter\49\49-mobile-app\lib\common\widgets\form\text_fields\password_text_form_field.dart", "Dart", 49, 0, 8, 57
"d:\projects\flutter\49\49-mobile-app\lib\common\widgets\form\text_fields\phone_number_text_field.dart", "Dart", 131, 3, 9, 143
"d:\projects\flutter\49\49-mobile-app\lib\common\widgets\form\text_fields\search_text_form_field.dart", "Dart", 30, 0, 3, 33
"d:\projects\flutter\49\49-mobile-app\lib\common\widgets\stateful\banners\back_appbar.dart", "Dart", 31, 0, 6, 37
"d:\projects\flutter\49\49-mobile-app\lib\common\widgets\stateful\banners\main_category_banner.dart", "Dart", 129, 2, 8, 139
"d:\projects\flutter\49\49-mobile-app\lib\common\widgets\stateful\dynamic\collabsable_info_widget.dart", "Dart", 47, 0, 4, 51
"d:\projects\flutter\49\49-mobile-app\lib\common\widgets\stateful\dynamic\list_view_pagination.dart", "Dart", 57, 0, 8, 65
"d:\projects\flutter\49\49-mobile-app\lib\common\widgets\stateful\dynamic\webview.dart", "Dart", 39, 0, 6, 45
"d:\projects\flutter\49\49-mobile-app\lib\common\widgets\stateful\maps\map_picker.dart", "Dart", 228, 3, 19, 250
"d:\projects\flutter\49\49-mobile-app\lib\common\widgets\stateful\maps\static_map.dart", "Dart", 35, 1, 4, 40
"d:\projects\flutter\49\49-mobile-app\lib\common\widgets\stateful\picker\date_picker.dart", "Dart", 72, 0, 6, 78
"d:\projects\flutter\49\49-mobile-app\lib\common\widgets\stateful\picker\image_picker.dart", "Dart", 67, 0, 9, 76
"d:\projects\flutter\49\49-mobile-app\lib\common\widgets\stateful\videos\video_player.dart", "Dart", 220, 8, 25, 253
"d:\projects\flutter\49\49-mobile-app\lib\common\widgets\stateless\appbar\home_appbar.dart", "Dart", 146, 8, 8, 162
"d:\projects\flutter\49\49-mobile-app\lib\common\widgets\stateless\appbar\nested_appbar.dart", "Dart", 18, 0, 4, 22
"d:\projects\flutter\49\49-mobile-app\lib\common\widgets\stateless\buttons\app_button.dart", "Dart", 68, 0, 5, 73
"d:\projects\flutter\49\49-mobile-app\lib\common\widgets\stateless\buttons\default_button.dart", "Dart", 170, 0, 13, 183
"d:\projects\flutter\49\49-mobile-app\lib\common\widgets\stateless\buttons\elevated_button.dart", "Dart", 45, 0, 5, 50
"d:\projects\flutter\49\49-mobile-app\lib\common\widgets\stateless\buttons\iconAppButton.dart", "Dart", 57, 0, 5, 62
"d:\projects\flutter\49\49-mobile-app\lib\common\widgets\stateless\buttons\progress_button.dart", "Dart", 99, 0, 10, 109
"d:\projects\flutter\49\49-mobile-app\lib\common\widgets\stateless\buttons\text_button.dart", "Dart", 43, 0, 5, 48
"d:\projects\flutter\49\49-mobile-app\lib\common\widgets\stateless\charts\bar_chart.dart", "Dart", 76, 2, 15, 93
"d:\projects\flutter\49\49-mobile-app\lib\common\widgets\stateless\custom_sheet\custom_vertical_sheet_item.dart", "Dart", 57, 0, 4, 61
"d:\projects\flutter\49\49-mobile-app\lib\common\widgets\stateless\custom_sheet\sheet_vertical_item.dart", "Dart", 13, 0, 3, 16
"d:\projects\flutter\49\49-mobile-app\lib\common\widgets\stateless\dynamic\CarouselSlider.dart", "Dart", 61, 0, 9, 70
"d:\projects\flutter\49\49-mobile-app\lib\common\widgets\stateless\dynamic\are_you_sure.dart", "Dart", 66, 0, 5, 71
"d:\projects\flutter\49\49-mobile-app\lib\common\widgets\stateless\dynamic\carousel_slider.dart", "Dart", 61, 0, 9, 70
"d:\projects\flutter\49\49-mobile-app\lib\common\widgets\stateless\dynamic\rating_stars.dart", "Dart", 32, 0, 5, 37
"d:\projects\flutter\49\49-mobile-app\lib\common\widgets\stateless\dynamic\ratio_widget.dart", "Dart", 35, 0, 5, 40
"d:\projects\flutter\49\49-mobile-app\lib\common\widgets\stateless\dynamic\review_card.dart", "Dart", 46, 0, 4, 50
"d:\projects\flutter\49\49-mobile-app\lib\common\widgets\stateless\dynamic\shared_bottom_navigator.dart", "Dart", 33, 0, 4, 37
"d:\projects\flutter\49\49-mobile-app\lib\common\widgets\stateless\dynamic\shared_scaffold.dart", "Dart", 29, 0, 4, 33
"d:\projects\flutter\49\49-mobile-app\lib\common\widgets\stateless\images\image_picker_placeholder.dart", "Dart", 55, 0, 6, 61
"d:\projects\flutter\49\49-mobile-app\lib\common\widgets\stateless\images\image_uploader_widget.dart", "Dart", 53, 0, 6, 59
"d:\projects\flutter\49\49-mobile-app\lib\common\widgets\stateless\images\profile_image.dart", "Dart", 41, 0, 5, 46
"d:\projects\flutter\49\49-mobile-app\lib\common\widgets\stateless\images\social_image_viewer.dart", "Dart", 61, 7, 4, 72
"d:\projects\flutter\49\49-mobile-app\lib\common\widgets\stateless\images\square_image.dart", "Dart", 41, 0, 4, 45
"d:\projects\flutter\49\49-mobile-app\lib\common\widgets\stateless\labels\badged_label.dart", "Dart", 60, 0, 6, 66
"d:\projects\flutter\49\49-mobile-app\lib\common\widgets\stateless\labels\info_text.dart", "Dart", 27, 0, 3, 30
"d:\projects\flutter\49\49-mobile-app\lib\common\widgets\stateless\labels\label.dart", "Dart", 26, 0, 4, 30
"d:\projects\flutter\49\49-mobile-app\lib\common\widgets\stateless\labels\read_more_label.dart", "Dart", 66, 1, 9, 76
"d:\projects\flutter\49\49-mobile-app\lib\common\widgets\stateless\pages\empty.dart", "Dart", 27, 0, 4, 31
"d:\projects\flutter\49\49-mobile-app\lib\core\abstract\base_cubit.dart", "Dart", 9, 0, 2, 11
"d:\projects\flutter\49\49-mobile-app\lib\core\abstract\use_case.dart", "Dart", 15, 0, 7, 22
"d:\projects\flutter\49\49-mobile-app\lib\core\animations\moving_widget_hr.dart", "Dart", 72, 2, 11, 85
"d:\projects\flutter\49\49-mobile-app\lib\core\api\api_client_helper.dart", "Dart", 26, 0, 1, 27
"d:\projects\flutter\49\49-mobile-app\lib\core\api\api_client_helper_imp.dart", "Dart", 96, 1, 6, 103
"d:\projects\flutter\49\49-mobile-app\lib\core\api\api_consumer.dart", "Dart", 238, 33, 22, 293
"d:\projects\flutter\49\49-mobile-app\lib\core\api\end_points.dart", "Dart", 383, 18, 88, 489
"d:\projects\flutter\49\49-mobile-app\lib\core\api\interceptors\auth_interceptor.dart", "Dart", 14, 0, 2, 16
"d:\projects\flutter\49\49-mobile-app\lib\core\api\interceptors\language_interceptor.dart", "Dart", 8, 3, 4, 15
"d:\projects\flutter\49\49-mobile-app\lib\core\api\interceptors\subscription_interceptor.dart", "Dart", 26, 9, 3, 38
"d:\projects\flutter\49\49-mobile-app\lib\core\data\datasources\device_type_data_source.dart", "Dart", 11, 0, 3, 14
"d:\projects\flutter\49\49-mobile-app\lib\core\data\datasources\json_parser.dart", "Dart", 80, 5, 9, 94
"d:\projects\flutter\49\49-mobile-app\lib\core\data\datasources\notification_data_source.dart", "Dart", 17, 0, 7, 24
"d:\projects\flutter\49\49-mobile-app\lib\core\data\models\about_you_model.dart", "Dart", 121, 0, 11, 132
"d:\projects\flutter\49\49-mobile-app\lib\core\data\models\about_you_response_model.dart", "Dart", 162, 0, 31, 193
"d:\projects\flutter\49\49-mobile-app\lib\core\data\models\add_to_cart_model.dart", "Dart", 73, 0, 11, 84
"d:\projects\flutter\49\49-mobile-app\lib\core\data\models\brand_model.dart", "Dart", 51, 0, 11, 62
"d:\projects\flutter\49\49-mobile-app\lib\core\data\models\category_model.dart", "Dart", 51, 0, 11, 62
"d:\projects\flutter\49\49-mobile-app\lib\core\data\models\contact_us_message_model.dart", "Dart", 81, 0, 11, 92
"d:\projects\flutter\49\49-mobile-app\lib\core\data\models\home_model.dart", "Dart", 65, 0, 13, 78
"d:\projects\flutter\49\49-mobile-app\lib\core\data\models\id_name_model.dart", "Dart", 60, 0, 12, 72
"d:\projects\flutter\49\49-mobile-app\lib\core\data\models\id_name_model_snack_case.dart", "Dart", 65, 0, 11, 76
"d:\projects\flutter\49\49-mobile-app\lib\core\data\models\intro_banner_model.dart", "Dart", 62, 0, 11, 73
"d:\projects\flutter\49\49-mobile-app\lib\core\data\models\key_value_model.dart", "Dart", 42, 0, 12, 54
"d:\projects\flutter\49\49-mobile-app\lib\core\data\models\meeting_error_message_model.dart", "Dart", 23, 0, 5, 28
"d:\projects\flutter\49\49-mobile-app\lib\core\data\models\notification_model.dart", "Dart", 203, 0, 22, 225
"d:\projects\flutter\49\49-mobile-app\lib\core\data\models\payment_summary.dart", "Dart", 270, 0, 32, 302
"d:\projects\flutter\49\49-mobile-app\lib\core\data\models\product_details_model.dart", "Dart", 350, 0, 42, 392
"d:\projects\flutter\49\49-mobile-app\lib\core\data\models\product_model.dart", "Dart", 81, 0, 11, 92
"d:\projects\flutter\49\49-mobile-app\lib\core\data\models\product_service_model.dart", "Dart", 219, 0, 34, 253
"d:\projects\flutter\49\49-mobile-app\lib\core\data\models\shipping_methods_mode.dart", "Dart", 304, 0, 42, 346
"d:\projects\flutter\49\49-mobile-app\lib\core\data\models\times_options_model.dart", "Dart", 52, 0, 11, 63
"d:\projects\flutter\49\49-mobile-app\lib\core\data\models\topic_model.dart", "Dart", 64, 0, 11, 75
"d:\projects\flutter\49\49-mobile-app\lib\core\domain\repositories\click_counter_repository.dart", "Dart", 3, 0, 1, 4
"d:\projects\flutter\49\49-mobile-app\lib\core\enums\address_type_enum.dart", "Dart", 1, 0, 1, 2
"d:\projects\flutter\49\49-mobile-app\lib\core\enums\base_status_enum.dart", "Dart", 7, 0, 1, 8
"d:\projects\flutter\49\49-mobile-app\lib\core\enums\club_house_layout_mode_enum.dart", "Dart", 23, 0, 3, 26
"d:\projects\flutter\49\49-mobile-app\lib\core\enums\file_size.dart", "Dart", 7, 0, 1, 8
"d:\projects\flutter\49\49-mobile-app\lib\core\enums\gender_type.dart", "Dart", 17, 0, 3, 20
"d:\projects\flutter\49\49-mobile-app\lib\core\enums\index_name.dart", "Dart", 7, 0, 3, 10
"d:\projects\flutter\49\49-mobile-app\lib\core\enums\main_services_enum.dart", "Dart", 33, 1, 5, 39
"d:\projects\flutter\49\49-mobile-app\lib\core\enums\order_reservation_status.dart", "Dart", 7, 0, 2, 9
"d:\projects\flutter\49\49-mobile-app\lib\core\enums\order_status.dart", "Dart", 13, 0, 2, 15
"d:\projects\flutter\49\49-mobile-app\lib\core\enums\otp_for.dart", "Dart", 1, 0, 1, 2
"d:\projects\flutter\49\49-mobile-app\lib\core\enums\otp_status.dart", "Dart", 7, 0, 1, 8
"d:\projects\flutter\49\49-mobile-app\lib\core\enums\post_type_enum.dart", "Dart", 1, 0, 1, 2
"d:\projects\flutter\49\49-mobile-app\lib\core\enums\provider_enum.dart", "Dart", 8, 0, 4, 12
"d:\projects\flutter\49\49-mobile-app\lib\core\enums\reports_enum.dart", "Dart", 59, 1, 6, 66
"d:\projects\flutter\49\49-mobile-app\lib\core\enums\request_result_enum.dart", "Dart", 4, 0, 1, 5
"d:\projects\flutter\49\49-mobile-app\lib\core\enums\ride_services_enum.dart", "Dart", 145, 1, 10, 156
"d:\projects\flutter\49\49-mobile-app\lib\core\enums\sort_type.dart", "Dart", 10, 0, 2, 12
"d:\projects\flutter\49\49-mobile-app\lib\core\enums\text_position.dart", "Dart", 20, 0, 1, 21
"d:\projects\flutter\49\49-mobile-app\lib\core\enums\text_size.dart", "Dart", 1, 0, 1, 2
"d:\projects\flutter\49\49-mobile-app\lib\core\enums\theme_type.dart", "Dart", 1, 0, 1, 2
"d:\projects\flutter\49\49-mobile-app\lib\core\enums\topic_type.dart", "Dart", 7, 0, 2, 9
"d:\projects\flutter\49\49-mobile-app\lib\core\enums\user_type.dart", "Dart", 5, 0, 3, 8
"d:\projects\flutter\49\49-mobile-app\lib\core\enums\wallet_types_enums.dart", "Dart", 38, 0, 5, 43
"d:\projects\flutter\49\49-mobile-app\lib\core\enums\week_days.dart", "Dart", 45, 0, 4, 49
"d:\projects\flutter\49\49-mobile-app\lib\core\enums\wheel.dart", "Dart", 1, 0, 1, 2
"d:\projects\flutter\49\49-mobile-app\lib\core\enums\zego_request_state.dart", "Dart", 6, 0, 1, 7
"d:\projects\flutter\49\49-mobile-app\lib\core\error\failure.dart", "Dart", 65, 0, 14, 79
"d:\projects\flutter\49\49-mobile-app\lib\core\exceptions\ion_exception.dart", "Dart", 24, 23, 6, 53
"d:\projects\flutter\49\49-mobile-app\lib\core\exceptions\exceed_file_size_limit_exception.dart", "Dart", 11, 0, 3, 14
"d:\projects\flutter\49\49-mobile-app\lib\core\exceptions\launcher_exception.dart", "Dart", 11, 0, 3, 14
"d:\projects\flutter\49\49-mobile-app\lib\core\exceptions\meeting_exception.dart", "Dart", 5, 0, 3, 8
"d:\projects\flutter\49\49-mobile-app\lib\core\exceptions\redundant_request_exception.dart", "Dart", 11, 0, 3, 14
"d:\projects\flutter\49\49-mobile-app\lib\core\exceptions\request_exception.dart", "Dart", 14, 0, 4, 18
"d:\projects\flutter\49\49-mobile-app\lib\core\exceptions\social_media_login_canceled_exception.dart", "Dart", 11, 0, 3, 14
"d:\projects\flutter\49\49-mobile-app\lib\core\extensions\context_extension.dart", "Dart", 12, 6, 8, 26
"d:\projects\flutter\49\49-mobile-app\lib\core\extensions\string_extension.dart", "Dart", 4, 0, 2, 6
"d:\projects\flutter\49\49-mobile-app\lib\core\failure\failure.dart", "Dart", 0, 41, 10, 51
"d:\projects\flutter\49\49-mobile-app\lib\core\local_storage\local_storage_consumer.dart", "Dart", 59, 0, 12, 71
"d:\projects\flutter\49\49-mobile-app\lib\core\localization\locales.dart", "Dart", 5, 0, 2, 7
"d:\projects\flutter\49\49-mobile-app\lib\core\localization\localization_service.dart", "Dart", 19, 0, 3, 22
"d:\projects\flutter\49\49-mobile-app\lib\core\messages\messages.dart", "Dart", 201, 0, 7, 208
"d:\projects\flutter\49\49-mobile-app\lib\core\service\app_info_service.dart", "Dart", 26, 2, 6, 34
"d:\projects\flutter\49\49-mobile-app\lib\core\service\base_repository.dart", "Dart", 29, 4, 6, 39
"d:\projects\flutter\49\49-mobile-app\lib\core\service\cache_service.dart", "Dart", 323, 36, 79, 438
"d:\projects\flutter\49\49-mobile-app\lib\core\service\custom_response.dart", "Dart", 14, 0, 3, 17
"d:\projects\flutter\49\49-mobile-app\lib\core\service\download_service.dart", "Dart", 0, 0, 2, 2
"d:\projects\flutter\49\49-mobile-app\lib\core\service\image_saver_service.dart", "Dart", 14, 0, 5, 19
"d:\projects\flutter\49\49-mobile-app\lib\core\service\launcher_service.dart", "Dart", 74, 0, 15, 89
"d:\projects\flutter\49\49-mobile-app\lib\core\service\notification_service.dart", "Dart", 155, 47, 34, 236
"d:\projects\flutter\49\49-mobile-app\lib\core\service\share_img_service.dart", "Dart", 0, 15, 4, 19
"d:\projects\flutter\49\49-mobile-app\lib\core\service\share_service.dart", "Dart", 0, 11, 4, 15
"d:\projects\flutter\49\49-mobile-app\lib\core\service\socket_service.dart", "Dart", 147, 8, 50, 205
"d:\projects\flutter\49\49-mobile-app\lib\core\states\basic_otp_state.dart", "Dart", 44, 0, 7, 51
"d:\projects\flutter\49\49-mobile-app\lib\core\states\basic_state.dart", "Dart", 38, 0, 10, 48
"d:\projects\flutter\49\49-mobile-app\lib\core\themes\dark_theme.dart", "Dart", 61, 0, 3, 64
"d:\projects\flutter\49\49-mobile-app\lib\core\themes\light_theme.dart", "Dart", 56, 2, 3, 61
"d:\projects\flutter\49\49-mobile-app\lib\core\utils\calendar_event.dart", "Dart", 9, 5, 5, 19
"d:\projects\flutter\49\49-mobile-app\lib\core\utils\change_react.dart", "Dart", 153, 0, 1, 154
"d:\projects\flutter\49\49-mobile-app\lib\core\utils\ion_checker.dart", "Dart", 0, 59, 1, 60
"d:\projects\flutter\49\49-mobile-app\lib\core\utils\custom_printer.dart", "Dart", 31, 0, 10, 41
"d:\projects\flutter\49\49-mobile-app\lib\core\utils\date_helper.dart", "Dart", 25, 0, 5, 30
"d:\projects\flutter\49\49-mobile-app\lib\core\utils\device_id.dart", "Dart", 14, 0, 3, 17
"d:\projects\flutter\49\49-mobile-app\lib\core\utils\duration_helper.dart", "Dart", 9, 0, 1, 10
"d:\projects\flutter\49\49-mobile-app\lib\core\utils\fcm.dart", "Dart", 8, 0, 2, 10
"d:\projects\flutter\49\49-mobile-app\lib\core\utils\hex_color_helper.dart", "Dart", 12, 0, 4, 16
"d:\projects\flutter\49\49-mobile-app\lib\core\utils\localization_helper.dart", "Dart", 38, 5, 13, 56
"d:\projects\flutter\49\49-mobile-app\lib\core\utils\media_query_values.dart", "Dart", 7, 0, 2, 9
"d:\projects\flutter\49\49-mobile-app\lib\core\utils\navigator_helper.dart", "Dart", 229, 0, 27, 256
"d:\projects\flutter\49\49-mobile-app\lib\core\utils\pagination_controller.dart", "Dart", 1, 0, 1, 2
"d:\projects\flutter\49\49-mobile-app\lib\core\utils\type_defs.dart", "Dart", 8, 0, 2, 10
"d:\projects\flutter\49\49-mobile-app\lib\core\utils\url_helper.dart", "Dart", 14, 0, 3, 17
"d:\projects\flutter\49\49-mobile-app\lib\core\utils\validator.dart", "Dart", 82, 0, 14, 96
"d:\projects\flutter\49\49-mobile-app\lib\features\account_taps\account\data\datasources\account_remote_datasource.dart", "Dart", 51, 0, 9, 60
"d:\projects\flutter\49\49-mobile-app\lib\features\account_taps\account\data\models\favourite_ad_model.dart", "Dart", 11, 1, 3, 15
"d:\projects\flutter\49\49-mobile-app\lib\features\account_taps\account\data\models\favourite_category_model.dart", "Dart", 11, 0, 4, 15
"d:\projects\flutter\49\49-mobile-app\lib\features\account_taps\account\data\models\favourite_subcategory_model.dart", "Dart", 11, 1, 3, 15
"d:\projects\flutter\49\49-mobile-app\lib\features\account_taps\account\data\repositories\account_repo_impl.dart", "Dart", 25, 0, 9, 34
"d:\projects\flutter\49\49-mobile-app\lib\features\account_taps\account\domain\entities\favourite_ad_entity.dart", "Dart", 6, 0, 3, 9
"d:\projects\flutter\49\49-mobile-app\lib\features\account_taps\account\domain\entities\favourite_category_entity.dart", "Dart", 6, 0, 3, 9
"d:\projects\flutter\49\49-mobile-app\lib\features\account_taps\account\domain\entities\favourite_subcategory_entity.dart", "Dart", 6, 0, 3, 9
"d:\projects\flutter\49\49-mobile-app\lib\features\account_taps\account\domain\repositories\account_repo.dart", "Dart", 12, 0, 5, 17
"d:\projects\flutter\49\49-mobile-app\lib\features\account_taps\account\domain\usecases\get_favourite_ads_usecase.dart", "Dart", 14, 0, 2, 16
"d:\projects\flutter\49\49-mobile-app\lib\features\account_taps\account\domain\usecases\get_favourite_categories_usecase.dart", "Dart", 14, 0, 2, 16
"d:\projects\flutter\49\49-mobile-app\lib\features\account_taps\account\domain\usecases\get_favourite_subcategories_usecase.dart", "Dart", 15, 0, 2, 17
"d:\projects\flutter\49\49-mobile-app\lib\features\account_taps\account\presentation\cubit\account_cubit.dart", "Dart", 6, 0, 3, 9
"d:\projects\flutter\49\49-mobile-app\lib\features\account_taps\account\presentation\cubit\account_state.dart", "Dart", 7, 0, 4, 11
"d:\projects\flutter\49\49-mobile-app\lib\features\account_taps\account\presentation\cubit\managers\favourite_ads_cubit.dart", "Dart", 29, 0, 6, 35
"d:\projects\flutter\49\49-mobile-app\lib\features\account_taps\account\presentation\cubit\managers\favourite_categories_cubit.dart", "Dart", 30, 0, 4, 34
"d:\projects\flutter\49\49-mobile-app\lib\features\account_taps\account\presentation\cubit\managers\favourite_subcategories_cubit.dart", "Dart", 31, 0, 5, 36
"d:\projects\flutter\49\49-mobile-app\lib\features\account_taps\account\presentation\features\privacy\presentation\cubit\privacy_cubit.dart", "Dart", 6, 0, 3, 9
"d:\projects\flutter\49\49-mobile-app\lib\features\account_taps\account\presentation\features\privacy\presentation\cubit\privacy_state.dart", "Dart", 7, 0, 4, 11
"d:\projects\flutter\49\49-mobile-app\lib\features\account_taps\account\presentation\pages\favourite_category_view.dart", "Dart", 45, 0, 4, 49
"d:\projects\flutter\49\49-mobile-app\lib\features\account_taps\account\presentation\pages\favourite_subcategory_view.dart", "Dart", 275, 788, 24, 1087
"d:\projects\flutter\49\49-mobile-app\lib\features\account_taps\account\presentation\pages\favourite_view.dart", "Dart", 42, 0, 5, 47
"d:\projects\flutter\49\49-mobile-app\lib\features\account_taps\contact_us\data\datasources\contact_us_remote_datasource.dart", "Dart", 33, 0, 5, 38
"d:\projects\flutter\49\49-mobile-app\lib\features\account_taps\contact_us\data\models\contact_us_model.dart", "Dart", 17, 0, 4, 21
"d:\projects\flutter\49\49-mobile-app\lib\features\account_taps\contact_us\data\repositories\contact_us_repo_impl.dart", "Dart", 19, 0, 6, 25
"d:\projects\flutter\49\49-mobile-app\lib\features\account_taps\contact_us\domain\entities\contact_us_entity.dart", "Dart", 9, 0, 2, 11
"d:\projects\flutter\49\49-mobile-app\lib\features\account_taps\contact_us\domain\repositories\contact_us_repo.dart", "Dart", 8, 0, 3, 11
"d:\projects\flutter\49\49-mobile-app\lib\features\account_taps\contact_us\domain\usecases\create_contact_us_usecase.dart", "Dart", 13, 0, 2, 15
"d:\projects\flutter\49\49-mobile-app\lib\features\account_taps\contact_us\domain\usecases\get_contact_us_messages.dart", "Dart", 13, 0, 2, 15
"d:\projects\flutter\49\49-mobile-app\lib\features\account_taps\contact_us\presentation\cubit\contact_us_cubit.dart", "Dart", 28, 0, 5, 33
"d:\projects\flutter\49\49-mobile-app\lib\features\account_taps\contact_us\presentation\cubit\contact_us_state.dart", "Dart", 19, 0, 2, 21
"d:\projects\flutter\49\49-mobile-app\lib\features\account_taps\contact_us\presentation\pages\contact_us_view.dart", "Dart", 76, 0, 4, 80
"d:\projects\flutter\49\49-mobile-app\lib\features\account_taps\lists\data\datasources\lists_remote_datasource.dart", "Dart", 53, 0, 8, 61
"d:\projects\flutter\49\49-mobile-app\lib\features\account_taps\lists\data\models\users_list_model.dart", "Dart", 9, 0, 2, 11
"d:\projects\flutter\49\49-mobile-app\lib\features\account_taps\lists\data\repositories\lists_repo_impl.dart", "Dart", 25, 0, 8, 33
"d:\projects\flutter\49\49-mobile-app\lib\features\account_taps\lists\domain\entities\users_list_entity.dart", "Dart", 9, 0, 2, 11
"d:\projects\flutter\49\49-mobile-app\lib\features\account_taps\lists\domain\repositories\lists_repo.dart", "Dart", 9, 0, 3, 12
"d:\projects\flutter\49\49-mobile-app\lib\features\account_taps\lists\domain\usecases\get_blocked_usecase.dart", "Dart", 13, 0, 2, 15
"d:\projects\flutter\49\49-mobile-app\lib\features\account_taps\lists\domain\usecases\get_followers_usecase.dart", "Dart", 13, 0, 2, 15
"d:\projects\flutter\49\49-mobile-app\lib\features\account_taps\lists\domain\usecases\get_friend_requests_usecase.dart", "Dart", 14, 0, 2, 16
"d:\projects\flutter\49\49-mobile-app\lib\features\account_taps\lists\domain\usecases\get_friends_usecase.dart", "Dart", 13, 0, 2, 15
"d:\projects\flutter\49\49-mobile-app\lib\features\account_taps\lists\presentation\cubit\lists_cubit.dart", "Dart", 62, 0, 10, 72
"d:\projects\flutter\49\49-mobile-app\lib\features\account_taps\lists\presentation\cubit\lists_state.dart", "Dart", 45, 0, 5, 50
"d:\projects\flutter\49\49-mobile-app\lib\features\account_taps\lists\presentation\pages\lists_view.dart", "Dart", 172, 4, 7, 183
"d:\projects\flutter\49\49-mobile-app\lib\features\account_taps\lists\presentation\widgets\list_item_card.dart", "Dart", 12, 117, 5, 134
"d:\projects\flutter\49\49-mobile-app\lib\features\account_taps\my_adds\data\datasources\my_add_remote_datasource.dart", "Dart", 117, 2, 15, 134
"d:\projects\flutter\49\49-mobile-app\lib\features\account_taps\my_adds\data\repositories\my_ads_repo_impl.dart", "Dart", 61, 1, 16, 78
"d:\projects\flutter\49\49-mobile-app\lib\features\account_taps\my_adds\domain\repositories\my_ads_repo.dart", "Dart", 19, 0, 3, 22
"d:\projects\flutter\49\49-mobile-app\lib\features\account_taps\my_adds\domain\usecases\accept_come_with_me_usecase.dart", "Dart", 12, 0, 2, 14
"d:\projects\flutter\49\49-mobile-app\lib\features\account_taps\my_adds\domain\usecases\accept_pick_me_usecase.dart", "Dart", 12, 0, 2, 14
"d:\projects\flutter\49\49-mobile-app\lib\features\account_taps\my_adds\domain\usecases\cancel_ad_usecase.dart", "Dart", 12, 0, 2, 14
"d:\projects\flutter\49\49-mobile-app\lib\features\account_taps\my_adds\domain\usecases\delete_come_with_me_usecase.dart", "Dart", 12, 0, 2, 14
"d:\projects\flutter\49\49-mobile-app\lib\features\account_taps\my_adds\domain\usecases\delete_pick_me_usecase.dart", "Dart", 12, 0, 2, 14
"d:\projects\flutter\49\49-mobile-app\lib\features\account_taps\my_adds\domain\usecases\get_my_ads_usecase.dart", "Dart", 13, 0, 3, 16
"d:\projects\flutter\49\49-mobile-app\lib\features\account_taps\my_adds\domain\usecases\get_my_auctions_usecase.dart", "Dart", 13, 0, 3, 16
"d:\projects\flutter\49\49-mobile-app\lib\features\account_taps\my_adds\domain\usecases\get_my_come_with_you_usecase.dart", "Dart", 14, 0, 4, 18
"d:\projects\flutter\49\49-mobile-app\lib\features\account_taps\my_adds\domain\usecases\get_my_pick_me_usecase.dart", "Dart", 14, 0, 3, 17
"d:\projects\flutter\49\49-mobile-app\lib\features\account_taps\my_adds\domain\usecases\reject_come_with_me_usecase.dart", "Dart", 12, 0, 2, 14
"d:\projects\flutter\49\49-mobile-app\lib\features\account_taps\my_adds\domain\usecases\reject_pick_me_usecase.dart", "Dart", 12, 0, 2, 14
"d:\projects\flutter\49\49-mobile-app\lib\features\account_taps\my_adds\presentation\cubit\my_adds_cubit.dart", "Dart", 150, 0, 18, 168
"d:\projects\flutter\49\49-mobile-app\lib\features\account_taps\my_adds\presentation\cubit\my_adds_state.dart", "Dart", 39, 0, 4, 43
"d:\projects\flutter\49\49-mobile-app\lib\features\account_taps\my_adds\presentation\pages\my_adds.dart", "Dart", 171, 0, 10, 181
"d:\projects\flutter\49\49-mobile-app\lib\features\account_taps\my_adds\presentation\widgets\my_ad_card.dart", "Dart", 200, 12, 8, 220
"d:\projects\flutter\49\49-mobile-app\lib\features\account_taps\policies\presentation\cubit\policies_cubit.dart", "Dart", 6, 0, 3, 9
"d:\projects\flutter\49\49-mobile-app\lib\features\account_taps\policies\presentation\cubit\policies_state.dart", "Dart", 7, 0, 4, 11
"d:\projects\flutter\49\49-mobile-app\lib\features\account_taps\policies\presentation\pages\policy_view.dart", "Dart", 21, 0, 4, 25
"d:\projects\flutter\49\49-mobile-app\lib\features\account_taps\privacy\domain\entities\privacy_status_enum.dart", "Dart", 7, 0, 1, 8
"d:\projects\flutter\49\49-mobile-app\lib\features\account_taps\privacy\presentation\cubit\privacy_cubit.dart", "Dart", 6, 0, 3, 9
"d:\projects\flutter\49\49-mobile-app\lib\features\account_taps\privacy\presentation\cubit\privacy_state.dart", "Dart", 7, 0, 4, 11
"d:\projects\flutter\49\49-mobile-app\lib\features\account_taps\privacy\presentation\pages\privacy_view.dart", "Dart", 112, 0, 4, 116
"d:\projects\flutter\49\49-mobile-app\lib\features\account_taps\privacy\presentation\widgets\privacy_muti_select_item.dart", "Dart", 113, 0, 6, 119
"d:\projects\flutter\49\49-mobile-app\lib\features\account_taps\privacy\presentation\widgets\privacy_switch_item.dart", "Dart", 46, 0, 5, 51
"d:\projects\flutter\49\49-mobile-app\lib\features\account_taps\settings\presentation\cubit\settings_cubit.dart", "Dart", 6, 0, 3, 9
"d:\projects\flutter\49\49-mobile-app\lib\features\account_taps\settings\presentation\cubit\settings_state.dart", "Dart", 7, 0, 4, 11
"d:\projects\flutter\49\49-mobile-app\lib\features\account_taps\settings\presentation\pages\settings_view.dart", "Dart", 8, 0, 3, 11
"d:\projects\flutter\49\49-mobile-app\lib\features\account_taps\share_app\presentation\cubit\share_app_cubit.dart", "Dart", 26, 0, 10, 36
"d:\projects\flutter\49\49-mobile-app\lib\features\account_taps\share_app\presentation\cubit\share_app_state.dart", "Dart", 7, 0, 4, 11
"d:\projects\flutter\49\49-mobile-app\lib\features\account_taps\share_app\presentation\pages\share_the_app.dart", "Dart", 251, 1, 10, 262
"d:\projects\flutter\49\49-mobile-app\lib\features\account_taps\transfer_money\presentation\cubit\transfer_money_cubit.dart", "Dart", 6, 0, 3, 9
"d:\projects\flutter\49\49-mobile-app\lib\features\account_taps\transfer_money\presentation\cubit\transfer_money_state.dart", "Dart", 7, 0, 4, 11
"d:\projects\flutter\49\49-mobile-app\lib\features\account_taps\transfer_money\presentation\pages\transfer_money_view.dart", "Dart", 84, 0, 5, 89
"d:\projects\flutter\49\49-mobile-app\lib\features\account_taps\wallet\data\datasources\wallet_remote_datasource.dart", "Dart", 49, 1, 6, 56
"d:\projects\flutter\49\49-mobile-app\lib\features\account_taps\wallet\data\models\competition_model.dart", "Dart", 18, 0, 2, 20
"d:\projects\flutter\49\49-mobile-app\lib\features\account_taps\wallet\data\models\wallet_history_model.dart", "Dart", 15, 0, 2, 17
"d:\projects\flutter\49\49-mobile-app\lib\features\account_taps\wallet\data\models\wallet_model.dart", "Dart", 2, 0, 2, 4
"d:\projects\flutter\49\49-mobile-app\lib\features\account_taps\wallet\data\repositories\wallet_repo_impl.dart", "Dart", 25, 0, 9, 34
"d:\projects\flutter\49\49-mobile-app\lib\features\account_taps\wallet\domain\entities\competition_entity.dart", "Dart", 14, 0, 1, 15
"d:\projects\flutter\49\49-mobile-app\lib\features\account_taps\wallet\domain\entities\wallet_entity.dart", "Dart", 1, 0, 1, 2
"d:\projects\flutter\49\49-mobile-app\lib\features\account_taps\wallet\domain\entities\wallet_history_entity.dart", "Dart", 11, 0, 1, 12
"d:\projects\flutter\49\49-mobile-app\lib\features\account_taps\wallet\domain\repositories\wallet_repo.dart", "Dart", 12, 0, 3, 15
"d:\projects\flutter\49\49-mobile-app\lib\features\account_taps\wallet\domain\usecases\get_competitions_usecase.dart", "Dart", 14, 0, 3, 17
"d:\projects\flutter\49\49-mobile-app\lib\features\account_taps\wallet\domain\usecases\get_wallet_history_usecase.dart", "Dart", 15, 0, 3, 18
"d:\projects\flutter\49\49-mobile-app\lib\features\account_taps\wallet\domain\usecases\get_wallet_usecase.dart", "Dart", 13, 0, 3, 16
"d:\projects\flutter\49\49-mobile-app\lib\features\account_taps\wallet\presentation\cubit\wallet_cubit.dart", "Dart", 62, 0, 9, 71
"d:\projects\flutter\49\49-mobile-app\lib\features\account_taps\wallet\presentation\cubit\wallet_state.dart", "Dart", 31, 0, 3, 34
"d:\projects\flutter\49\49-mobile-app\lib\features\account_taps\wallet\presentation\pages\balance_wallet_view.dart", "Dart", 113, 0, 5, 118
"d:\projects\flutter\49\49-mobile-app\lib\features\account_taps\wallet\presentation\pages\gift_wallet_view.dart", "Dart", 55, 0, 5, 60
"d:\projects\flutter\49\49-mobile-app\lib\features\account_taps\wallet\presentation\pages\normal_wallet_view.dart", "Dart", 140, 4, 7, 151
"d:\projects\flutter\49\49-mobile-app\lib\features\account_taps\wallet\presentation\pages\wallet_history.dart", "Dart", 107, 3, 7, 117
"d:\projects\flutter\49\49-mobile-app\lib\features\account_taps\wallet\presentation\pages\wallet_view.dart", "Dart", 119, 65, 8, 192
"d:\projects\flutter\49\49-mobile-app\lib\features\account_taps\wallet\presentation\widgets\competition_card.dart", "Dart", 87, 0, 5, 92
"d:\projects\flutter\49\49-mobile-app\lib\features\account_taps\wallet\presentation\widgets\semi_circle_indicator.dart", "Dart", 64, 2, 11, 77
"d:\projects\flutter\49\49-mobile-app\lib\features\account_taps\wallet\presentation\widgets\subscription_widget.dart", "Dart", 32, 0, 5, 37
"d:\projects\flutter\49\49-mobile-app\lib\features\account_taps\wallet\presentation\widgets\wallet_card_widget.dart", "Dart", 78, 0, 4, 82
"d:\projects\flutter\49\49-mobile-app\lib\features\account_taps\wallet\presentation\widgets\wallet_history_card.dart", "Dart", 44, 0, 4, 48
"d:\projects\flutter\49\49-mobile-app\lib\features\ads_feature\ad_details\data\datasources\ad_details_remote_data_source.dart", "Dart", 42, 0, 7, 49
"d:\projects\flutter\49\49-mobile-app\lib\features\ads_feature\ad_details\data\repositories\ad_details_repo_impl.dart", "Dart", 24, 0, 7, 31
"d:\projects\flutter\49\49-mobile-app\lib\features\ads_feature\ad_details\domain\repositories\ad_details_repo.dart", "Dart", 10, 0, 3, 13
"d:\projects\flutter\49\49-mobile-app\lib\features\ads_feature\ad_details\domain\usecases\get_ad_details_usecase.dart", "Dart", 13, 0, 4, 17
"d:\projects\flutter\49\49-mobile-app\lib\features\ads_feature\ad_details\domain\usecases\get_relevant_ads_usecase.dart", "Dart", 13, 0, 4, 17
"d:\projects\flutter\49\49-mobile-app\lib\features\ads_feature\ad_details\domain\usecases\make_ad_request_usecase.dart", "Dart", 21, 0, 4, 25
"d:\projects\flutter\49\49-mobile-app\lib\features\ads_feature\ad_details\presentation\cubit\ad_details_cubit.dart", "Dart", 56, 0, 9, 65
"d:\projects\flutter\49\49-mobile-app\lib\features\ads_feature\ad_details\presentation\cubit\ad_details_state.dart", "Dart", 33, 0, 4, 37
"d:\projects\flutter\49\49-mobile-app\lib\features\ads_feature\ad_details\presentation\pages\ad_details_view.dart", "Dart", 319, 3, 13, 335
"d:\projects\flutter\49\49-mobile-app\lib\features\ads_feature\ads\data\datasources\ads_remote_data_source.dart", "Dart", 64, 0, 10, 74
"d:\projects\flutter\49\49-mobile-app\lib\features\ads_feature\ads\data\models\Ad_model.dart", "Dart", 68, 0, 3, 71
"d:\projects\flutter\49\49-mobile-app\lib\features\ads_feature\ads\data\models\ad_statistics_model.dart", "Dart", 16, 0, 2, 18
"d:\projects\flutter\49\49-mobile-app\lib\features\ads_feature\ads\data\models\detail_model.dart", "Dart", 12, 0, 2, 14
"d:\projects\flutter\49\49-mobile-app\lib\features\ads_feature\ads\data\models\publisher_model.dart", "Dart", 22, 0, 2, 24
"d:\projects\flutter\49\49-mobile-app\lib\features\ads_feature\ads\data\repositories\ads_repo_impl.dart", "Dart", 33, 0, 8, 41
"d:\projects\flutter\49\49-mobile-app\lib\features\ads_feature\ads\domain\entities\ad_entity.dart", "Dart", 39, 0, 5, 44
"d:\projects\flutter\49\49-mobile-app\lib\features\ads_feature\ads\domain\entities\ad_statistics_entity.dart", "Dart", 11, 0, 1, 12
"d:\projects\flutter\49\49-mobile-app\lib\features\ads_feature\ads\domain\entities\detail_entity.dart", "Dart", 6, 0, 2, 8
"d:\projects\flutter\49\49-mobile-app\lib\features\ads_feature\ads\domain\entities\publisher_entity.dart", "Dart", 17, 0, 2, 19
"d:\projects\flutter\49\49-mobile-app\lib\features\ads_feature\ads\domain\repositories\ads_repo.dart", "Dart", 14, 0, 3, 17
"d:\projects\flutter\49\49-mobile-app\lib\features\ads_feature\ads\domain\usecases\get_ads_usecase.dart", "Dart", 13, 0, 4, 17
"d:\projects\flutter\49\49-mobile-app\lib\features\ads_feature\ads\domain\usecases\get_all_comewithme_usecase.dart", "Dart", 13, 0, 3, 16
"d:\projects\flutter\49\49-mobile-app\lib\features\ads_feature\ads\domain\usecases\get_all_pickme_usecase.dart", "Dart", 13, 0, 3, 16
"d:\projects\flutter\49\49-mobile-app\lib\features\ads_feature\ads\domain\usecases\request_come_with_me_usecase.dart", "Dart", 23, 0, 4, 27
"d:\projects\flutter\49\49-mobile-app\lib\features\ads_feature\ads\domain\usecases\request_pick_me_usecase.dart", "Dart", 13, 0, 2, 15
"d:\projects\flutter\49\49-mobile-app\lib\features\ads_feature\ads\presentation\cubit\ads_cubit.dart", "Dart", 113, 0, 10, 123
"d:\projects\flutter\49\49-mobile-app\lib\features\ads_feature\ads\presentation\cubit\ads_state.dart", "Dart", 36, 0, 4, 40
"d:\projects\flutter\49\49-mobile-app\lib\features\ads_feature\ads\presentation\pages\ads_view.dart", "Dart", 118, 1, 11, 130
"d:\projects\flutter\49\49-mobile-app\lib\features\ads_feature\ads\presentation\widgets\ad_card.dart", "Dart", 111, 3, 4, 118
"d:\projects\flutter\49\49-mobile-app\lib\features\ads_feature\create_ad\data\datasources\create_ad_remote_datasource.dart", "Dart", 35, 0, 5, 40
"d:\projects\flutter\49\49-mobile-app\lib\features\ads_feature\create_ad\data\models\ad_property_model.dart", "Dart", 18, 0, 3, 21
"d:\projects\flutter\49\49-mobile-app\lib\features\ads_feature\create_ad\data\repositories\create_ad_repo_impl.dart", "Dart", 20, 0, 6, 26
"d:\projects\flutter\49\49-mobile-app\lib\features\ads_feature\create_ad\domain\entities\ad_properties_entity.dart", "Dart", 34, 0, 4, 38
"d:\projects\flutter\49\49-mobile-app\lib\features\ads_feature\create_ad\domain\entities\categorization_entity.dart", "Dart", 7, 0, 3, 10
"d:\projects\flutter\49\49-mobile-app\lib\features\ads_feature\create_ad\domain\repositories\create_ad_repo.dart", "Dart", 10, 0, 3, 13
"d:\projects\flutter\49\49-mobile-app\lib\features\ads_feature\create_ad\domain\usecases\create_ad_usecase.dart", "Dart", 15, 0, 5, 20
"d:\projects\flutter\49\49-mobile-app\lib\features\ads_feature\create_ad\domain\usecases\get_ad_properties_usecase.dart", "Dart", 15, 0, 4, 19
"d:\projects\flutter\49\49-mobile-app\lib\features\ads_feature\create_ad\presentation\cubit\create_ad_cubit.dart", "Dart", 93, 0, 17, 110
"d:\projects\flutter\49\49-mobile-app\lib\features\ads_feature\create_ad\presentation\cubit\create_ad_state.dart", "Dart", 48, 0, 6, 54
"d:\projects\flutter\49\49-mobile-app\lib\features\ads_feature\create_ad\presentation\pages\create_ad.dart", "Dart", 242, 2, 9, 253
"d:\projects\flutter\49\49-mobile-app\lib\features\ads_feature\create_ad\presentation\widgets\ad_dynamic_inputs.dart", "Dart", 142, 0, 11, 153
"d:\projects\flutter\49\49-mobile-app\lib\features\ads_feature\create_ad\presentation\widgets\select_main_category.dart", "Dart", 37, 0, 4, 41
"d:\projects\flutter\49\49-mobile-app\lib\features\ads_feature\create_ad\presentation\widgets\select_sub_category.dart", "Dart", 37, 0, 5, 42
"d:\projects\flutter\49\49-mobile-app\lib\features\ads_feature\create_company_ad\data\datasources\create_company_ad_remote_datasource.dart", "Dart", 23, 0, 4, 27
"d:\projects\flutter\49\49-mobile-app\lib\features\ads_feature\create_company_ad\data\models\company_ad_model.dart", "Dart", 16, 0, 2, 18
"d:\projects\flutter\49\49-mobile-app\lib\features\ads_feature\create_company_ad\data\models\company_ad_option_model.dart", "Dart", 9, 0, 3, 12
"d:\projects\flutter\49\49-mobile-app\lib\features\ads_feature\create_company_ad\data\repositories\create_company_ad_repo_impl.dart", "Dart", 13, 0, 5, 18
"d:\projects\flutter\49\49-mobile-app\lib\features\ads_feature\create_company_ad\domain\entities\company_ad_entity.dart", "Dart", 8, 0, 2, 10
"d:\projects\flutter\49\49-mobile-app\lib\features\ads_feature\create_company_ad\domain\entities\company_ad_option_entity.dart", "Dart", 7, 0, 1, 8
"d:\projects\flutter\49\49-mobile-app\lib\features\ads_feature\create_company_ad\domain\repositories\create_company_ad_repo.dart", "Dart", 6, 0, 3, 9
"d:\projects\flutter\49\49-mobile-app\lib\features\ads_feature\create_company_ad\domain\usecases\get_company_ads_options_usecase.dart", "Dart", 14, 0, 2, 16
"d:\projects\flutter\49\49-mobile-app\lib\features\ads_feature\create_company_ad\presentation\cubit\create_company_ad_cubit.dart", "Dart", 44, 0, 10, 54
"d:\projects\flutter\49\49-mobile-app\lib\features\ads_feature\create_company_ad\presentation\cubit\create_company_ad_state.dart", "Dart", 26, 0, 2, 28
"d:\projects\flutter\49\49-mobile-app\lib\features\ads_feature\create_company_ad\presentation\pages\create_company_ad.dart", "Dart", 119, 0, 6, 125
"d:\projects\flutter\49\49-mobile-app\lib\features\authentication\data\data_sources\local_data_source\auth_local_data_source.dart", "Dart", 76, 0, 15, 91
"d:\projects\flutter\49\49-mobile-app\lib\features\authentication\data\data_sources\remote_data_source\auth_remote_data_source.dart", "Dart", 170, 0, 25, 195
"d:\projects\flutter\49\49-mobile-app\lib\features\authentication\data\data_sources\remote_data_source\user_remote_data_source.dart", "Dart", 26, 1, 7, 34
"d:\projects\flutter\49\49-mobile-app\lib\features\authentication\data\data_sources\remote_data_source\wallet_data_source.dart", "Dart", 26, 10, 4, 40
"d:\projects\flutter\49\49-mobile-app\lib\features\authentication\data\data_sources\remote_data_source\wallet_datasource.dart", "Dart", 26, 10, 4, 40
"d:\projects\flutter\49\49-mobile-app\lib\features\authentication\data\models\base_user_model.dart", "Dart", 17, 0, 3, 20
"d:\projects\flutter\49\49-mobile-app\lib\features\authentication\data\models\user_model.dart", "Dart", 37, 0, 3, 40
"d:\projects\flutter\49\49-mobile-app\lib\features\authentication\data\models\user_tokens_model.dart", "Dart", 17, 0, 4, 21
"d:\projects\flutter\49\49-mobile-app\lib\features\authentication\data\models\wallet_model.dart", "Dart", 116, 0, 4, 120
"d:\projects\flutter\49\49-mobile-app\lib\features\authentication\data\repositories\auth_repository_impl.dart", "Dart", 141, 2, 23, 166
"d:\projects\flutter\49\49-mobile-app\lib\features\authentication\data\repositories\user_repository_impl.dart", "Dart", 14, 4, 5, 23
"d:\projects\flutter\49\49-mobile-app\lib\features\authentication\data\repositories\wallet_repository.dart", "Dart", 13, 0, 3, 16
"d:\projects\flutter\49\49-mobile-app\lib\features\authentication\domain\entities\base_user_entity.dart", "Dart", 21, 0, 5, 26
"d:\projects\flutter\49\49-mobile-app\lib\features\authentication\domain\entities\user_entity.dart", "Dart", 49, 0, 5, 54
"d:\projects\flutter\49\49-mobile-app\lib\features\authentication\domain\entities\user_tokens_entity.dart", "Dart", 27, 0, 6, 33
"d:\projects\flutter\49\49-mobile-app\lib\features\authentication\domain\repositories\auth_repository.dart", "Dart", 32, 1, 7, 40
"d:\projects\flutter\49\49-mobile-app\lib\features\authentication\domain\repositories\user_repository.dart", "Dart", 8, 0, 4, 12
"d:\projects\flutter\49\49-mobile-app\lib\features\authentication\domain\use_cases\apple_sign_in_usecase.dart", "Dart", 13, 0, 5, 18
"d:\projects\flutter\49\49-mobile-app\lib\features\authentication\domain\use_cases\attach_token_use_case.dart", "Dart", 11, 0, 5, 16
"d:\projects\flutter\49\49-mobile-app\lib\features\authentication\domain\use_cases\create_new_forget_password_use_case.dart", "Dart", 35, 0, 8, 43
"d:\projects\flutter\49\49-mobile-app\lib\features\authentication\domain\use_cases\facebook_sign_in_use_case.dart", "Dart", 13, 0, 4, 17
"d:\projects\flutter\49\49-mobile-app\lib\features\authentication\domain\use_cases\get_tokens_use_case.dart", "Dart", 13, 0, 4, 17
"d:\projects\flutter\49\49-mobile-app\lib\features\authentication\domain\use_cases\get_user_use_case.dart", "Dart", 13, 0, 4, 17
"d:\projects\flutter\49\49-mobile-app\lib\features\authentication\domain\use_cases\get_wallet_use_case.dart", "Dart", 0, 0, 2, 2
"d:\projects\flutter\49\49-mobile-app\lib\features\authentication\domain\use_cases\get_welcome_gift_use_case.dart", "Dart", 12, 0, 5, 17
"d:\projects\flutter\49\49-mobile-app\lib\features\authentication\domain\use_cases\google_sign_in_use_case.dart", "Dart", 25, 1, 9, 35
"d:\projects\flutter\49\49-mobile-app\lib\features\authentication\domain\use_cases\login_use_case.dart", "Dart", 33, 1, 9, 43
"d:\projects\flutter\49\49-mobile-app\lib\features\authentication\domain\use_cases\register_use_case.dart", "Dart", 49, 0, 9, 58
"d:\projects\flutter\49\49-mobile-app\lib\features\authentication\domain\use_cases\resend_otp_use_case.dart", "Dart", 22, 0, 8, 30
"d:\projects\flutter\49\49-mobile-app\lib\features\authentication\domain\use_cases\save_tokens_use_case.dart", "Dart", 13, 0, 4, 17
"d:\projects\flutter\49\49-mobile-app\lib\features\authentication\domain\use_cases\send_forget_password_otp_use_case.dart", "Dart", 22, 0, 8, 30
"d:\projects\flutter\49\49-mobile-app\lib\features\authentication\domain\use_cases\sign_out_usecase.dart", "Dart", 12, 0, 5, 17
"d:\projects\flutter\49\49-mobile-app\lib\features\authentication\domain\use_cases\verify_forget_password_otp_use_case.dart", "Dart", 31, 0, 8, 39
"d:\projects\flutter\49\49-mobile-app\lib\features\authentication\domain\use_cases\verify_otp_use_case.dart", "Dart", 31, 0, 8, 39
"d:\projects\flutter\49\49-mobile-app\lib\features\authentication\presentation\controllers\create_new_forgot_password_cubit\create_new_forgot_password_cubit.dart", "Dart", 34, 0, 6, 40
"d:\projects\flutter\49\49-mobile-app\lib\features\authentication\presentation\controllers\create_new_forgot_password_cubit\create_new_forgot_password_state.dart", "Dart", 14, 0, 7, 21
"d:\projects\flutter\49\49-mobile-app\lib\features\authentication\presentation\controllers\forgot_password_cubit\forgot_password_cubit.dart", "Dart", 29, 0, 5, 34
"d:\projects\flutter\49\49-mobile-app\lib\features\authentication\presentation\controllers\forgot_password_cubit\forgot_password_state.dart", "Dart", 10, 0, 7, 17
"d:\projects\flutter\49\49-mobile-app\lib\features\authentication\presentation\controllers\login_cubit\login_cubit.dart", "Dart", 105, 0, 10, 115
"d:\projects\flutter\49\49-mobile-app\lib\features\authentication\presentation\controllers\login_cubit\login_state.dart", "Dart", 12, 0, 7, 19
"d:\projects\flutter\49\49-mobile-app\lib\features\authentication\presentation\controllers\register_cubit\register_cubit.dart", "Dart", 102, 0, 11, 113
"d:\projects\flutter\49\49-mobile-app\lib\features\authentication\presentation\controllers\register_cubit\register_state.dart", "Dart", 11, 0, 8, 19
"d:\projects\flutter\49\49-mobile-app\lib\features\authentication\presentation\controllers\user_cubit\get_wallet_cubit.dart", "Dart", 22, 0, 4, 26
"d:\projects\flutter\49\49-mobile-app\lib\features\authentication\presentation\controllers\user_cubit\get_wallet_state.dart", "Dart", 8, 0, 6, 14
"d:\projects\flutter\49\49-mobile-app\lib\features\authentication\presentation\controllers\user_cubit\user_cubit.dart", "Dart", 95, 15, 17, 127
"d:\projects\flutter\49\49-mobile-app\lib\features\authentication\presentation\controllers\verify_forgot_password_otp\verify_forgot_password_otp_cubit.dart", "Dart", 25, 0, 8, 33
"d:\projects\flutter\49\49-mobile-app\lib\features\authentication\presentation\controllers\verify_forgot_password_otp\verify_forgot_password_otp_state.dart", "Dart", 14, 0, 7, 21
"d:\projects\flutter\49\49-mobile-app\lib\features\authentication\presentation\controllers\verify_otp_cubit\verify_otp_cubit.dart", "Dart", 46, 0, 8, 54
"d:\projects\flutter\49\49-mobile-app\lib\features\authentication\presentation\controllers\verify_otp_cubit\verify_otp_state.dart", "Dart", 16, 0, 11, 27
"d:\projects\flutter\49\49-mobile-app\lib\features\authentication\presentation\pages\forgot_password\create_new_forget_password_view.dart", "Dart", 78, 0, 6, 84
"d:\projects\flutter\49\49-mobile-app\lib\features\authentication\presentation\pages\forgot_password\enter_email_forgot_password_view.dart", "Dart", 66, 0, 5, 71
"d:\projects\flutter\49\49-mobile-app\lib\features\authentication\presentation\pages\forgot_password\forget_password_otp_verification_view.dart", "Dart", 111, 0, 6, 117
"d:\projects\flutter\49\49-mobile-app\lib\features\authentication\presentation\pages\login_view.dart", "Dart", 530, 144, 18, 692
"d:\projects\flutter\49\49-mobile-app\lib\features\authentication\presentation\pages\register\register_verify_otp.dart", "Dart", 117, 0, 7, 124
"d:\projects\flutter\49\49-mobile-app\lib\features\authentication\presentation\pages\register\register_view.dart", "Dart", 241, 4, 8, 253
"d:\projects\flutter\49\49-mobile-app\lib\features\authentication\presentation\widgets\log_out_widget.dart", "Dart", 56, 0, 5, 61
"d:\projects\flutter\49\49-mobile-app\lib\features\azkaar\presentation\cubit\azkaar_cubit.dart", "Dart", 6, 0, 3, 9
"d:\projects\flutter\49\49-mobile-app\lib\features\azkaar\presentation\cubit\azkaar_state.dart", "Dart", 7, 0, 4, 11
"d:\projects\flutter\49\49-mobile-app\lib\features\azkaar\presentation\pages\azkar_view.dart", "Dart", 11, 0, 4, 15
"d:\projects\flutter\49\49-mobile-app\lib\features\competition\presentation\pages\competition_view.dart", "Dart", 202, 2, 9, 213
"d:\projects\flutter\49\49-mobile-app\lib\features\competition\presentation\pages\winners.dart", "Dart", 73, 0, 5, 78
"d:\projects\flutter\49\49-mobile-app\lib\features\favorites\presentation\cubit\favorites_cubit.dart", "Dart", 6, 0, 3, 9
"d:\projects\flutter\49\49-mobile-app\lib\features\favorites\presentation\cubit\favorites_state.dart", "Dart", 7, 0, 4, 11
"d:\projects\flutter\49\49-mobile-app\lib\features\food_feature\cusine_restaurants\presentation\cubit\cusine_restaurants_cubit.dart", "Dart", 25, 0, 8, 33
"d:\projects\flutter\49\49-mobile-app\lib\features\food_feature\cusine_restaurants\presentation\cubit\cusine_restaurants_state.dart", "Dart", 29, 0, 5, 34
"d:\projects\flutter\49\49-mobile-app\lib\features\food_feature\cusine_restaurants\presentation\pages\cusine_restaurants_view.dart", "Dart", 31, 1, 4, 36
"d:\projects\flutter\49\49-mobile-app\lib\features\food_feature\food_cart\data\datasources\food_cart_remote_datasource.dart", "Dart", 38, 0, 7, 45
"d:\projects\flutter\49\49-mobile-app\lib\features\food_feature\food_cart\data\models\cart_item_model.dart", "Dart", 24, 0, 3, 27
"d:\projects\flutter\49\49-mobile-app\lib\features\food_feature\food_cart\data\models\cart_model.dart", "Dart", 12, 0, 3, 15
"d:\projects\flutter\49\49-mobile-app\lib\features\food_feature\food_cart\data\models\food_cart_model.dart", "Dart", 18, 0, 2, 20
"d:\projects\flutter\49\49-mobile-app\lib\features\food_feature\food_cart\data\models\master_model.dart", "Dart", 10, 0, 2, 12
"d:\projects\flutter\49\49-mobile-app\lib\features\food_feature\food_cart\data\repositories\food_cart_repo_impl.dart", "Dart", 23, 0, 8, 31
"d:\projects\flutter\49\49-mobile-app\lib\features\food_feature\food_cart\domain\entities\cart_entity.dart", "Dart", 6, 0, 2, 8
"d:\projects\flutter\49\49-mobile-app\lib\features\food_feature\food_cart\domain\entities\cart_item_entity.dart", "Dart", 15, 0, 3, 18
"d:\projects\flutter\49\49-mobile-app\lib\features\food_feature\food_cart\domain\entities\food_cart_entity.dart", "Dart", 11, 0, 4, 15
"d:\projects\flutter\49\49-mobile-app\lib\features\food_feature\food_cart\domain\entities\master_entity.dart", "Dart", 5, 0, 1, 6
"d:\projects\flutter\49\49-mobile-app\lib\features\food_feature\food_cart\domain\repositories\food_cart_repo.dart", "Dart", 12, 0, 3, 15
"d:\projects\flutter\49\49-mobile-app\lib\features\food_feature\food_cart\domain\usecases\get_cart_usecase.dart", "Dart", 13, 0, 2, 15
"d:\projects\flutter\49\49-mobile-app\lib\features\food_feature\food_cart\domain\usecases\place_order_usecase.dart", "Dart", 12, 0, 2, 14
"d:\projects\flutter\49\49-mobile-app\lib\features\food_feature\food_cart\domain\usecases\remove_from_cart_usecase.dart", "Dart", 19, 0, 3, 22
"d:\projects\flutter\49\49-mobile-app\lib\features\food_feature\food_cart\presentation\cubit\food_cart_cubit.dart", "Dart", 32, 0, 5, 37
"d:\projects\flutter\49\49-mobile-app\lib\features\food_feature\food_cart\presentation\pages\cart_view.dart", "Dart", 45, 1, 4, 50
"d:\projects\flutter\49\49-mobile-app\lib\features\food_feature\restaurant_dashboard\data\datasources\restaurant_dashboard_remote_datasource.dart", "Dart", 38, 0, 7, 45
"d:\projects\flutter\49\49-mobile-app\lib\features\food_feature\restaurant_dashboard\data\repositories\restaurant_dashboard_repo_impl.dart", "Dart", 25, 0, 8, 33
"d:\projects\flutter\49\49-mobile-app\lib\features\food_feature\restaurant_dashboard\domain\repositories\restaurant_dashboard_repo.dart", "Dart", 9, 0, 3, 12
"d:\projects\flutter\49\49-mobile-app\lib\features\food_feature\restaurant_dashboard\domain\usecases\get_restaurant_orders_usecase.dart", "Dart", 14, 0, 5, 19
"d:\projects\flutter\49\49-mobile-app\lib\features\food_feature\restaurant_dashboard\presentation\cubit\restaurant_dashboard_cubit.dart", "Dart", 40, 0, 9, 49
"d:\projects\flutter\49\49-mobile-app\lib\features\food_feature\restaurant_dashboard\presentation\cubit\restaurant_dashboard_state.dart", "Dart", 28, 0, 3, 31
"d:\projects\flutter\49\49-mobile-app\lib\features\food_feature\restaurant_dashboard\presentation\pages\restaurant_dashboard_view.dart", "Dart", 61, 0, 4, 65
"d:\projects\flutter\49\49-mobile-app\lib\features\food_feature\restaurant_dashboard\presentation\widgets\restaurant_order_card.dart", "Dart", 133, 1, 8, 142
"d:\projects\flutter\49\49-mobile-app\lib\features\food_feature\restaurant_details\data\datasources\restaurant_details_remote_data_source.dart", "Dart", 45, 0, 7, 52
"d:\projects\flutter\49\49-mobile-app\lib\features\food_feature\restaurant_details\data\models\meal_model.dart", "Dart", 35, 0, 3, 38
"d:\projects\flutter\49\49-mobile-app\lib\features\food_feature\restaurant_details\data\models\option_model.dart", "Dart", 11, 0, 2, 13
"d:\projects\flutter\49\49-mobile-app\lib\features\food_feature\restaurant_details\data\models\selected_meal_model.dart", "Dart", 20, 0, 4, 24
"d:\projects\flutter\49\49-mobile-app\lib\features\food_feature\restaurant_details\data\models\selected_variation_model.dart", "Dart", 12, 0, 4, 16
"d:\projects\flutter\49\49-mobile-app\lib\features\food_feature\restaurant_details\data\models\variation_model.dart", "Dart", 15, 0, 2, 17
"d:\projects\flutter\49\49-mobile-app\lib\features\food_feature\restaurant_details\data\repositories\restaurant_details_repo_impl.dart", "Dart", 25, 0, 6, 31
"d:\projects\flutter\49\49-mobile-app\lib\features\food_feature\restaurant_details\domain\entities\meal_entity.dart", "Dart", 24, 0, 3, 27
"d:\projects\flutter\49\49-mobile-app\lib\features\food_feature\restaurant_details\domain\entities\option_entity.dart", "Dart", 6, 0, 1, 7
"d:\projects\flutter\49\49-mobile-app\lib\features\food_feature\restaurant_details\domain\entities\selected_meal_entity.dart", "Dart", 27, 0, 4, 31
"d:\projects\flutter\49\49-mobile-app\lib\features\food_feature\restaurant_details\domain\entities\variation_entity.dart", "Dart", 11, 0, 2, 13
"d:\projects\flutter\49\49-mobile-app\lib\features\food_feature\restaurant_details\domain\repositories\restaurant_details_repo.dart", "Dart", 12, 0, 5, 17
"d:\projects\flutter\49\49-mobile-app\lib\features\food_feature\restaurant_details\domain\usecases\add_to_cart_usecase.dart", "Dart", 13, 0, 5, 18
"d:\projects\flutter\49\49-mobile-app\lib\features\food_feature\restaurant_details\domain\usecases\get_meals_usecase.dart", "Dart", 13, 0, 4, 17
"d:\projects\flutter\49\49-mobile-app\lib\features\food_feature\restaurant_details\domain\usecases\get_restaurant_details_usecase.dart", "Dart", 13, 0, 4, 17
"d:\projects\flutter\49\49-mobile-app\lib\features\food_feature\restaurant_details\presentation\cubit\restaurant_details_cubit.dart", "Dart", 59, 0, 11, 70
"d:\projects\flutter\49\49-mobile-app\lib\features\food_feature\restaurant_details\presentation\cubit\restaurant_details_state.dart", "Dart", 35, 0, 5, 40
"d:\projects\flutter\49\49-mobile-app\lib\features\food_feature\restaurant_details\presentation\pages\restaurant_details_view.dart", "Dart", 112, 1, 10, 123
"d:\projects\flutter\49\49-mobile-app\lib\features\food_feature\restaurant_details\presentation\widgets\cart_item_card.dart", "Dart", 76, 0, 4, 80
"d:\projects\flutter\49\49-mobile-app\lib\features\food_feature\restaurant_details\presentation\widgets\meal_card.dart", "Dart", 77, 0, 4, 81
"d:\projects\flutter\49\49-mobile-app\lib\features\food_feature\restaurant_details\presentation\widgets\meal_details.dart", "Dart", 216, 0, 18, 234
"d:\projects\flutter\49\49-mobile-app\lib\features\food_feature\restaurant_details\presentation\widgets\restaurant_header.dart", "Dart", 116, 1, 5, 122
"d:\projects\flutter\49\49-mobile-app\lib\features\food_feature\restaurants_list\data\datasources\restaurants_remote_data_source.dart", "Dart", 106, 0, 10, 116
"d:\projects\flutter\49\49-mobile-app\lib\features\food_feature\restaurants_list\data\models\cuisine_model.dart", "Dart", 16, 0, 4, 20
"d:\projects\flutter\49\49-mobile-app\lib\features\food_feature\restaurants_list\data\models\food_category_model.dart", "Dart", 20, 0, 5, 25
"d:\projects\flutter\49\49-mobile-app\lib\features\food_feature\restaurants_list\data\models\restaurant_2_model.dart", "Dart", 28, 0, 5, 33
"d:\projects\flutter\49\49-mobile-app\lib\features\food_feature\restaurants_list\data\models\restaurant_location_model.dart", "Dart", 16, 0, 2, 18
"d:\projects\flutter\49\49-mobile-app\lib\features\food_feature\restaurants_list\data\models\restaurant_media_model.dart", "Dart", 13, 0, 5, 18
"d:\projects\flutter\49\49-mobile-app\lib\features\food_feature\restaurants_list\data\models\restaurant_mneu_model.dart", "Dart", 18, 0, 4, 22
"d:\projects\flutter\49\49-mobile-app\lib\features\food_feature\restaurants_list\data\models\restaurant_model.dart", "Dart", 82, 0, 6, 88
"d:\projects\flutter\49\49-mobile-app\lib\features\food_feature\restaurants_list\data\repositories\restaurant_list_repo_impl.dart", "Dart", 48, 0, 11, 59
"d:\projects\flutter\49\49-mobile-app\lib\features\food_feature\restaurants_list\domain\entities\cusine_entity.dart", "Dart", 5, 0, 2, 7
"d:\projects\flutter\49\49-mobile-app\lib\features\food_feature\restaurants_list\domain\entities\food_category_entity.dart", "Dart", 46, 0, 4, 50
"d:\projects\flutter\49\49-mobile-app\lib\features\food_feature\restaurants_list\domain\entities\restaurant.dart", "Dart", 71, 0, 2, 73
"d:\projects\flutter\49\49-mobile-app\lib\features\food_feature\restaurants_list\domain\entities\restaurant_entity.dart", "Dart", 34, 0, 3, 37
"d:\projects\flutter\49\49-mobile-app\lib\features\food_feature\restaurants_list\domain\entities\restaurant_location_entity.dart", "Dart", 11, 0, 2, 13
"d:\projects\flutter\49\49-mobile-app\lib\features\food_feature\restaurants_list\domain\entities\restaurant_media.dart", "Dart", 17, 0, 2, 19
"d:\projects\flutter\49\49-mobile-app\lib\features\food_feature\restaurants_list\domain\entities\restaurant_mneu.dart", "Dart", 35, 0, 2, 37
"d:\projects\flutter\49\49-mobile-app\lib\features\food_feature\restaurants_list\domain\repositories\resturant_list_repo.dart", "Dart", 25, 0, 5, 30
"d:\projects\flutter\49\49-mobile-app\lib\features\food_feature\restaurants_list\domain\usecases\get_all_restaurant_use_case.dart", "Dart", 12, 0, 3, 15
"d:\projects\flutter\49\49-mobile-app\lib\features\food_feature\restaurants_list\domain\usecases\get_meal_categories_with_count_restaurants_use_case.dart", "Dart", 13, 0, 4, 17
"d:\projects\flutter\49\49-mobile-app\lib\features\food_feature\restaurants_list\domain\usecases\get_nearby_restaurants_usecase.dart", "Dart", 19, 0, 4, 23
"d:\projects\flutter\49\49-mobile-app\lib\features\food_feature\restaurants_list\domain\usecases\get_num_of_resturant_use_case.dart", "Dart", 10, 0, 4, 14
"d:\projects\flutter\49\49-mobile-app\lib\features\food_feature\restaurants_list\domain\usecases\get_trending_restaurants_usecase.dart", "Dart", 15, 0, 3, 18
"d:\projects\flutter\49\49-mobile-app\lib\features\food_feature\restaurants_list\domain\usecases\getsubcategory_restaurants_usecase.dart", "Dart", 14, 0, 4, 18
"d:\projects\flutter\49\49-mobile-app\lib\features\food_feature\restaurants_list\domain\usecases\is_resturant_usecase.dart", "Dart", 12, 0, 4, 16
"d:\projects\flutter\49\49-mobile-app\lib\features\food_feature\restaurants_list\presentation\cubit\create_resturant_cubit.dart", "Dart", 281, 6, 37, 324
"d:\projects\flutter\49\49-mobile-app\lib\features\food_feature\restaurants_list\presentation\cubit\create_resturant_state.dart", "Dart", 64, 0, 20, 84
"d:\projects\flutter\49\49-mobile-app\lib\features\food_feature\restaurants_list\presentation\cubit\restaurants_list_cubit.dart", "Dart", 159, 5, 16, 180
"d:\projects\flutter\49\49-mobile-app\lib\features\food_feature\restaurants_list\presentation\cubit\restaurants_list_state.dart", "Dart", 66, 0, 5, 71
"d:\projects\flutter\49\49-mobile-app\lib\features\food_feature\restaurants_list\presentation\pages\create_resturant_view.dart", "Dart", 123, 0, 5, 128
"d:\projects\flutter\49\49-mobile-app\lib\features\food_feature\restaurants_list\presentation\pages\restaurants_lists_view.dart", "Dart", 155, 1, 8, 164
"d:\projects\flutter\49\49-mobile-app\lib\features\food_feature\restaurants_list\presentation\pages\widgets\banner.dart", "Dart", 48, 0, 4, 52
"d:\projects\flutter\49\49-mobile-app\lib\features\food_feature\restaurants_list\presentation\pages\widgets\meal_categories.dart", "Dart", 48, 0, 4, 52
"d:\projects\flutter\49\49-mobile-app\lib\features\food_feature\restaurants_list\presentation\pages\widgets\meal_category_card.dart", "Dart", 95, 0, 4, 99
"d:\projects\flutter\49\49-mobile-app\lib\features\food_feature\restaurants_list\presentation\pages\widgets\resturant_dashboard_banner.dart", "Dart", 25, 0, 3, 28
"d:\projects\flutter\49\49-mobile-app\lib\features\food_feature\restaurants_list\presentation\widgets\offer_card.dart", "Dart", 41, 0, 4, 45
"d:\projects\flutter\49\49-mobile-app\lib\features\food_feature\restaurants_list\presentation\widgets\restaurant_card.dart", "Dart", 134, 0, 5, 139
"d:\projects\flutter\49\49-mobile-app\lib\features\fourty_nine\data\data_sources\remote_data_source\fourty_nine_remote_data_source.dart", "Dart", 105, 0, 16, 121
"d:\projects\flutter\49\49-mobile-app\lib\features\fourty_nine\data\models\banner_model.dart", "Dart", 18, 0, 4, 22
"d:\projects\flutter\49\49-mobile-app\lib\features\fourty_nine\data\models\main_category_model.dart", "Dart", 30, 0, 4, 34
"d:\projects\flutter\49\49-mobile-app\lib\features\fourty_nine\data\models\parent_main_category_model.dart", "Dart", 21, 0, 4, 25
"d:\projects\flutter\49\49-mobile-app\lib\features\fourty_nine\data\models\slider_item_model.dart", "Dart", 18, 0, 2, 20
"d:\projects\flutter\49\49-mobile-app\lib\features\fourty_nine\data\repositories\fourty_nine_repository_impl.dart", "Dart", 44, 0, 11, 55
"d:\projects\flutter\49\49-mobile-app\lib\features\fourty_nine\domain\entities\banner.dart", "Dart", 37, 0, 2, 39
"d:\projects\flutter\49\49-mobile-app\lib\features\fourty_nine\domain\entities\main_category_entity.dart", "Dart", 32, 0, 5, 37
"d:\projects\flutter\49\49-mobile-app\lib\features\fourty_nine\domain\entities\parent_main_category_entity.dart", "Dart", 21, 0, 5, 26
"d:\projects\flutter\49\49-mobile-app\lib\features\fourty_nine\domain\entities\slider_item_entity.dart", "Dart", 13, 0, 1, 14
"d:\projects\flutter\49\49-mobile-app\lib\features\fourty_nine\domain\repositories\fourty_nine_repository.dart", "Dart", 18, 0, 8, 26
"d:\projects\flutter\49\49-mobile-app\lib\features\fourty_nine\domain\use_cases\add_main_category_to_favorites_usecase.dart", "Dart", 12, 0, 4, 16
"d:\projects\flutter\49\49-mobile-app\lib\features\fourty_nine\domain\use_cases\get_banner_by_id_use_case.dart", "Dart", 11, 0, 3, 14
"d:\projects\flutter\49\49-mobile-app\lib\features\fourty_nine\domain\use_cases\get_main_categories_use_case.dart", "Dart", 17, 0, 5, 22
"d:\projects\flutter\49\49-mobile-app\lib\features\fourty_nine\domain\use_cases\get_main_category_details_usecase.dart", "Dart", 14, 0, 2, 16
"d:\projects\flutter\49\49-mobile-app\lib\features\fourty_nine\domain\use_cases\get_parent_main_categories_use_case.dart", "Dart", 16, 0, 5, 21
"d:\projects\flutter\49\49-mobile-app\lib\features\fourty_nine\domain\use_cases\get_slider_items_usecase.dart", "Dart", 15, 0, 5, 20
"d:\projects\flutter\49\49-mobile-app\lib\features\fourty_nine\domain\use_cases\remove_main_category_to_favorites_usecase.dart", "Dart", 12, 0, 4, 16
"d:\projects\flutter\49\49-mobile-app\lib\features\fourty_nine\presentation\controllers\main_categories_cubit\main_categories_cubit.dart", "Dart", 48, 4, 12, 64
"d:\projects\flutter\49\49-mobile-app\lib\features\fourty_nine\presentation\controllers\main_categories_taps_cubit\main_categories_taps_cubit.dart", "Dart", 60, 0, 10, 70
"d:\projects\flutter\49\49-mobile-app\lib\features\fourty_nine\presentation\controllers\main_categories_taps_cubit\main_categories_taps_state.dart", "Dart", 23, 0, 4, 27
"d:\projects\flutter\49\49-mobile-app\lib\features\fourty_nine\presentation\controllers\shared\fourty_nine_shared_data.dart", "Dart", 8, 0, 5, 13
"d:\projects\flutter\49\49-mobile-app\lib\features\fourty_nine\presentation\controllers\slider_cubit.dart\slider_cubit.dart", "Dart", 35, 0, 6, 41
"d:\projects\flutter\49\49-mobile-app\lib\features\fourty_nine\presentation\controllers\thumbnails\thumbnails_cubit.dart", "Dart", 29, 0, 6, 35
"d:\projects\flutter\49\49-mobile-app\lib\features\fourty_nine\presentation\pages\fourty_nine.dart", "Dart", 371, 8, 14, 393
"d:\projects\flutter\49\49-mobile-app\lib\features\fourty_nine\presentation\pages\main_categories_cards_view.dart", "Dart", 103, 0, 3, 106
"d:\projects\flutter\49\49-mobile-app\lib\features\fourty_nine\presentation\pages\main_categories_taps_view.dart", "Dart", 102, 0, 3, 105
"d:\projects\flutter\49\49-mobile-app\lib\features\fourty_nine\presentation\widgets\ads_text_banner.dart", "Dart", 24, 0, 4, 28
"d:\projects\flutter\49\49-mobile-app\lib\features\fourty_nine\presentation\widgets\advertise_your_company.dart", "Dart", 52, 0, 4, 56
"d:\projects\flutter\49\49-mobile-app\lib\features\fourty_nine\presentation\widgets\announce_widget.dart", "Dart", 75, 1, 4, 80
"d:\projects\flutter\49\49-mobile-app\lib\features\fourty_nine\presentation\widgets\main_category_card.dart", "Dart", 108, 0, 4, 112
"d:\projects\flutter\49\49-mobile-app\lib\features\fourty_nine\presentation\widgets\register_options.dart", "Dart", 0, 0, 1, 1
"d:\projects\flutter\49\49-mobile-app\lib\features\health_feature\booking\data\datasources\book_doctor_appointment_remote_datasource.dart", "Dart", 34, 0, 8, 42
"d:\projects\flutter\49\49-mobile-app\lib\features\health_feature\booking\data\repositories\book_doctor_appointment_repo_impl.dart", "Dart", 19, 0, 6, 25
"d:\projects\flutter\49\49-mobile-app\lib\features\health_feature\booking\domain\repositories\book_doctor_appointment_repo.dart", "Dart", 9, 0, 4, 13
"d:\projects\flutter\49\49-mobile-app\lib\features\health_feature\booking\domain\usecases\book_premium_appointment.dart", "Dart", 14, 0, 2, 16
"d:\projects\flutter\49\49-mobile-app\lib\features\health_feature\booking\domain\usecases\book_regular_appointment.dart", "Dart", 28, 0, 6, 34
"d:\projects\flutter\49\49-mobile-app\lib\features\health_feature\booking\presentation\cubit\book_doctor_appointment_cubit.dart", "Dart", 81, 0, 16, 97
"d:\projects\flutter\49\49-mobile-app\lib\features\health_feature\booking\presentation\cubit\book_doctor_appointment_state.dart", "Dart", 14, 0, 7, 21
"d:\projects\flutter\49\49-mobile-app\lib\features\health_feature\booking\presentation\pages\visita_booking.dart", "Dart", 103, 0, 9, 112
"d:\projects\flutter\49\49-mobile-app\lib\features\health_feature\booking\presentation\widgets\doctor_profile.dart", "Dart", 47, 0, 3, 50
"d:\projects\flutter\49\49-mobile-app\lib\features\health_feature\booking\presentation\widgets\info.dart", "Dart", 50, 0, 3, 53
"d:\projects\flutter\49\49-mobile-app\lib\features\health_feature\booking\presentation\widgets\location.dart", "Dart", 27, 0, 3, 30
"d:\projects\flutter\49\49-mobile-app\lib\features\health_feature\booking\presentation\widgets\patient_info.dart", "Dart", 119, 0, 9, 128
"d:\projects\flutter\49\49-mobile-app\lib\features\health_feature\booking\presentation\widgets\price.dart", "Dart", 24, 0, 3, 27
"d:\projects\flutter\49\49-mobile-app\lib\features\health_feature\booking\presentation\widgets\time.dart", "Dart", 29, 0, 3, 32
"d:\projects\flutter\49\49-mobile-app\lib\features\health_feature\create_doctor\data\datasources\create_doctor_remote_datasource.dart", "Dart", 49, 0, 6, 55
"d:\projects\flutter\49\49-mobile-app\lib\features\health_feature\create_doctor\data\models\city_model.dart", "Dart", 18, 0, 4, 22
"d:\projects\flutter\49\49-mobile-app\lib\features\health_feature\create_doctor\data\models\doctor_address.dart", "Dart", 21, 0, 4, 25
"d:\projects\flutter\49\49-mobile-app\lib\features\health_feature\create_doctor\data\models\doctor_day_model.dart", "Dart", 30, 0, 5, 35
"d:\projects\flutter\49\49-mobile-app\lib\features\health_feature\create_doctor\data\models\governrate_model.dart", "Dart", 18, 0, 4, 22
"d:\projects\flutter\49\49-mobile-app\lib\features\health_feature\create_doctor\data\repositories\create_repo_doctor_imp.dart", "Dart", 23, 0, 6, 29
"d:\projects\flutter\49\49-mobile-app\lib\features\health_feature\create_doctor\domain\entities\city.dart", "Dart", 6, 0, 2, 8
"d:\projects\flutter\49\49-mobile-app\lib\features\health_feature\create_doctor\domain\entities\doctor_address.dart", "Dart", 9, 0, 1, 10
"d:\projects\flutter\49\49-mobile-app\lib\features\health_feature\create_doctor\domain\entities\doctor_day_entity.dart", "Dart", 14, 0, 3, 17
"d:\projects\flutter\49\49-mobile-app\lib\features\health_feature\create_doctor\domain\entities\doctor_locatoin.dart", "Dart", 10, 0, 2, 12
"d:\projects\flutter\49\49-mobile-app\lib\features\health_feature\create_doctor\domain\entities\governorate_entity.dart", "Dart", 7, 0, 2, 9
"d:\projects\flutter\49\49-mobile-app\lib\features\health_feature\create_doctor\domain\repositories\create_doctor_repo.dart", "Dart", 10, 0, 2, 12
"d:\projects\flutter\49\49-mobile-app\lib\features\health_feature\create_doctor\domain\usecases\create_doctor.dart", "Dart", 158, 2, 19, 179
"d:\projects\flutter\49\49-mobile-app\lib\features\health_feature\create_doctor\domain\usecases\get_cities.dart", "Dart", 13, 0, 4, 17
"d:\projects\flutter\49\49-mobile-app\lib\features\health_feature\create_doctor\domain\usecases\get_governorates.dart", "Dart", 14, 0, 4, 18
"d:\projects\flutter\49\49-mobile-app\lib\features\health_feature\create_doctor\presentation\cubit\create_doctor_cubit.dart", "Dart", 281, 6, 37, 324
"d:\projects\flutter\49\49-mobile-app\lib\features\health_feature\create_doctor\presentation\cubit\create_doctor_state.dart", "Dart", 62, 0, 20, 82
"d:\projects\flutter\49\49-mobile-app\lib\features\health_feature\create_doctor\presentation\pages\create_doctor_view.dart", "Dart", 121, 0, 4, 125
"d:\projects\flutter\49\49-mobile-app\lib\features\health_feature\create_doctor\presentation\widgets\fields\address_field.dart", "Dart", 17, 0, 3, 20
"d:\projects\flutter\49\49-mobile-app\lib\features\health_feature\create_doctor\presentation\widgets\fields\description_filed.dart", "Dart", 19, 0, 3, 22
"d:\projects\flutter\49\49-mobile-app\lib\features\health_feature\create_doctor\presentation\widgets\fields\name_filed.dart", "Dart", 33, 0, 3, 36
"d:\projects\flutter\49\49-mobile-app\lib\features\health_feature\create_doctor\presentation\widgets\fields\phone_field.dart", "Dart", 0, 18, 1, 19
"d:\projects\flutter\49\49-mobile-app\lib\features\health_feature\create_doctor\presentation\widgets\location\cities_dropdowns.dart", "Dart", 33, 0, 3, 36
"d:\projects\flutter\49\49-mobile-app\lib\features\health_feature\create_doctor\presentation\widgets\location\governorate_dropdown.dart", "Dart", 70, 0, 2, 72
"d:\projects\flutter\49\49-mobile-app\lib\features\health_feature\create_doctor\presentation\widgets\options_checkbox.dart", "Dart", 73, 1, 4, 78
"d:\projects\flutter\49\49-mobile-app\lib\features\health_feature\create_doctor\presentation\widgets\pickers\date\id_expiry_date_picker.dart", "Dart", 47, 0, 2, 49
"d:\projects\flutter\49\49-mobile-app\lib\features\health_feature\create_doctor\presentation\widgets\pickers\date\license_expiry_date_picker.dart", "Dart", 22, 0, 3, 25
"d:\projects\flutter\49\49-mobile-app\lib\features\health_feature\create_doctor\presentation\widgets\pickers\photo\doctor_photo_picker.dart", "Dart", 49, 0, 4, 53
"d:\projects\flutter\49\49-mobile-app\lib\features\health_feature\create_doctor\presentation\widgets\pickers\photo\id_photo_picker.dart", "Dart", 70, 0, 3, 73
"d:\projects\flutter\49\49-mobile-app\lib\features\health_feature\create_doctor\presentation\widgets\pickers\photo\license_photo_picker.dart", "Dart", 70, 0, 3, 73
"d:\projects\flutter\49\49-mobile-app\lib\features\health_feature\create_doctor\presentation\widgets\subcategory.dart", "Dart", 33, 0, 3, 36
"d:\projects\flutter\49\49-mobile-app\lib\features\health_feature\create_doctor\presentation\widgets\submit_button.dart", "Dart", 20, 0, 3, 23
"d:\projects\flutter\49\49-mobile-app\lib\features\health_feature\create_doctor\presentation\widgets\time_tables\call_time_table.dart", "Dart", 47, 0, 3, 50
"d:\projects\flutter\49\49-mobile-app\lib\features\health_feature\create_doctor\presentation\widgets\time_tables\clinic_time_table.dart", "Dart", 57, 0, 3, 60
"d:\projects\flutter\49\49-mobile-app\lib\features\health_feature\create_doctor\presentation\widgets\time_tables\home_visit_time_table.dart", "Dart", 50, 0, 3, 53
"d:\projects\flutter\49\49-mobile-app\lib\features\health_feature\create_doctor\presentation\widgets\time_tables\time_table.dart", "Dart", 142, 0, 8, 150
"d:\projects\flutter\49\49-mobile-app\lib\features\health_feature\doctor_dashboard\data\datasources\remote_datasource.dart", "Dart", 164, 2, 41, 207
"d:\projects\flutter\49\49-mobile-app\lib\features\health_feature\doctor_dashboard\data\models\doctor_appointment_model.dart", "Dart", 36, 0, 3, 39
"d:\projects\flutter\49\49-mobile-app\lib\features\health_feature\doctor_dashboard\data\models\doctor_statistics_model.dart", "Dart", 36, 0, 10, 46
"d:\projects\flutter\49\49-mobile-app\lib\features\health_feature\doctor_dashboard\data\repositories\doctor_dashboard_repo_impl.dart", "Dart", 85, 0, 18, 103
"d:\projects\flutter\49\49-mobile-app\lib\features\health_feature\doctor_dashboard\domain\entities\doctor_appointment_entity.dart", "Dart", 26, 0, 4, 30
"d:\projects\flutter\49\49-mobile-app\lib\features\health_feature\doctor_dashboard\domain\entities\doctor_statistics_entity.dart", "Dart", 22, 0, 6, 28
"d:\projects\flutter\49\49-mobile-app\lib\features\health_feature\doctor_dashboard\domain\repositories\doctor_dashboard_repo.dart", "Dart", 33, 0, 7, 40
"d:\projects\flutter\49\49-mobile-app\lib\features\health_feature\doctor_dashboard\domain\usecases\delete_doctor_account_usecase.dart", "Dart", 12, 0, 4, 16
"d:\projects\flutter\49\49-mobile-app\lib\features\health_feature\doctor_dashboard\domain\usecases\doctor_accept_appointment_usecase.dart", "Dart", 12, 0, 4, 16
"d:\projects\flutter\49\49-mobile-app\lib\features\health_feature\doctor_dashboard\domain\usecases\doctor_reject_appointment.dart", "Dart", 12, 0, 4, 16
"d:\projects\flutter\49\49-mobile-app\lib\features\health_feature\doctor_dashboard\domain\usecases\get_all_doctor_reservations_usecase.dart", "Dart", 16, 0, 4, 20
"d:\projects\flutter\49\49-mobile-app\lib\features\health_feature\doctor_dashboard\domain\usecases\get_doctor_appointments_by_day.dart", "Dart", 26, 0, 7, 33
"d:\projects\flutter\49\49-mobile-app\lib\features\health_feature\doctor_dashboard\domain\usecases\get_doctor_profile_usecase.dart", "Dart", 13, 0, 4, 17
"d:\projects\flutter\49\49-mobile-app\lib\features\health_feature\doctor_dashboard\domain\usecases\get_doctor_statistics_usecase.dart", "Dart", 14, 0, 4, 18
"d:\projects\flutter\49\49-mobile-app\lib\features\health_feature\doctor_dashboard\domain\usecases\get_doctor_unhandled_appointments_usecase.dart", "Dart", 16, 0, 4, 20
"d:\projects\flutter\49\49-mobile-app\lib\features\health_feature\doctor_dashboard\domain\usecases\get_id_remaining_days.dart", "Dart", 12, 0, 4, 16
"d:\projects\flutter\49\49-mobile-app\lib\features\health_feature\doctor_dashboard\domain\usecases\get_practicing_remaining_days.dart", "Dart", 12, 0, 4, 16
"d:\projects\flutter\49\49-mobile-app\lib\features\health_feature\doctor_dashboard\domain\usecases\get_subscription_remaining_days.dart", "Dart", 12, 0, 3, 15
"d:\projects\flutter\49\49-mobile-app\lib\features\health_feature\doctor_dashboard\domain\usecases\update_doctor_id_usecase.dart", "Dart", 25, 0, 7, 32
"d:\projects\flutter\49\49-mobile-app\lib\features\health_feature\doctor_dashboard\domain\usecases\update_doctor_personal_info_usecase.dart", "Dart", 14, 0, 5, 19
"d:\projects\flutter\49\49-mobile-app\lib\features\health_feature\doctor_dashboard\domain\usecases\update_doctor_practicing_cirtification_usecase.dart", "Dart", 14, 0, 4, 18
"d:\projects\flutter\49\49-mobile-app\lib\features\health_feature\doctor_dashboard\domain\usecases\update_doctor_profile_photo_usecase.dart", "Dart", 12, 0, 4, 16
"d:\projects\flutter\49\49-mobile-app\lib\features\health_feature\doctor_dashboard\domain\usecases\update_doctor_timetable_usecase.dart", "Dart", 14, 0, 5, 19
"d:\projects\flutter\49\49-mobile-app\lib\features\health_feature\doctor_dashboard\presentation\controllers\all_doctor_reservations\all_doctor_reservations_cubit.dart", "Dart", 46, 0, 10, 56
"d:\projects\flutter\49\49-mobile-app\lib\features\health_feature\doctor_dashboard\presentation\controllers\all_doctor_reservations\all_doctor_reservations_state.dart", "Dart", 12, 0, 6, 18
"d:\projects\flutter\49\49-mobile-app\lib\features\health_feature\doctor_dashboard\presentation\controllers\doctor_dashboard\doctor_dashboard_cubit.dart", "Dart", 106, 0, 11, 117
"d:\projects\flutter\49\49-mobile-app\lib\features\health_feature\doctor_dashboard\presentation\controllers\doctor_dashboard\doctor_dashboard_state.dart", "Dart", 35, 0, 12, 47
"d:\projects\flutter\49\49-mobile-app\lib\features\health_feature\doctor_dashboard\presentation\controllers\doctor_history\doctor_history_cubit.dart", "Dart", 6, 0, 3, 9
"d:\projects\flutter\49\49-mobile-app\lib\features\health_feature\doctor_dashboard\presentation\controllers\doctor_history\doctor_history_state.dart", "Dart", 7, 0, 4, 11
"d:\projects\flutter\49\49-mobile-app\lib\features\health_feature\doctor_dashboard\presentation\controllers\doctor_statistics\doctor_statistics_cubit.dart", "Dart", 24, 0, 6, 30
"d:\projects\flutter\49\49-mobile-app\lib\features\health_feature\doctor_dashboard\presentation\controllers\doctor_statistics\doctor_statistics_state.dart", "Dart", 12, 0, 6, 18
"d:\projects\flutter\49\49-mobile-app\lib\features\health_feature\doctor_dashboard\presentation\controllers\doctor_today_appointments\doctor_today_appointments_cubit.dart", "Dart", 44, 0, 10, 54
"d:\projects\flutter\49\49-mobile-app\lib\features\health_feature\doctor_dashboard\presentation\controllers\doctor_today_appointments\doctor_today_appointments_state.dart", "Dart", 16, 0, 6, 22
"d:\projects\flutter\49\49-mobile-app\lib\features\health_feature\doctor_dashboard\presentation\controllers\doctor_unhandled_appotinments\doctor_unhandled_appotinments_cubit.dart", "Dart", 88, 0, 13, 101
"d:\projects\flutter\49\49-mobile-app\lib\features\health_feature\doctor_dashboard\presentation\controllers\doctor_unhandled_appotinments\doctor_unhandled_appotinments_state.dart", "Dart", 23, 0, 7, 30
"d:\projects\flutter\49\49-mobile-app\lib\features\health_feature\doctor_dashboard\presentation\controllers\edit_doctor_personal_info\edit_doctor_personal_info_cubit.dart", "Dart", 6, 0, 3, 9
"d:\projects\flutter\49\49-mobile-app\lib\features\health_feature\doctor_dashboard\presentation\controllers\edit_doctor_personal_info\edit_doctor_personal_info_state.dart", "Dart", 7, 0, 4, 11
"d:\projects\flutter\49\49-mobile-app\lib\features\health_feature\doctor_dashboard\presentation\controllers\edit_doctor_profile\edit_doctor_profile_cubit.dart", "Dart", 79, 0, 17, 96
"d:\projects\flutter\49\49-mobile-app\lib\features\health_feature\doctor_dashboard\presentation\controllers\edit_doctor_profile\edit_doctor_profile_state.dart", "Dart", 31, 0, 3, 34
"d:\projects\flutter\49\49-mobile-app\lib\features\health_feature\doctor_dashboard\presentation\controllers\edit_doctor_timetable\edit_doctor_timetable_cubit.dart", "Dart", 6, 0, 3, 9
"d:\projects\flutter\49\49-mobile-app\lib\features\health_feature\doctor_dashboard\presentation\controllers\edit_doctor_timetable\edit_doctor_timetable_state.dart", "Dart", 7, 0, 4, 11
"d:\projects\flutter\49\49-mobile-app\lib\features\health_feature\doctor_dashboard\presentation\pages\all_doctor_reservations_view.dart", "Dart", 53, 0, 3, 56
"d:\projects\flutter\49\49-mobile-app\lib\features\health_feature\doctor_dashboard\presentation\pages\doctor_dashboard_view.dart", "Dart", 57, 0, 5, 62
"d:\projects\flutter\49\49-mobile-app\lib\features\health_feature\doctor_dashboard\presentation\pages\doctor_statistics.dart", "Dart", 60, 0, 4, 64
"d:\projects\flutter\49\49-mobile-app\lib\features\health_feature\doctor_dashboard\presentation\pages\edit_doctor_docs.dart", "Dart", 86, 1, 4, 91
"d:\projects\flutter\49\49-mobile-app\lib\features\health_feature\doctor_dashboard\presentation\pages\edit_doctor_personal_info_view.dart", "Dart", 46, 0, 3, 49
"d:\projects\flutter\49\49-mobile-app\lib\features\health_feature\doctor_dashboard\presentation\pages\edit_doctor_profile.dart", "Dart", 69, 0, 3, 72
"d:\projects\flutter\49\49-mobile-app\lib\features\health_feature\doctor_dashboard\presentation\pages\edit_doctor_timetable_view.dart", "Dart", 8, 0, 3, 11
"d:\projects\flutter\49\49-mobile-app\lib\features\health_feature\doctor_dashboard\presentation\pages\today_doctor_appointments_view.dart", "Dart", 55, 0, 3, 58
"d:\projects\flutter\49\49-mobile-app\lib\features\health_feature\doctor_dashboard\presentation\pages\unhandled_doctor_appointments_view.dart", "Dart", 80, 0, 3, 83
"d:\projects\flutter\49\49-mobile-app\lib\features\health_feature\doctor_dashboard\presentation\widgets\doctor_renew_day_count.dart", "Dart", 114, 2, 5, 121
"d:\projects\flutter\49\49-mobile-app\lib\features\health_feature\doctor_dashboard\presentation\widgets\doctor_today_appointments.dart", "Dart", 84, 0, 5, 89
"d:\projects\flutter\49\49-mobile-app\lib\features\health_feature\doctor_dashboard\presentation\widgets\doctor_unhandled_appointments.dart", "Dart", 131, 0, 5, 136
"d:\projects\flutter\49\49-mobile-app\lib\features\health_feature\doctor_dashboard\presentation\widgets\edit_profile\delete_account.dart", "Dart", 22, 0, 3, 25
"d:\projects\flutter\49\49-mobile-app\lib\features\health_feature\doctor_dashboard\presentation\widgets\edit_profile\update_card.dart", "Dart", 43, 0, 3, 46
"d:\projects\flutter\49\49-mobile-app\lib\features\health_feature\doctor_dashboard\presentation\widgets\edit_profile\update_id.dart", "Dart", 27, 0, 3, 30
"d:\projects\flutter\49\49-mobile-app\lib\features\health_feature\doctor_dashboard\presentation\widgets\edit_profile\update_personal.dart", "Dart", 17, 0, 3, 20
"d:\projects\flutter\49\49-mobile-app\lib\features\health_feature\doctor_dashboard\presentation\widgets\edit_profile\update_practicing.dart", "Dart", 29, 0, 3, 32
"d:\projects\flutter\49\49-mobile-app\lib\features\health_feature\doctor_dashboard\presentation\widgets\edit_profile\update_profile_photo_card.dart", "Dart", 70, 0, 3, 73
"d:\projects\flutter\49\49-mobile-app\lib\features\health_feature\doctor_dashboard\presentation\widgets\edit_profile\update_time_table.dart", "Dart", 12, 0, 3, 15
"d:\projects\flutter\49\49-mobile-app\lib\features\health_feature\doctor_dashboard\presentation\widgets\history\doctor_history_card.dart", "Dart", 75, 0, 3, 78
"d:\projects\flutter\49\49-mobile-app\lib\features\health_feature\doctor_dashboard\presentation\widgets\personal_info\edit_doctor_address.dart", "Dart", 44, 0, 4, 48
"d:\projects\flutter\49\49-mobile-app\lib\features\health_feature\doctor_dashboard\presentation\widgets\personal_info\edit_doctor_name_field.dart", "Dart", 30, 0, 3, 33
"d:\projects\flutter\49\49-mobile-app\lib\features\health_feature\doctor_dashboard\presentation\widgets\personal_info\edit_doctor_phone_field.dart", "Dart", 13, 0, 3, 16
"d:\projects\flutter\49\49-mobile-app\lib\features\health_feature\doctor_dashboard\presentation\widgets\personal_info\edit_doctor_speciality_filed.dart", "Dart", 16, 0, 3, 19
"d:\projects\flutter\49\49-mobile-app\lib\features\health_feature\doctor_dashboard\presentation\widgets\popup_menu.dart", "Dart", 31, 0, 3, 34
"d:\projects\flutter\49\49-mobile-app\lib\features\health_feature\doctor_details\data\datasources\doctor_detail_remote_datasource.dart", "Dart", 43, 0, 6, 49
"d:\projects\flutter\49\49-mobile-app\lib\features\health_feature\doctor_details\data\models\appointment_model.dart", "Dart", 16, 0, 2, 18
"d:\projects\flutter\49\49-mobile-app\lib\features\health_feature\doctor_details\data\models\doctor_detail_model.dart", "Dart", 12, 0, 2, 14
"d:\projects\flutter\49\49-mobile-app\lib\features\health_feature\doctor_details\data\models\doctor_model.dart", "Dart", 93, 0, 4, 97
"d:\projects\flutter\49\49-mobile-app\lib\features\health_feature\doctor_details\data\models\doctor_rate.dart", "Dart", 12, 0, 3, 15
"d:\projects\flutter\49\49-mobile-app\lib\features\health_feature\doctor_details\data\models\user_doctor_rate.dart", "Dart", 16, 0, 3, 19
"d:\projects\flutter\49\49-mobile-app\lib\features\health_feature\doctor_details\data\repositories\doctor_details_repo_impl.dart", "Dart", 21, 0, 6, 27
"d:\projects\flutter\49\49-mobile-app\lib\features\health_feature\doctor_details\domain\entities\appointment_entity.dart", "Dart", 36, 0, 7, 43
"d:\projects\flutter\49\49-mobile-app\lib\features\health_feature\doctor_details\domain\entities\doctor_detail_entity.dart", "Dart", 7, 0, 2, 9
"d:\projects\flutter\49\49-mobile-app\lib\features\health_feature\doctor_details\domain\entities\doctor_entity.dart", "Dart", 83, 0, 6, 89
"d:\projects\flutter\49\49-mobile-app\lib\features\health_feature\doctor_details\domain\entities\doctor_rate.dart", "Dart", 10, 0, 2, 12
"d:\projects\flutter\49\49-mobile-app\lib\features\health_feature\doctor_details\domain\entities\doctor_specialization_entity.dart", "Dart", 8, 0, 1, 9
"d:\projects\flutter\49\49-mobile-app\lib\features\health_feature\doctor_details\domain\entities\premium_doctor_rate.dart", "Dart", 13, 0, 2, 15
"d:\projects\flutter\49\49-mobile-app\lib\features\health_feature\doctor_details\domain\entities\user_doctor_rate.dart", "Dart", 9, 0, 2, 11
"d:\projects\flutter\49\49-mobile-app\lib\features\health_feature\doctor_details\domain\repositories\doctor_details_repo.dart", "Dart", 11, 0, 3, 14
"d:\projects\flutter\49\49-mobile-app\lib\features\health_feature\doctor_details\domain\usecases\get_doctor_details_usecase.dart", "Dart", 33, 0, 5, 38
"d:\projects\flutter\49\49-mobile-app\lib\features\health_feature\doctor_details\domain\usecases\get_doctor_reviews.dart", "Dart", 14, 0, 3, 17
"d:\projects\flutter\49\49-mobile-app\lib\features\health_feature\doctor_details\presentation\cubit\doctor_details_cubit.dart", "Dart", 54, 0, 8, 62
"d:\projects\flutter\49\49-mobile-app\lib\features\health_feature\doctor_details\presentation\cubit\doctor_details_state.dart", "Dart", 17, 0, 8, 25
"d:\projects\flutter\49\49-mobile-app\lib\features\health_feature\doctor_details\presentation\pages\DoctorDetails.dart", "Dart", 55, 0, 5, 60
"d:\projects\flutter\49\49-mobile-app\lib\features\health_feature\doctor_details\presentation\pages\all_reviews.dart", "Dart", 55, 0, 7, 62
"d:\projects\flutter\49\49-mobile-app\lib\features\health_feature\doctor_details\presentation\widgets\address.dart", "Dart", 28, 0, 3, 31
"d:\projects\flutter\49\49-mobile-app\lib\features\health_feature\doctor_details\presentation\widgets\appointments.dart", "Dart", 95, 0, 5, 100
"d:\projects\flutter\49\49-mobile-app\lib\features\health_feature\doctor_details\presentation\widgets\divider.dart", "Dart", 11, 0, 3, 14
"d:\projects\flutter\49\49-mobile-app\lib\features\health_feature\doctor_details\presentation\widgets\fees_card.dart", "Dart", 24, 0, 3, 27
"d:\projects\flutter\49\49-mobile-app\lib\features\health_feature\doctor_details\presentation\widgets\header.dart", "Dart", 158, 0, 3, 161
"d:\projects\flutter\49\49-mobile-app\lib\features\health_feature\doctor_details\presentation\widgets\info.dart", "Dart", 26, 0, 3, 29
"d:\projects\flutter\49\49-mobile-app\lib\features\health_feature\doctor_details\presentation\widgets\rate_card.dart", "Dart", 20, 0, 3, 23
"d:\projects\flutter\49\49-mobile-app\lib\features\health_feature\doctor_details\presentation\widgets\reviews.dart", "Dart", 50, 0, 4, 54
"d:\projects\flutter\49\49-mobile-app\lib\features\health_feature\doctor_details\presentation\widgets\waiting.dart", "Dart", 30, 0, 3, 33
"d:\projects\flutter\49\49-mobile-app\lib\features\health_feature\doctor_filter\data\datasources\doctor_list_remote_datasource.dart", "Dart", 26, 0, 6, 32
"d:\projects\flutter\49\49-mobile-app\lib\features\health_feature\doctor_filter\data\repositories\doctor_list_repo_impl.dart", "Dart", 15, 0, 6, 21
"d:\projects\flutter\49\49-mobile-app\lib\features\health_feature\doctor_filter\domain\repositories\doctor_list_repo.dart", "Dart", 8, 0, 3, 11
"d:\projects\flutter\49\49-mobile-app\lib\features\health_feature\doctor_filter\domain\usecases\get_doctor_list_usecase.dart", "Dart", 41, 0, 6, 47
"d:\projects\flutter\49\49-mobile-app\lib\features\health_feature\doctor_filter\presentation\controllers\city_filter_cubit\doctor_city_filter_cubit.dart", "Dart", 38, 0, 9, 47
"d:\projects\flutter\49\49-mobile-app\lib\features\health_feature\doctor_filter\presentation\controllers\city_filter_cubit\doctor_city_filter_state.dart", "Dart", 12, 0, 6, 18
"d:\projects\flutter\49\49-mobile-app\lib\features\health_feature\doctor_filter\presentation\controllers\doctors_list_cubit\doctors_list_cubit.dart", "Dart", 25, 0, 7, 32
"d:\projects\flutter\49\49-mobile-app\lib\features\health_feature\doctor_filter\presentation\controllers\doctors_list_cubit\doctors_list_state.dart", "Dart", 12, 0, 8, 20
"d:\projects\flutter\49\49-mobile-app\lib\features\health_feature\doctor_filter\presentation\controllers\governorate_filter_cubit\doctor_governorate_filter_cubit.dart", "Dart", 38, 4, 7, 49
"d:\projects\flutter\49\49-mobile-app\lib\features\health_feature\doctor_filter\presentation\controllers\governorate_filter_cubit\doctor_governorate_filter_state.dart", "Dart", 15, 0, 7, 22
"d:\projects\flutter\49\49-mobile-app\lib\features\health_feature\doctor_filter\presentation\controllers\subcategory_filter_cubit\doctor_filter_cubit.dart", "Dart", 49, 0, 8, 57
"d:\projects\flutter\49\49-mobile-app\lib\features\health_feature\doctor_filter\presentation\controllers\subcategory_filter_cubit\doctor_filter_state.dart", "Dart", 15, 0, 7, 22
"d:\projects\flutter\49\49-mobile-app\lib\features\health_feature\doctor_filter\presentation\pages\citiy_filter_view.dart", "Dart", 77, 0, 6, 83
"d:\projects\flutter\49\49-mobile-app\lib\features\health_feature\doctor_filter\presentation\pages\doctors_list.dart", "Dart", 57, 0, 7, 64
"d:\projects\flutter\49\49-mobile-app\lib\features\health_feature\doctor_filter\presentation\pages\governorate_filter_view.dart", "Dart", 59, 27, 4, 90
"d:\projects\flutter\49\49-mobile-app\lib\features\health_feature\doctor_filter\presentation\pages\subcategory_filter_view.dart", "Dart", 46, 0, 4, 50
"d:\projects\flutter\49\49-mobile-app\lib\features\health_feature\doctor_filter\presentation\widgets\city_list_title.dart", "Dart", 20, 0, 4, 24
"d:\projects\flutter\49\49-mobile-app\lib\features\health_feature\doctor_filter\presentation\widgets\doctor_card.dart", "Dart", 117, 0, 4, 121
"d:\projects\flutter\49\49-mobile-app\lib\features\health_feature\doctor_filter\presentation\widgets\governorate_list_title.dart", "Dart", 24, 0, 4, 28
"d:\projects\flutter\49\49-mobile-app\lib\features\health_feature\doctor_filter\presentation\widgets\subcategories_list.dart", "Dart", 29, 0, 3, 32
"d:\projects\flutter\49\49-mobile-app\lib\features\health_feature\doctor_filter\presentation\widgets\subcategory_list_title.dart", "Dart", 30, 0, 3, 33
"d:\projects\flutter\49\49-mobile-app\lib\features\health_feature\emergency\data\datasources\emergency_remote_datasource.dart", "Dart", 22, 0, 4, 26
"d:\projects\flutter\49\49-mobile-app\lib\features\health_feature\emergency\data\repositories\emergency_repo_impl.dart", "Dart", 14, 0, 3, 17
"d:\projects\flutter\49\49-mobile-app\lib\features\health_feature\emergency\domain\repositories\emergency_repo.dart", "Dart", 6, 0, 2, 8
"d:\projects\flutter\49\49-mobile-app\lib\features\health_feature\emergency\domain\usecases\book_emergency.dart", "Dart", 26, 0, 5, 31
"d:\projects\flutter\49\49-mobile-app\lib\features\health_feature\emergency\presentation\cubit\emergency_cubit.dart", "Dart", 76, 0, 13, 89
"d:\projects\flutter\49\49-mobile-app\lib\features\health_feature\emergency\presentation\cubit\emergency_state.dart", "Dart", 13, 0, 7, 20
"d:\projects\flutter\49\49-mobile-app\lib\features\health_feature\emergency\presentation\pages\emergnce_view.dart", "Dart", 81, 6, 6, 93
"d:\projects\flutter\49\49-mobile-app\lib\features\health_feature\emergency\presentation\widgets\subcategories_dropdown.dart", "Dart", 37, 0, 5, 42
"d:\projects\flutter\49\49-mobile-app\lib\features\health_feature\health\data\datasources\health_remote_datasource.dart", "Dart", 67, 0, 8, 75
"d:\projects\flutter\49\49-mobile-app\lib\features\health_feature\health\data\models\appointment_booking_model.dart", "Dart", 27, 0, 3, 30
"d:\projects\flutter\49\49-mobile-app\lib\features\health_feature\health\data\models\filter_option_entity.dart", "Dart", 11, 0, 3, 14
"d:\projects\flutter\49\49-mobile-app\lib\features\health_feature\health\data\models\health_subcategory_model.dart", "Dart", 18, 0, 3, 21
"d:\projects\flutter\49\49-mobile-app\lib\features\health_feature\health\data\repositories\health_repo_impl.dart", "Dart", 32, 0, 10, 42
"d:\projects\flutter\49\49-mobile-app\lib\features\health_feature\health\domain\entities\appointment_booking_entity.dart", "Dart", 69, 0, 8, 77
"d:\projects\flutter\49\49-mobile-app\lib\features\health_feature\health\domain\entities\health_subcategory_entity.dart", "Dart", 11, 0, 2, 13
"d:\projects\flutter\49\49-mobile-app\lib\features\health_feature\health\domain\repositories\health_repo.dart", "Dart", 12, 0, 6, 18
"d:\projects\flutter\49\49-mobile-app\lib\features\health_feature\health\domain\usecases\get_health_subcategories.dart", "Dart", 14, 0, 4, 18
"d:\projects\flutter\49\49-mobile-app\lib\features\health_feature\health\domain\usecases\get_medical_services.dart", "Dart", 14, 0, 4, 18
"d:\projects\flutter\49\49-mobile-app\lib\features\health_feature\health\domain\usecases\get_my_appointment_bookings_usecase.dart", "Dart", 14, 0, 3, 17
"d:\projects\flutter\49\49-mobile-app\lib\features\health_feature\health\domain\usecases\get_user_upcoming_appointments.dart", "Dart", 14, 0, 4, 18
"d:\projects\flutter\49\49-mobile-app\lib\features\health_feature\health\domain\usecases\is_doctor_usecase.dart", "Dart", 12, 0, 4, 16
"d:\projects\flutter\49\49-mobile-app\lib\features\health_feature\health\presentation\controllers\health_cubit\health_cubit.dart", "Dart", 135, 8, 13, 156
"d:\projects\flutter\49\49-mobile-app\lib\features\health_feature\health\presentation\controllers\health_cubit\health_state.dart", "Dart", 43, 0, 3, 46
"d:\projects\flutter\49\49-mobile-app\lib\features\health_feature\health\presentation\controllers\shared_data\health_shared_data.dart", "Dart", 8, 0, 4, 12
"d:\projects\flutter\49\49-mobile-app\lib\features\health_feature\health\presentation\pages\health_view.dart", "Dart", 35, 0, 3, 38
"d:\projects\flutter\49\49-mobile-app\lib\features\health_feature\health\presentation\widgets\banner.dart", "Dart", 32, 0, 4, 36
"d:\projects\flutter\49\49-mobile-app\lib\features\health_feature\health\presentation\widgets\booking\bookgins.dart", "Dart", 27, 0, 3, 30
"d:\projects\flutter\49\49-mobile-app\lib\features\health_feature\health\presentation\widgets\booking\booking_card.dart", "Dart", 79, 0, 4, 83
"d:\projects\flutter\49\49-mobile-app\lib\features\health_feature\health\presentation\widgets\booking_types\booking_type_card.dart", "Dart", 42, 0, 3, 45
"d:\projects\flutter\49\49-mobile-app\lib\features\health_feature\health\presentation\widgets\booking_types\booking_types.dart", "Dart", 25, 0, 3, 28
"d:\projects\flutter\49\49-mobile-app\lib\features\health_feature\health\presentation\widgets\doctor_dashboard_banner.dart", "Dart", 25, 0, 3, 28
"d:\projects\flutter\49\49-mobile-app\lib\features\health_feature\health\presentation\widgets\medical_services\medical_service_card.dart", "Dart", 106, 0, 4, 110
"d:\projects\flutter\49\49-mobile-app\lib\features\health_feature\health\presentation\widgets\medical_services\medical_services.dart", "Dart", 48, 0, 4, 52
"d:\projects\flutter\49\49-mobile-app\lib\features\health_feature\health\presentation\widgets\sub_categories\sub_categories.dart", "Dart", 46, 0, 4, 50
"d:\projects\flutter\49\49-mobile-app\lib\features\health_feature\health\presentation\widgets\sub_categories\sub_category_card.dart", "Dart", 100, 0, 5, 105
"d:\projects\flutter\49\49-mobile-app\lib\features\installment_feature\create_installment\data\datasources\create_installment_remote_datasource.dart", "Dart", 22, 0, 4, 26
"d:\projects\flutter\49\49-mobile-app\lib\features\installment_feature\create_installment\data\repositories\create_installment_repo_impl.dart", "Dart", 14, 0, 5, 19
"d:\projects\flutter\49\49-mobile-app\lib\features\installment_feature\create_installment\domain\repositories\create_installment_repo.dart", "Dart", 7, 0, 3, 10
"d:\projects\flutter\49\49-mobile-app\lib\features\installment_feature\create_installment\domain\usecases\create_installment_usecase.dart", "Dart", 15, 0, 4, 19
"d:\projects\flutter\49\49-mobile-app\lib\features\installment_feature\create_installment\presentation\cubit\create_installment_cubit.dart", "Dart", 54, 1, 10, 65
"d:\projects\flutter\49\49-mobile-app\lib\features\installment_feature\create_installment\presentation\cubit\create_installment_state.dart", "Dart", 27, 0, 3, 30
"d:\projects\flutter\49\49-mobile-app\lib\features\installment_feature\create_installment\presentation\pages\create_installment_view.dart", "Dart", 141, 0, 4, 145
"d:\projects\flutter\49\49-mobile-app\lib\features\installment_feature\installment_details\data\datasources\installment_details_remote_datasource.dart", "Dart", 33, 0, 6, 39
"d:\projects\flutter\49\49-mobile-app\lib\features\installment_feature\installment_details\data\models\installment_request_model.dart", "Dart", 29, 0, 3, 32
"d:\projects\flutter\49\49-mobile-app\lib\features\installment_feature\installment_details\data\repositories\installment_details_repo_impl.dart", "Dart", 20, 0, 6, 26
"d:\projects\flutter\49\49-mobile-app\lib\features\installment_feature\installment_details\domain\entities\installment_request_entity.dart", "Dart", 20, 0, 1, 21
"d:\projects\flutter\49\49-mobile-app\lib\features\installment_feature\installment_details\domain\repositories\installment_details_repo.dart", "Dart", 10, 0, 3, 13
"d:\projects\flutter\49\49-mobile-app\lib\features\installment_feature\installment_details\domain\usecases\buy_installment_usecase.dart", "Dart", 13, 0, 5, 18
"d:\projects\flutter\49\49-mobile-app\lib\features\installment_feature\installment_details\domain\usecases\get_installment_details_usecase.dart", "Dart", 13, 0, 5, 18
"d:\projects\flutter\49\49-mobile-app\lib\features\installment_feature\installment_details\presentation\cubit\installment_details_cubit.dart", "Dart", 46, 0, 8, 54
"d:\projects\flutter\49\49-mobile-app\lib\features\installment_feature\installment_details\presentation\cubit\installment_details_state.dart", "Dart", 36, 0, 4, 40
"d:\projects\flutter\49\49-mobile-app\lib\features\installment_feature\installment_details\presentation\pages\installment_details.dart", "Dart", 275, 0, 13, 288
"d:\projects\flutter\49\49-mobile-app\lib\features\installment_feature\installment_list\data\datasources\installment_list_remote_datasource.dart", "Dart", 23, 0, 6, 29
"d:\projects\flutter\49\49-mobile-app\lib\features\installment_feature\installment_list\data\models\installment_model.dart", "Dart", 17, 0, 3, 20
"d:\projects\flutter\49\49-mobile-app\lib\features\installment_feature\installment_list\data\models\installment_plan_model.dart", "Dart", 23, 0, 2, 25
"d:\projects\flutter\49\49-mobile-app\lib\features\installment_feature\installment_list\data\repositories\installment_list_repo_impl.dart", "Dart", 13, 0, 5, 18
"d:\projects\flutter\49\49-mobile-app\lib\features\installment_feature\installment_list\domain\entities\installment_entity.dart", "Dart", 12, 0, 2, 14
"d:\projects\flutter\49\49-mobile-app\lib\features\installment_feature\installment_list\domain\entities\installment_plan_entity.dart", "Dart", 14, 0, 1, 15
"d:\projects\flutter\49\49-mobile-app\lib\features\installment_feature\installment_list\domain\repositories\installment_list_repo.dart", "Dart", 6, 0, 3, 9
"d:\projects\flutter\49\49-mobile-app\lib\features\installment_feature\installment_list\domain\usecases\get_installment_list_usecase.dart", "Dart", 14, 0, 4, 18
"d:\projects\flutter\49\49-mobile-app\lib\features\installment_feature\installment_list\presentation\cubit\installment_list_cubit.dart", "Dart", 42, 1, 10, 53
"d:\projects\flutter\49\49-mobile-app\lib\features\installment_feature\installment_list\presentation\cubit\installment_list_state.dart", "Dart", 38, 0, 5, 43
"d:\projects\flutter\49\49-mobile-app\lib\features\installment_feature\installment_list\presentation\pages\installment_view.dart", "Dart", 164, 21, 7, 192
"d:\projects\flutter\49\49-mobile-app\lib\features\installment_feature\installment_list\presentation\widgets\installment_ad_card.dart", "Dart", 142, 4, 6, 152
"d:\projects\flutter\49\49-mobile-app\lib\features\installment_feature\installments\presentation\bloc\installments_bloc.dart", "Dart", 10, 1, 3, 14
"d:\projects\flutter\49\49-mobile-app\lib\features\installment_feature\installments\presentation\bloc\installments_event.dart", "Dart", 6, 0, 3, 9
"d:\projects\flutter\49\49-mobile-app\lib\features\installment_feature\installments\presentation\bloc\installments_state.dart", "Dart", 7, 0, 4, 11
"d:\projects\flutter\49\49-mobile-app\lib\features\installment_feature\installments\presentation\pages\installment_order_details.dart", "Dart", 142, 0, 7, 149
"d:\projects\flutter\49\49-mobile-app\lib\features\installment_feature\installments\presentation\pages\installment_orders_list.dart", "Dart", 22, 0, 4, 26
"d:\projects\flutter\49\49-mobile-app\lib\features\installment_feature\installments\presentation\widgets\public\order_card.dart", "Dart", 68, 0, 4, 72
"d:\projects\flutter\49\49-mobile-app\lib\features\installment_feature\installments\presentation\widgets\public\product_card.dart", "Dart", 46, 0, 4, 50
"d:\projects\flutter\49\49-mobile-app\lib\features\installment_feature\installments\presentation\widgets\public\vendor_card.dart", "Dart", 24, 0, 4, 28
"d:\projects\flutter\49\49-mobile-app\lib\features\lucky_wheel\data\data_sources\wheel_remote_data_source.dart", "Dart", 52, 0, 9, 61
"d:\projects\flutter\49\49-mobile-app\lib\features\lucky_wheel\data\models\wheel_item_model.dart", "Dart", 19, 0, 4, 23
"d:\projects\flutter\49\49-mobile-app\lib\features\lucky_wheel\data\models\wheel_model.dart", "Dart", 14, 0, 3, 17
"d:\projects\flutter\49\49-mobile-app\lib\features\lucky_wheel\data\models\wheel_wallet_model.dart", "Dart", 18, 0, 3, 21
"d:\projects\flutter\49\49-mobile-app\lib\features\lucky_wheel\data\repositories\wheel_repository_impl.dart", "Dart", 23, 0, 7, 30
"d:\projects\flutter\49\49-mobile-app\lib\features\lucky_wheel\domain\entities\wheel_entity.dart", "Dart", 15, 0, 4, 19
"d:\projects\flutter\49\49-mobile-app\lib\features\lucky_wheel\domain\entities\wheel_item_entity.dart", "Dart", 21, 0, 4, 25
"d:\projects\flutter\49\49-mobile-app\lib\features\lucky_wheel\domain\entities\wheel_wallet_entity.dart", "Dart", 23, 0, 4, 27
"d:\projects\flutter\49\49-mobile-app\lib\features\lucky_wheel\domain\repositories\wheel_repository.dart", "Dart", 10, 0, 2, 12
"d:\projects\flutter\49\49-mobile-app\lib\features\lucky_wheel\domain\use_cases\get_wheel_use_case.dart", "Dart", 13, 0, 5, 18
"d:\projects\flutter\49\49-mobile-app\lib\features\lucky_wheel\domain\use_cases\get_wheel_wallet_use_case.dart", "Dart", 13, 0, 5, 18
"d:\projects\flutter\49\49-mobile-app\lib\features\lucky_wheel\domain\use_cases\spin_wheel_use_case.dart", "Dart", 13, 0, 5, 18
"d:\projects\flutter\49\49-mobile-app\lib\features\lucky_wheel\presentation\controllers\spin_wheel_cubit\spin_wheel_cubit.dart", "Dart", 85, 0, 9, 94
"d:\projects\flutter\49\49-mobile-app\lib\features\lucky_wheel\presentation\controllers\wheel_cubit\wheel_cubit.dart", "Dart", 21, 0, 4, 25
"d:\projects\flutter\49\49-mobile-app\lib\features\lucky_wheel\presentation\controllers\wheel_wallet_cubit\wheel_wallet_cubit.dart", "Dart", 22, 0, 5, 27
"d:\projects\flutter\49\49-mobile-app\lib\features\lucky_wheel\presentation\pages\lucky_wheel.dart", "Dart", 83, 0, 4, 87
"d:\projects\flutter\49\49-mobile-app\lib\features\mazadat_feature\auction_details\data\datasources\auction_details_remote_datasource.dart", "Dart", 61, 0, 11, 72
"d:\projects\flutter\49\49-mobile-app\lib\features\mazadat_feature\auction_details\data\models\bidding_model.dart", "Dart", 16, 0, 3, 19
"d:\projects\flutter\49\49-mobile-app\lib\features\mazadat_feature\auction_details\data\repositories\auction_details_repo_impl.dart", "Dart", 35, 0, 9, 44
"d:\projects\flutter\49\49-mobile-app\lib\features\mazadat_feature\auction_details\domain\entities\bidding_entity.dart", "Dart", 16, 0, 3, 19
"d:\projects\flutter\49\49-mobile-app\lib\features\mazadat_feature\auction_details\domain\repositories\auction_details_repo.dart", "Dart", 15, 0, 3, 18
"d:\projects\flutter\49\49-mobile-app\lib\features\mazadat_feature\auction_details\domain\usecases\end_auction_usecase.dart", "Dart", 12, 0, 4, 16
"d:\projects\flutter\49\49-mobile-app\lib\features\mazadat_feature\auction_details\domain\usecases\follow_users_auction_usecase.dart", "Dart", 12, 0, 4, 16
"d:\projects\flutter\49\49-mobile-app\lib\features\mazadat_feature\auction_details\domain\usecases\get_auction_details_usecase.dart", "Dart", 13, 0, 4, 17
"d:\projects\flutter\49\49-mobile-app\lib\features\mazadat_feature\auction_details\domain\usecases\get_auction_requests_usecase.dart", "Dart", 13, 0, 3, 16
"d:\projects\flutter\49\49-mobile-app\lib\features\mazadat_feature\auction_details\domain\usecases\send_bidding_usecase.dart", "Dart", 18, 0, 5, 23
"d:\projects\flutter\49\49-mobile-app\lib\features\mazadat_feature\auction_details\presentation\cubit\auction_details_cubit.dart", "Dart", 81, 0, 11, 92
"d:\projects\flutter\49\49-mobile-app\lib\features\mazadat_feature\auction_details\presentation\cubit\auction_details_state.dart", "Dart", 32, 0, 4, 36
"d:\projects\flutter\49\49-mobile-app\lib\features\mazadat_feature\auction_details\presentation\pages\Mazad_details.dart", "Dart", 220, 0, 10, 230
"d:\projects\flutter\49\49-mobile-app\lib\features\mazadat_feature\auction_details\presentation\widgets\Biddings.dart", "Dart", 57, 0, 6, 63
"d:\projects\flutter\49\49-mobile-app\lib\features\mazadat_feature\auction_details\presentation\widgets\DetailsCounterWidget.dart", "Dart", 88, 0, 4, 92
"d:\projects\flutter\49\49-mobile-app\lib\features\mazadat_feature\auction_details\presentation\widgets\PlaceBidding.dart", "Dart", 139, 0, 10, 149
"d:\projects\flutter\49\49-mobile-app\lib\features\mazadat_feature\auction_list\data\datasources\auction_list_remote_date_source.dart", "Dart", 25, 0, 3, 28
"d:\projects\flutter\49\49-mobile-app\lib\features\mazadat_feature\auction_list\data\models\auction_model.dart", "Dart", 39, 0, 3, 42
"d:\projects\flutter\49\49-mobile-app\lib\features\mazadat_feature\auction_list\data\repositories\auction_list_repo_impl.dart", "Dart", 15, 0, 6, 21
"d:\projects\flutter\49\49-mobile-app\lib\features\mazadat_feature\auction_list\domain\entities\auction_entity.dart", "Dart", 36, 0, 4, 40
"d:\projects\flutter\49\49-mobile-app\lib\features\mazadat_feature\auction_list\domain\repositories\auction_list_repo.dart", "Dart", 8, 0, 3, 11
"d:\projects\flutter\49\49-mobile-app\lib\features\mazadat_feature\auction_list\domain\usecases\get_auction_list_usecase.dart", "Dart", 15, 0, 3, 18
"d:\projects\flutter\49\49-mobile-app\lib\features\mazadat_feature\auction_list\presentation\cubit\auction_list_cubit.dart", "Dart", 43, 1, 10, 54
"d:\projects\flutter\49\49-mobile-app\lib\features\mazadat_feature\auction_list\presentation\cubit\auction_list_state.dart", "Dart", 39, 0, 4, 43
"d:\projects\flutter\49\49-mobile-app\lib\features\mazadat_feature\auction_list\presentation\pages\Mazadat_view.dart", "Dart", 158, 19, 7, 184
"d:\projects\flutter\49\49-mobile-app\lib\features\mazadat_feature\auction_list\presentation\widgets\auction_card.dart", "Dart", 146, 4, 5, 155
"d:\projects\flutter\49\49-mobile-app\lib\features\mazadat_feature\create_auction\data\datasources\create_auction_remotedata_source.dart", "Dart", 21, 0, 4, 25
"d:\projects\flutter\49\49-mobile-app\lib\features\mazadat_feature\create_auction\data\repositories\create_auction_repo_impl.dart", "Dart", 14, 0, 5, 19
"d:\projects\flutter\49\49-mobile-app\lib\features\mazadat_feature\create_auction\domain\repositories\create_auction_repo.dart", "Dart", 7, 0, 2, 9
"d:\projects\flutter\49\49-mobile-app\lib\features\mazadat_feature\create_auction\domain\usecases\create_auction_usecase.dart", "Dart", 30, 0, 5, 35
"d:\projects\flutter\49\49-mobile-app\lib\features\mazadat_feature\create_auction\presentation\cubit\create_auction_cubit.dart", "Dart", 25, 0, 4, 29
"d:\projects\flutter\49\49-mobile-app\lib\features\mazadat_feature\create_auction\presentation\pages\create_auction_view.dart", "Dart", 72, 0, 4, 76
"d:\projects\flutter\49\49-mobile-app\lib\features\notifications\data\models\notification_model.dart", "Dart", 9, 0, 2, 11
"d:\projects\flutter\49\49-mobile-app\lib\features\notifications\domain\entities\notification_entity.dart", "Dart", 14, 0, 1, 15
"d:\projects\flutter\49\49-mobile-app\lib\features\notifications\presentation\cubit\notifications_cubit.dart", "Dart", 6, 0, 3, 9
"d:\projects\flutter\49\49-mobile-app\lib\features\notifications\presentation\cubit\notifications_state.dart", "Dart", 7, 0, 4, 11
"d:\projects\flutter\49\49-mobile-app\lib\features\notifications\presentation\pages\notification_view.dart", "Dart", 100, 0, 5, 105
"d:\projects\flutter\49\49-mobile-app\lib\features\notifications\presentation\widgets\notification_card.dart", "Dart", 61, 0, 5, 66
"d:\projects\flutter\49\49-mobile-app\lib\features\payment\presentation\cubit\payment_cubit.dart", "Dart", 6, 0, 3, 9
"d:\projects\flutter\49\49-mobile-app\lib\features\payment\presentation\cubit\payment_state.dart", "Dart", 7, 0, 4, 11
"d:\projects\flutter\49\49-mobile-app\lib\features\payment\presentation\pages\payment_view.dart", "Dart", 18, 0, 4, 22
"d:\projects\flutter\49\49-mobile-app\lib\features\quraan\presentation\cubit\quraan_cubit.dart", "Dart", 6, 0, 3, 9
"d:\projects\flutter\49\49-mobile-app\lib\features\quraan\presentation\cubit\quraan_state.dart", "Dart", 7, 0, 4, 11
"d:\projects\flutter\49\49-mobile-app\lib\features\quraan\presentation\pages\quraan_view.dart", "Dart", 11, 0, 4, 15
"d:\projects\flutter\49\49-mobile-app\lib\features\register\driver_register\data\datasources\rider_register_remote_data_source.dart", "Dart", 60, 0, 9, 69
"d:\projects\flutter\49\49-mobile-app\lib\features\register\driver_register\data\models\rider_info_model.dart", "Dart", 27, 0, 2, 29
"d:\projects\flutter\49\49-mobile-app\lib\features\register\driver_register\data\repositories\rider_register_repo_impl.dart", "Dart", 22, 3, 9, 34
"d:\projects\flutter\49\49-mobile-app\lib\features\register\driver_register\domain\entities\rider_info_entity.dart", "Dart", 13, 0, 2, 15
"d:\projects\flutter\49\49-mobile-app\lib\features\register\driver_register\domain\repositories\rider_register_repo.dart", "Dart", 14, 0, 4, 18
"d:\projects\flutter\49\49-mobile-app\lib\features\register\driver_register\presentation\cubit\driver_register_cubit.dart", "Dart", 106, 6, 14, 126
"d:\projects\flutter\49\49-mobile-app\lib\features\register\driver_register\presentation\cubit\driver_register_state.dart", "Dart", 51, 0, 5, 56
"d:\projects\flutter\49\49-mobile-app\lib\features\register\driver_register\presentation\pages\driver_register_view.dart", "Dart", 63, 1, 7, 71
"d:\projects\flutter\49\49-mobile-app\lib\features\register\driver_register\presentation\pages\taps\choose_register_subcategories.dart", "Dart", 39, 0, 4, 43
"d:\projects\flutter\49\49-mobile-app\lib\features\register\driver_register\presentation\pages\taps\enter_car_info.dart", "Dart", 145, 3, 8, 156
"d:\projects\flutter\49\49-mobile-app\lib\features\register\driver_register\presentation\pages\taps\enter_personal_info.dart", "Dart", 165, 3, 10, 178
"d:\projects\flutter\49\49-mobile-app\lib\features\register\driver_register\presentation\pages\taps\thank_you.dart", "Dart", 44, 0, 4, 48
"d:\projects\flutter\49\49-mobile-app\lib\features\register\driver_register\presentation\pages\taps\upload_car_license_images.dart", "Dart", 48, 0, 4, 52
"d:\projects\flutter\49\49-mobile-app\lib\features\register\driver_register\presentation\pages\taps\upload_national_id.dart", "Dart", 43, 0, 4, 47
"d:\projects\flutter\49\49-mobile-app\lib\features\register\driver_register\presentation\widgets\upload_image.dart", "Dart", 43, 0, 4, 47
"d:\projects\flutter\49\49-mobile-app\lib\features\requests_history\data\datasources\request_history_remote_data_source.dart", "Dart", 45, 0, 7, 52
"d:\projects\flutter\49\49-mobile-app\lib\features\requests_history\data\models\address_model.dart", "Dart", 26, 0, 2, 28
"d:\projects\flutter\49\49-mobile-app\lib\features\requests_history\data\models\call_model.dart", "Dart", 21, 0, 4, 25
"d:\projects\flutter\49\49-mobile-app\lib\features\requests_history\data\models\driver_model.dart", "Dart", 41, 0, 4, 45
"d:\projects\flutter\49\49-mobile-app\lib\features\requests_history\data\models\food_order_model.dart", "Dart", 21, 0, 3, 24
"d:\projects\flutter\49\49-mobile-app\lib\features\requests_history\data\models\offer_model.dart", "Dart", 45, 0, 4, 49
"d:\projects\flutter\49\49-mobile-app\lib\features\requests_history\data\models\shipping_request_model.dart", "Dart", 54, 0, 2, 56
"d:\projects\flutter\49\49-mobile-app\lib\features\requests_history\data\models\trip_model.dart", "Dart", 73, 0, 5, 78
"d:\projects\flutter\49\49-mobile-app\lib\features\requests_history\data\repositories\history_ride_repo_impl.dart", "Dart", 24, 0, 8, 32
"d:\projects\flutter\49\49-mobile-app\lib\features\requests_history\domain\entities\address_entity.dart", "Dart", 21, 0, 2, 23
"d:\projects\flutter\49\49-mobile-app\lib\features\requests_history\domain\entities\driver_entity.dart", "Dart", 23, 0, 3, 26
"d:\projects\flutter\49\49-mobile-app\lib\features\requests_history\domain\entities\food_order_entity.dart", "Dart", 17, 0, 4, 21
"d:\projects\flutter\49\49-mobile-app\lib\features\requests_history\domain\entities\shipping_request_entity.dart", "Dart", 47, 0, 4, 51
"d:\projects\flutter\49\49-mobile-app\lib\features\requests_history\domain\entities\trip_entity.dart", "Dart", 40, 0, 4, 44
"d:\projects\flutter\49\49-mobile-app\lib\features\requests_history\domain\repositories\history_ride_repo.dart", "Dart", 10, 0, 3, 13
"d:\projects\flutter\49\49-mobile-app\lib\features\requests_history\domain\usecases\get_food_history_usecase.dart", "Dart", 13, 0, 4, 17
"d:\projects\flutter\49\49-mobile-app\lib\features\requests_history\domain\usecases\get_history_ride_use_case.dart", "Dart", 13, 0, 4, 17
"d:\projects\flutter\49\49-mobile-app\lib\features\requests_history\domain\usecases\get_shipping_requests_usecase.dart", "Dart", 14, 0, 4, 18
"d:\projects\flutter\49\49-mobile-app\lib\features\requests_history\presentation\cubit\request_history_cubit.dart", "Dart", 62, 0, 10, 72
"d:\projects\flutter\49\49-mobile-app\lib\features\requests_history\presentation\cubit\request_history_state.dart", "Dart", 39, 0, 4, 43
"d:\projects\flutter\49\49-mobile-app\lib\features\requests_history\presentation\pages\requests_history_view.dart", "Dart", 132, 0, 9, 141
"d:\projects\flutter\49\49-mobile-app\lib\features\requests_history\presentation\widgets\food_order_card.dart", "Dart", 128, 0, 6, 134
"d:\projects\flutter\49\49-mobile-app\lib\features\requests_history\presentation\widgets\offer_ride_card.dart", "Dart", 63, 0, 4, 67
"d:\projects\flutter\49\49-mobile-app\lib\features\requests_history\presentation\widgets\shipping_request_card.dart", "Dart", 104, 0, 3, 107
"d:\projects\flutter\49\49-mobile-app\lib\features\requests_history\presentation\widgets\trip_card.dart", "Dart", 241, 0, 9, 250
"d:\projects\flutter\49\49-mobile-app\lib\features\ride\RideRequest\data\datasources\remote_data_source.dart", "Dart", 229, 12, 41, 282
"d:\projects\flutter\49\49-mobile-app\lib\features\ride\RideRequest\data\models\address_search_params_model.dart", "Dart", 17, 0, 4, 21
"d:\projects\flutter\49\49-mobile-app\lib\features\ride\RideRequest\data\models\car_models_model.dart", "Dart", 2, 0, 2, 4
"d:\projects\flutter\49\49-mobile-app\lib\features\ride\RideRequest\data\models\car_type_model.dart", "Dart", 31, 0, 5, 36
"d:\projects\flutter\49\49-mobile-app\lib\features\ride\RideRequest\data\models\come_with_you_model.dart", "Dart", 28, 13, 4, 45
"d:\projects\flutter\49\49-mobile-app\lib\features\ride\RideRequest\data\models\driver_review_model.dart", "Dart", 18, 0, 3, 21
"d:\projects\flutter\49\49-mobile-app\lib\features\ride\RideRequest\data\models\expected_price_model.dart", "Dart", 25, 23, 8, 56
"d:\projects\flutter\49\49-mobile-app\lib\features\ride\RideRequest\data\models\google_search_results.dart", "Dart", 50, 0, 12, 62
"d:\projects\flutter\49\49-mobile-app\lib\features\ride\RideRequest\data\models\params\expected_price_params.dart", "Dart", 18, 0, 2, 20
"d:\projects\flutter\49\49-mobile-app\lib\features\ride\RideRequest\data\models\report_model.dart", "Dart", 7, 0, 2, 9
"d:\projects\flutter\49\49-mobile-app\lib\features\ride\RideRequest\data\models\ride_offer_model.dart", "Dart", 5, 0, 2, 7
"d:\projects\flutter\49\49-mobile-app\lib\features\ride\RideRequest\data\models\ride_request_model.dart", "Dart", 54, 0, 5, 59
"d:\projects\flutter\49\49-mobile-app\lib\features\ride\RideRequest\data\models\ride_thumbnail_model.dart", "Dart", 18, 0, 3, 21
"d:\projects\flutter\49\49-mobile-app\lib\features\ride\RideRequest\data\repositories\ride_request_repo_impl.dart", "Dart", 107, 3, 22, 132
"d:\projects\flutter\49\49-mobile-app\lib\features\ride\RideRequest\domain\entity\address_search_params_entity.dart", "Dart", 7, 0, 1, 8
"d:\projects\flutter\49\49-mobile-app\lib\features\ride\RideRequest\domain\entity\car_model_entity.dart", "Dart", 1, 0, 1, 2
"d:\projects\flutter\49\49-mobile-app\lib\features\ride\RideRequest\domain\entity\car_type_entity.dart", "Dart", 16, 0, 2, 18
"d:\projects\flutter\49\49-mobile-app\lib\features\ride\RideRequest\domain\entity\come_with_you_entity.dart", "Dart", 25, 0, 2, 27
"d:\projects\flutter\49\49-mobile-app\lib\features\ride\RideRequest\domain\entity\driver_review_entity.dart", "Dart", 15, 0, 2, 17
"d:\projects\flutter\49\49-mobile-app\lib\features\ride\RideRequest\domain\entity\expected_price_entity.dart", "Dart", 11, 0, 2, 13
"d:\projects\flutter\49\49-mobile-app\lib\features\ride\RideRequest\domain\entity\report_entity.dart", "Dart", 9, 0, 1, 10
"d:\projects\flutter\49\49-mobile-app\lib\features\ride\RideRequest\domain\entity\ride_offer_entity.dart", "Dart", 10, 0, 1, 11
"d:\projects\flutter\49\49-mobile-app\lib\features\ride\RideRequest\domain\entity\ride_request_entity.dart", "Dart", 39, 0, 2, 41
"d:\projects\flutter\49\49-mobile-app\lib\features\ride\RideRequest\domain\entity\ride_thumbnail_entity.dart", "Dart", 12, 0, 3, 15
"d:\projects\flutter\49\49-mobile-app\lib\features\ride\RideRequest\domain\repositories\ride_request_repo.dart", "Dart", 45, 0, 5, 50
"d:\projects\flutter\49\49-mobile-app\lib\features\ride\RideRequest\domain\usecases\get_ride_thumbnails.dart", "Dart", 14, 0, 3, 17
"d:\projects\flutter\49\49-mobile-app\lib\features\ride\RideRequest\domain\usecases\request\add_ride_request_usecase.dart", "Dart", 13, 0, 3, 16
"d:\projects\flutter\49\49-mobile-app\lib\features\ride\RideRequest\domain\usecases\request\get_car_types_use_case.dart", "Dart", 13, 0, 3, 16
"d:\projects\flutter\49\49-mobile-app\lib\features\ride\RideRequest\domain\usecases\request\get_expected_price_use_case.dart", "Dart", 15, 0, 4, 19
"d:\projects\flutter\49\49-mobile-app\lib\features\ride\RideRequest\domain\usecases\request\get_near_by_places_usecase.dart", "Dart", 16, 0, 3, 19
"d:\projects\flutter\49\49-mobile-app\lib\features\ride\RideRequest\domain\usecases\request\get_ride_sub_categories_use_case.dart", "Dart", 13, 0, 3, 16
"d:\projects\flutter\49\49-mobile-app\lib\features\ride\RideRequest\presentation\cubit\riderequest_cubit.dart", "Dart", 182, 21, 22, 225
"d:\projects\flutter\49\49-mobile-app\lib\features\ride\RideRequest\presentation\cubit\riderequest_state.dart", "Dart", 99, 0, 7, 106
"d:\projects\flutter\49\49-mobile-app\lib\features\ride\RideRequest\presentation\pages\ride_request_view.dart", "Dart", 67, 0, 3, 70
"d:\projects\flutter\49\49-mobile-app\lib\features\ride\RideRequest\presentation\widgets\common\dashboard_banner.dart", "Dart", 50, 0, 3, 53
"d:\projects\flutter\49\49-mobile-app\lib\features\ride\RideRequest\presentation\widgets\customer\createOrder\cancel_order.dart", "Dart", 36, 0, 4, 40
"d:\projects\flutter\49\49-mobile-app\lib\features\ride\RideRequest\presentation\widgets\customer\createOrder\categoryInfo.dart", "Dart", 0, 53, 4, 57
"d:\projects\flutter\49\49-mobile-app\lib\features\ride\RideRequest\presentation\widgets\customer\createOrder\changePhoneNumber.dart", "Dart", 61, 0, 3, 64
"d:\projects\flutter\49\49-mobile-app\lib\features\ride\RideRequest\presentation\widgets\customer\createOrder\giveOffer.dart", "Dart", 86, 0, 4, 90
"d:\projects\flutter\49\49-mobile-app\lib\features\ride\RideRequest\presentation\widgets\customer\createOrder\map_picker.dart", "Dart", 225, 3, 18, 246
"d:\projects\flutter\49\49-mobile-app\lib\features\ride\RideRequest\presentation\widgets\customer\createOrder\options_bottom_sheet.dart", "Dart", 333, 9, 8, 350
"d:\projects\flutter\49\49-mobile-app\lib\features\ride\RideRequest\presentation\widgets\customer\createOrder\ride_options.dart", "Dart", 74, 1, 4, 79
"d:\projects\flutter\49\49-mobile-app\lib\features\ride\RideRequest\presentation\widgets\customer\createOrder\selectDropOffPoints.dart", "Dart", 155, 0, 7, 162
"d:\projects\flutter\49\49-mobile-app\lib\features\ride\RideRequest\presentation\widgets\customer\offers\offer_card.dart", "Dart", 66, 0, 4, 70
"d:\projects\flutter\49\49-mobile-app\lib\features\ride\RideRequest\presentation\widgets\customer\offers\offer_control.dart", "Dart", 77, 1, 4, 82
"d:\projects\flutter\49\49-mobile-app\lib\features\ride\RideRequest\presentation\widgets\customer\offers\offers.dart", "Dart", 46, 4, 6, 56
"d:\projects\flutter\49\49-mobile-app\lib\features\ride\driver_dashboard\data\datasources\driver_dashboard_remote_data_source.dart", "Dart", 47, 0, 8, 55
"d:\projects\flutter\49\49-mobile-app\lib\features\ride\driver_dashboard\data\models\driver_statistics_model.dart", "Dart", 27, 0, 4, 31
"d:\projects\flutter\49\49-mobile-app\lib\features\ride\driver_dashboard\data\repositories\driver_dashboard_repo_impl.dart", "Dart", 28, 0, 9, 37
"d:\projects\flutter\49\49-mobile-app\lib\features\ride\driver_dashboard\domain\entities\driver_statistics_entity.dart", "Dart", 13, 0, 2, 15
"d:\projects\flutter\49\49-mobile-app\lib\features\ride\driver_dashboard\domain\repositories\driver_dashboard_repo.dart", "Dart", 12, 0, 4, 16
"d:\projects\flutter\49\49-mobile-app\lib\features\ride\driver_dashboard\domain\usecases\accept_ride_usecase.dart", "Dart", 12, 0, 4, 16
"d:\projects\flutter\49\49-mobile-app\lib\features\ride\driver_dashboard\domain\usecases\create_rider_offer_usecase.dart", "Dart", 28, 0, 6, 34
"d:\projects\flutter\49\49-mobile-app\lib\features\ride\driver_dashboard\domain\usecases\get_driver_new_trips_usecase.dart", "Dart", 13, 0, 4, 17
"d:\projects\flutter\49\49-mobile-app\lib\features\ride\driver_dashboard\domain\usecases\get_driver_statistics_usecase.dart", "Dart", 14, 0, 5, 19
"d:\projects\flutter\49\49-mobile-app\lib\features\ride\driver_dashboard\presentation\cubit\driver_dashboard_cubit.dart", "Dart", 51, 0, 8, 59
"d:\projects\flutter\49\49-mobile-app\lib\features\ride\driver_dashboard\presentation\cubit\driver_dashboard_state.dart", "Dart", 36, 0, 6, 42
"d:\projects\flutter\49\49-mobile-app\lib\features\ride\driver_dashboard\presentation\pages\driver_dashboard_view.dart", "Dart", 89, 6, 5, 100
"d:\projects\flutter\49\49-mobile-app\lib\features\ride\driver_dashboard\presentation\widgets\driver_statistics_widget.dart", "Dart", 65, 0, 5, 70
"d:\projects\flutter\49\49-mobile-app\lib\features\ride\driver_dashboard\presentation\widgets\driver_trip_card.dart", "Dart", 130, 0, 3, 133
"d:\projects\flutter\49\49-mobile-app\lib\features\ride\driver_dashboard\presentation\widgets\driver_trip_details.dart", "Dart", 188, 0, 5, 193
"d:\projects\flutter\49\49-mobile-app\lib\features\ride\offers_ride\presentation\cubit\offers_ride_cubit.dart", "Dart", 6, 0, 3, 9
"d:\projects\flutter\49\49-mobile-app\lib\features\ride\offers_ride\presentation\cubit\offers_ride_state.dart", "Dart", 7, 0, 4, 11
"d:\projects\flutter\49\49-mobile-app\lib\features\ride\offers_ride\presentation\pages\offers_ride_view.dart", "Dart", 8, 0, 3, 11
"d:\projects\flutter\49\49-mobile-app\lib\features\ride\trip_details\data\datasources\remote_data_source.dart", "Dart", 38, 1, 7, 46
"d:\projects\flutter\49\49-mobile-app\lib\features\ride\trip_details\data\models\cancel_reason_model.dart", "Dart", 7, 0, 2, 9
"d:\projects\flutter\49\49-mobile-app\lib\features\ride\trip_details\data\models\trip_and_request_model.dart", "Dart", 13, 0, 3, 16
"d:\projects\flutter\49\49-mobile-app\lib\features\ride\trip_details\data\models\trip_request_model.dart", "Dart", 23, 0, 3, 26
"d:\projects\flutter\49\49-mobile-app\lib\features\ride\trip_details\data\repositories\trip_details_repo_impl.dart", "Dart", 19, 0, 6, 25
"d:\projects\flutter\49\49-mobile-app\lib\features\ride\trip_details\domain\entities\cancel_reason_entity.dart", "Dart", 5, 0, 1, 6
"d:\projects\flutter\49\49-mobile-app\lib\features\ride\trip_details\domain\entities\trip_and_request_entity.dart", "Dart", 7, 0, 3, 10
"d:\projects\flutter\49\49-mobile-app\lib\features\ride\trip_details\domain\entities\trip_request_entity.dart", "Dart", 19, 0, 2, 21
"d:\projects\flutter\49\49-mobile-app\lib\features\ride\trip_details\domain\repositories\trip_details_repo.dart", "Dart", 8, 0, 3, 11
"d:\projects\flutter\49\49-mobile-app\lib\features\ride\trip_details\domain\usecases\get_cancel_reason_use_case.dart", "Dart", 14, 0, 4, 18
"d:\projects\flutter\49\49-mobile-app\lib\features\ride\trip_details\domain\usecases\get_trip_details_use_case.dart", "Dart", 13, 0, 4, 17
"d:\projects\flutter\49\49-mobile-app\lib\features\ride\trip_details\presentation\cubit\trip_details_cubit.dart", "Dart", 36, 0, 6, 42
"d:\projects\flutter\49\49-mobile-app\lib\features\ride\trip_details\presentation\cubit\trip_details_state.dart", "Dart", 34, 0, 8, 42
"d:\projects\flutter\49\49-mobile-app\lib\features\ride\trip_details\presentation\pages\trip_details_view.dart", "Dart", 18, 0, 3, 21
"d:\projects\flutter\49\49-mobile-app\lib\features\ride\trip_details\presentation\widgets\cancel_reasons.dart", "Dart", 20, 0, 4, 24
"d:\projects\flutter\49\49-mobile-app\lib\features\ride\trip_details\presentation\widgets\started_trip_widget.dart", "Dart", 168, 0, 7, 175
"d:\projects\flutter\49\49-mobile-app\lib\features\ride\trip_details\presentation\widgets\trip_details.dart", "Dart", 16, 0, 5, 21
"d:\projects\flutter\49\49-mobile-app\lib\features\ride\trip_details\presentation\widgets\trip_offers_widget.dart", "Dart", 161, 1, 5, 167
"d:\projects\flutter\49\49-mobile-app\lib\features\settings\presentation\cubit\settings_cubit.dart", "Dart", 6, 0, 3, 9
"d:\projects\flutter\49\49-mobile-app\lib\features\settings\presentation\cubit\settings_state.dart", "Dart", 7, 0, 4, 11
"d:\projects\flutter\49\49-mobile-app\lib\features\settings\presentation\pages\settings_view.dart", "Dart", 110, 2, 4, 116
"d:\projects\flutter\49\49-mobile-app\lib\features\shipping\create_shipping_request\data\datasources\create_shipping_remote_data_source.dart", "Dart", 70, 1, 14, 85
"d:\projects\flutter\49\49-mobile-app\lib\features\shipping\create_shipping_request\data\datasources\images_data_source.dart", "Dart", 8, 1, 2, 11
"d:\projects\flutter\49\49-mobile-app\lib\features\shipping\create_shipping_request\data\datasources\shipping_data_source.dart", "Dart", 20, 0, 4, 24
"d:\projects\flutter\49\49-mobile-app\lib\features\shipping\create_shipping_request\data\models\banner_model\banner_model.dart", "Dart", 20, 0, 5, 25
"d:\projects\flutter\49\49-mobile-app\lib\features\shipping\create_shipping_request\data\models\banner_model\main_category.dart", "Dart", 32, 0, 4, 36
"d:\projects\flutter\49\49-mobile-app\lib\features\shipping\create_shipping_request\data\models\banner_model\sub_category.dart", "Dart", 28, 0, 4, 32
"d:\projects\flutter\49\49-mobile-app\lib\features\shipping\create_shipping_request\data\models\car_images_s3_model\car_image.dart", "Dart", 13, 0, 4, 17
"d:\projects\flutter\49\49-mobile-app\lib\features\shipping\create_shipping_request\data\models\car_images_s3_model\car_images_s3_model.dart", "Dart", 18, 0, 5, 23
"d:\projects\flutter\49\49-mobile-app\lib\features\shipping\create_shipping_request\data\models\car_license_s3_model\car_license_behind.dart", "Dart", 15, 0, 4, 19
"d:\projects\flutter\49\49-mobile-app\lib\features\shipping\create_shipping_request\data\models\car_license_s3_model\car_license_front.dart", "Dart", 15, 0, 4, 19
"d:\projects\flutter\49\49-mobile-app\lib\features\shipping\create_shipping_request\data\models\car_license_s3_model\car_license_s3_model.dart", "Dart", 30, 0, 5, 35
"d:\projects\flutter\49\49-mobile-app\lib\features\shipping\create_shipping_request\data\models\driver_register_request_model.dart", "Dart", 21, 0, 3, 24
"d:\projects\flutter\49\49-mobile-app\lib\features\shipping\create_shipping_request\data\models\drivnig_license_s3_model\driving_license_behind.dart", "Dart", 15, 0, 4, 19
"d:\projects\flutter\49\49-mobile-app\lib\features\shipping\create_shipping_request\data\models\drivnig_license_s3_model\driving_license_front.dart", "Dart", 15, 0, 4, 19
"d:\projects\flutter\49\49-mobile-app\lib\features\shipping\create_shipping_request\data\models\drivnig_license_s3_model\drivnig_license_s3_model.dart", "Dart", 30, 0, 5, 35
"d:\projects\flutter\49\49-mobile-app\lib\features\shipping\create_shipping_request\data\models\info_documents_model\document.dart", "Dart", 16, 0, 4, 20
"d:\projects\flutter\49\49-mobile-app\lib\features\shipping\create_shipping_request\data\models\info_documents_model\info_documents_model.dart", "Dart", 15, 0, 5, 20
"d:\projects\flutter\49\49-mobile-app\lib\features\shipping\create_shipping_request\data\models\info_id_s3_model\id_behind.dart", "Dart", 13, 0, 4, 17
"d:\projects\flutter\49\49-mobile-app\lib\features\shipping\create_shipping_request\data\models\info_id_s3_model\id_front.dart", "Dart", 13, 0, 4, 17
"d:\projects\flutter\49\49-mobile-app\lib\features\shipping\create_shipping_request\data\models\info_id_s3_model\info_id_s3_model.dart", "Dart", 22, 0, 5, 27
"d:\projects\flutter\49\49-mobile-app\lib\features\shipping\create_shipping_request\data\models\register_request_model.dart", "Dart", 47, 0, 3, 50
"d:\projects\flutter\49\49-mobile-app\lib\features\shipping\create_shipping_request\data\models\request_model.dart", "Dart", 18, 0, 2, 20
"d:\projects\flutter\49\49-mobile-app\lib\features\shipping\create_shipping_request\data\repositories\create_shipping_repo_impl.dart", "Dart", 35, 0, 7, 42
"d:\projects\flutter\49\49-mobile-app\lib\features\shipping\create_shipping_request\data\repositories\images_repository.dart", "Dart", 9, 64, 8, 81
"d:\projects\flutter\49\49-mobile-app\lib\features\shipping\create_shipping_request\data\repositories\shipping_repository.dart", "Dart", 68, 76, 10, 154
"d:\projects\flutter\49\49-mobile-app\lib\features\shipping\create_shipping_request\domain\repositories\create_shipping_repo.dart", "Dart", 18, 0, 6, 24
"d:\projects\flutter\49\49-mobile-app\lib\features\shipping\create_shipping_request\domain\usecases\get_shipping_expected_price_usecase.dart", "Dart", 15, 0, 3, 18
"d:\projects\flutter\49\49-mobile-app\lib\features\shipping\create_shipping_request\domain\usecases\get_shipping_subcategories_usecase.dart", "Dart", 14, 0, 3, 17
"d:\projects\flutter\49\49-mobile-app\lib\features\shipping\create_shipping_request\presentation\cubit\create_shipping_request_cubit.dart", "Dart", 131, 4, 14, 149
"d:\projects\flutter\49\49-mobile-app\lib\features\shipping\create_shipping_request\presentation\cubit\create_shipping_request_state.dart", "Dart", 90, 0, 7, 97
"d:\projects\flutter\49\49-mobile-app\lib\features\shipping\create_shipping_request\presentation\cubit\images_cubit.dart", "Dart", 7, 11, 2, 20
"d:\projects\flutter\49\49-mobile-app\lib\features\shipping\create_shipping_request\presentation\cubit\register_shipping_cubit.dart", "Dart", 5, 0, 2, 7
"d:\projects\flutter\49\49-mobile-app\lib\features\shipping\create_shipping_request\presentation\cubit\shipping_cubit.dart", "Dart", 341, 11, 34, 386
"d:\projects\flutter\49\49-mobile-app\lib\features\shipping\create_shipping_request\presentation\cubit\shipping_state.dart", "Dart", 13, 2, 9, 24
"d:\projects\flutter\49\49-mobile-app\lib\features\shipping\create_shipping_request\presentation\pages\create_shipping_view.dart", "Dart", 429, 43, 12, 484
"d:\projects\flutter\49\49-mobile-app\lib\features\shipping\create_shipping_request\presentation\pages\driver_requests.dart", "Dart", 63, 88, 6, 157
"d:\projects\flutter\49\49-mobile-app\lib\features\shipping\create_shipping_request\presentation\pages\register_shipping_screen.dart", "Dart", 611, 286, 13, 910
"d:\projects\flutter\49\49-mobile-app\lib\features\shipping\create_shipping_request\presentation\widgets\create_shipping_governorate_dropdown.dart", "Dart", 0, 28, 3, 31
"d:\projects\flutter\49\49-mobile-app\lib\features\shipping\create_shipping_request\presentation\widgets\from_and_to_widget.dart", "Dart", 174, 1, 7, 182
"d:\projects\flutter\49\49-mobile-app\lib\features\shipping\create_shipping_request\presentation\widgets\image_validation.dart", "Dart", 70, 0, 3, 73
"d:\projects\flutter\49\49-mobile-app\lib\features\shipping\create_shipping_request\presentation\widgets\select_shipping_destination.dart", "Dart", 133, 0, 5, 138
"d:\projects\flutter\49\49-mobile-app\lib\features\shipping\create_shipping_request\presentation\widgets\shipping_banner.dart", "Dart", 72, 1, 3, 76
"d:\projects\flutter\49\49-mobile-app\lib\features\shipping\create_shipping_request\presentation\widgets\shipping_details_widget.dart", "Dart", 164, 0, 8, 172
"d:\projects\flutter\49\49-mobile-app\lib\features\social_media\chat\chat_room\data\datasources\chat_message_remote_datasourse.dart", "Dart", 37, 0, 7, 44
"d:\projects\flutter\49\49-mobile-app\lib\features\social_media\chat\chat_room\data\models\chat_messgaes_model.dart", "Dart", 16, 0, 4, 20
"d:\projects\flutter\49\49-mobile-app\lib\features\social_media\chat\chat_room\data\models\chat_model.dart", "Dart", 26, 0, 3, 29
"d:\projects\flutter\49\49-mobile-app\lib\features\social_media\chat\chat_room\data\models\contact_model.dart", "Dart", 11, 0, 3, 14
"d:\projects\flutter\49\49-mobile-app\lib\features\social_media\chat\chat_room\data\models\message_model.dart", "Dart", 60, 0, 5, 65
"d:\projects\flutter\49\49-mobile-app\lib\features\social_media\chat\chat_room\data\models\typing_and_online_model.dart", "Dart", 13, 0, 3, 16
"d:\projects\flutter\49\49-mobile-app\lib\features\social_media\chat\chat_room\data\repositories\chat_room_repository_implement.dart", "Dart", 22, 0, 6, 28
"d:\projects\flutter\49\49-mobile-app\lib\features\social_media\chat\chat_room\domain\entities\chat_entity.dart", "Dart", 21, 0, 3, 24
"d:\projects\flutter\49\49-mobile-app\lib\features\social_media\chat\chat_room\domain\entities\chat_messgaes_entity.dart", "Dart", 7, 0, 3, 10
"d:\projects\flutter\49\49-mobile-app\lib\features\social_media\chat\chat_room\domain\entities\contact_entity.dart", "Dart", 6, 0, 2, 8
"d:\projects\flutter\49\49-mobile-app\lib\features\social_media\chat\chat_room\domain\entities\message_entity.dart", "Dart", 49, 0, 4, 53
"d:\projects\flutter\49\49-mobile-app\lib\features\social_media\chat\chat_room\domain\repositories\chat_room_repository.dart", "Dart", 10, 0, 3, 13
"d:\projects\flutter\49\49-mobile-app\lib\features\social_media\chat\chat_room\domain\usecases\deleteMessage_usecase.dart", "Dart", 13, 0, 4, 17
"d:\projects\flutter\49\49-mobile-app\lib\features\social_media\chat\chat_room\domain\usecases\delete_message_request.dart", "Dart", 8, 0, 2, 10
"d:\projects\flutter\49\49-mobile-app\lib\features\social_media\chat\chat_room\domain\usecases\getChatMessages_usecase.dart", "Dart", 13, 0, 4, 17
"d:\projects\flutter\49\49-mobile-app\lib\features\social_media\chat\chat_room\presentation\chat_cubit\chat_room_cubit.dart", "Dart", 130, 15, 25, 170
"d:\projects\flutter\49\49-mobile-app\lib\features\social_media\chat\chat_room\presentation\chat_cubit\chat_view_state.dart", "Dart", 34, 0, 9, 43
"d:\projects\flutter\49\49-mobile-app\lib\features\social_media\chat\chat_room\presentation\pages\Chat_room.dart", "Dart", 225, 5, 13, 243
"d:\projects\flutter\49\49-mobile-app\lib\features\social_media\chat\chat_room\presentation\widgets\room\Attachment_types.dart", "Dart", 49, 0, 4, 53
"d:\projects\flutter\49\49-mobile-app\lib\features\social_media\chat\chat_room\presentation\widgets\room\chat_room_app_bar.dart", "Dart", 123, 19, 4, 146
"d:\projects\flutter\49\49-mobile-app\lib\features\social_media\chat\chat_room\presentation\widgets\room\delete_message_body.dart", "Dart", 53, 9, 3, 65
"d:\projects\flutter\49\49-mobile-app\lib\features\social_media\chat\chat_room\presentation\widgets\room\message_card.dart", "Dart", 189, 2, 10, 201
"d:\projects\flutter\49\49-mobile-app\lib\features\social_media\chat\chat_room\presentation\widgets\room\replay_message_widget.dart", "Dart", 58, 0, 5, 63
"d:\projects\flutter\49\49-mobile-app\lib\features\social_media\chat\chat_room\presentation\widgets\room\send_message_widget.dart", "Dart", 378, 5, 27, 410
"d:\projects\flutter\49\49-mobile-app\lib\features\social_media\chat\chat_view\data\datasources\chats_remote_datasourse.dart", "Dart", 112, 0, 15, 127
"d:\projects\flutter\49\49-mobile-app\lib\features\social_media\chat\chat_view\data\models\chat_item_model.dart", "Dart", 61, 0, 6, 67
"d:\projects\flutter\49\49-mobile-app\lib\features\social_media\chat\chat_view\data\models\socket_model.dart", "Dart", 32, 0, 7, 39
"d:\projects\flutter\49\49-mobile-app\lib\features\social_media\chat\chat_view\data\repositories\chats_repository_implement.dart", "Dart", 43, 0, 8, 51
"d:\projects\flutter\49\49-mobile-app\lib\features\social_media\chat\chat_view\domain\repositories\chats_repository.dart", "Dart", 13, 0, 2, 15
"d:\projects\flutter\49\49-mobile-app\lib\features\social_media\chat\chat_view\domain\usecases\changeChatMuteState_usecase.dart", "Dart", 12, 0, 4, 16
"d:\projects\flutter\49\49-mobile-app\lib\features\social_media\chat\chat_view\domain\usecases\changeChatToArchiveNormal_usecase.dart", "Dart", 12, 0, 4, 16
"d:\projects\flutter\49\49-mobile-app\lib\features\social_media\chat\chat_view\domain\usecases\chats_request.dart", "Dart", 16, 0, 1, 17
"d:\projects\flutter\49\49-mobile-app\lib\features\social_media\chat\chat_view\domain\usecases\getChats_usecase.dart", "Dart", 14, 0, 4, 18
"d:\projects\flutter\49\49-mobile-app\lib\features\social_media\chat\chat_view\domain\usecases\lock_chat_request.dart", "Dart", 8, 0, 2, 10
"d:\projects\flutter\49\49-mobile-app\lib\features\social_media\chat\chat_view\domain\usecases\lock_chat_usecase.dart", "Dart", 13, 0, 4, 17
"d:\projects\flutter\49\49-mobile-app\lib\features\social_media\chat\chat_view\domain\usecases\unlock_chat_usecase.dart", "Dart", 13, 0, 4, 17
"d:\projects\flutter\49\49-mobile-app\lib\features\social_media\chat\chat_view\presentation\chat_cubit\chat_cubit.dart", "Dart", 215, 8, 28, 251
"d:\projects\flutter\49\49-mobile-app\lib\features\social_media\chat\chat_view\presentation\chat_cubit\chats_state.dart", "Dart", 30, 0, 8, 38
"d:\projects\flutter\49\49-mobile-app\lib\features\social_media\chat\chat_view\presentation\pages\Chat_view.dart", "Dart", 250, 272, 16, 538
"d:\projects\flutter\49\49-mobile-app\lib\features\social_media\chat\chat_view\presentation\widgets\calling_card.dart", "Dart", 58, 0, 3, 61
"d:\projects\flutter\49\49-mobile-app\lib\features\social_media\chat\chat_view\presentation\widgets\chat_card.dart", "Dart", 173, 10, 12, 195
"d:\projects\flutter\49\49-mobile-app\lib\features\social_media\chat\chat_view\presentation\widgets\chat_stories.dart", "Dart", 98, 0, 5, 103
"d:\projects\flutter\49\49-mobile-app\lib\features\social_media\chat\chat_view\presentation\widgets\more_icon_bottom_sheet_body.dart", "Dart", 174, 2, 10, 186
"d:\projects\flutter\49\49-mobile-app\lib\features\social_media\club_house\data\datasource\club_voice_datasource.dart", "Dart", 73, 1, 13, 87
"d:\projects\flutter\49\49-mobile-app\lib\features\social_media\club_house\data\model\club_voice_room_model.dart", "Dart", 17, 0, 2, 19
"d:\projects\flutter\49\49-mobile-app\lib\features\social_media\club_house\data\model\create_voice_room_model.dart", "Dart", 12, 1, 2, 15
"d:\projects\flutter\49\49-mobile-app\lib\features\social_media\club_house\data\repositories\club_voice_repository_impl.dart", "Dart", 38, 0, 9, 47
"d:\projects\flutter\49\49-mobile-app\lib\features\social_media\club_house\domain\entities\club_voice_room_entity.dart", "Dart", 15, 1, 3, 19
"d:\projects\flutter\49\49-mobile-app\lib\features\social_media\club_house\domain\entities\create_room_response_entity.dart", "Dart", 11, 1, 3, 15
"d:\projects\flutter\49\49-mobile-app\lib\features\social_media\club_house\domain\repositories\club_voice_repository.dart", "Dart", 16, 0, 3, 19
"d:\projects\flutter\49\49-mobile-app\lib\features\social_media\club_house\domain\usecases\add_club_voice_use_case.dart", "Dart", 27, 2, 9, 38
"d:\projects\flutter\49\49-mobile-app\lib\features\social_media\club_house\domain\usecases\end_club_voice_use_case.dart", "Dart", 13, 1, 6, 20
"d:\projects\flutter\49\49-mobile-app\lib\features\social_media\club_house\domain\usecases\get_club_voice_use_case.dart", "Dart", 13, 0, 6, 19
"d:\projects\flutter\49\49-mobile-app\lib\features\social_media\club_house\domain\usecases\join_club_voice_use_case.dart", "Dart", 26, 1, 7, 34
"d:\projects\flutter\49\49-mobile-app\lib\features\social_media\club_house\domain\usecases\leave_club_voice_use_case.dart", "Dart", 13, 0, 6, 19
"d:\projects\flutter\49\49-mobile-app\lib\features\social_media\club_house\domain\usecases\search_club_voice_use_case.dart", "Dart", 24, 1, 7, 32
"d:\projects\flutter\49\49-mobile-app\lib\features\social_media\club_house\presentation\controller\club_voice_bloc.dart", "Dart", 98, 0, 8, 106
"d:\projects\flutter\49\49-mobile-app\lib\features\social_media\club_house\presentation\controller\club_voice_state.dart", "Dart", 41, 5, 12, 58
"d:\projects\flutter\49\49-mobile-app\lib\features\social_media\club_house\presentation\manager\club_house_state.dart", "Dart", 3, 0, 3, 6
"d:\projects\flutter\49\49-mobile-app\lib\features\social_media\club_house\presentation\pages\audio_stream_screen.dart", "Dart", 139, 0, 3, 142
"d:\projects\flutter\49\49-mobile-app\lib\features\social_media\club_house\presentation\pages\club_house_home_screen.dart", "Dart", 78, 56, 5, 139
"d:\projects\flutter\49\49-mobile-app\lib\features\social_media\club_house\presentation\widgets\audio_room_card.dart", "Dart", 128, 1, 4, 133
"d:\projects\flutter\49\49-mobile-app\lib\features\social_media\club_house\presentation\widgets\comment.dart", "Dart", 273, 12, 5, 290
"d:\projects\flutter\49\49-mobile-app\lib\features\social_media\club_house\presentation\widgets\components\create_voice_room_dialogue.dart", "Dart", 109, 3, 6, 118
"d:\projects\flutter\49\49-mobile-app\lib\features\social_media\club_house\presentation\widgets\components\custom_extended_button.dart", "Dart", 26, 0, 3, 29
"d:\projects\flutter\49\49-mobile-app\lib\features\social_media\club_house\presentation\widgets\components\media_player.dart", "Dart", 112, 4, 5, 121
"d:\projects\flutter\49\49-mobile-app\lib\features\social_media\club_house\presentation\widgets\report_widget.dart", "Dart", 182, 0, 3, 185
"d:\projects\flutter\49\49-mobile-app\lib\features\social_media\club_house\presentation\widgets\roomInfo.dart", "Dart", 237, 0, 4, 241
"d:\projects\flutter\49\49-mobile-app\lib\features\social_media\club_house\presentation\widgets\zego_audio_room_widget.dart", "Dart", 374, 13, 27, 414
"d:\projects\flutter\49\49-mobile-app\lib\features\social_media\create_post\data\datasources\create_post_remote_datasource.dart", "Dart", 62, 12, 6, 80
"d:\projects\flutter\49\49-mobile-app\lib\features\social_media\create_post\data\models\activity_model.dart", "Dart", 11, 0, 2, 13
"d:\projects\flutter\49\49-mobile-app\lib\features\social_media\create_post\data\models\feeling_model.dart", "Dart", 11, 0, 2, 13
"d:\projects\flutter\49\49-mobile-app\lib\features\social_media\create_post\data\repositories\create_post_repo_impl.dart", "Dart", 29, 0, 9, 38
"d:\projects\flutter\49\49-mobile-app\lib\features\social_media\create_post\domain\entities\activity_entity.dart", "Dart", 6, 0, 1, 7
"d:\projects\flutter\49\49-mobile-app\lib\features\social_media\create_post\domain\entities\feeling_entity.dart", "Dart", 6, 0, 1, 7
"d:\projects\flutter\49\49-mobile-app\lib\features\social_media\create_post\domain\repositories\create_post_repo.dart", "Dart", 13, 0, 3, 16
"d:\projects\flutter\49\49-mobile-app\lib\features\social_media\create_post\domain\usecases\creat_twitter_usecase.dart", "Dart", 27, 0, 3, 30
"d:\projects\flutter\49\49-mobile-app\lib\features\social_media\create_post\domain\usecases\create_post_usecase.dart", "Dart", 36, 0, 3, 39
"d:\projects\flutter\49\49-mobile-app\lib\features\social_media\create_post\domain\usecases\get_activities_usecase.dart", "Dart", 13, 0, 3, 16
"d:\projects\flutter\49\49-mobile-app\lib\features\social_media\create_post\domain\usecases\get_feelings_usecase.dart", "Dart", 13, 0, 3, 16
"d:\projects\flutter\49\49-mobile-app\lib\features\social_media\create_post\presentation\cubit\create_post_cubit.dart", "Dart", 113, 2, 16, 131
"d:\projects\flutter\49\49-mobile-app\lib\features\social_media\create_post\presentation\cubit\create_post_state.dart", "Dart", 46, 0, 3, 49
"d:\projects\flutter\49\49-mobile-app\lib\features\social_media\create_post\presentation\pages\create_post_view.dart", "Dart", 330, 8, 8, 346
"d:\projects\flutter\49\49-mobile-app\lib\features\social_media\create_post\presentation\pages\select_activity_view.dart", "Dart", 48, 0, 5, 53
"d:\projects\flutter\49\49-mobile-app\lib\features\social_media\create_post\presentation\pages\select_feeling_view.dart", "Dart", 48, 0, 5, 53
"d:\projects\flutter\49\49-mobile-app\lib\features\social_media\create_post\presentation\widgets\image_details.dart", "Dart", 105, 4, 8, 117
"d:\projects\flutter\49\49-mobile-app\lib\features\social_media\create_post\presentation\widgets\show_all_images.dart", "Dart", 91, 3, 6, 100
"d:\projects\flutter\49\49-mobile-app\lib\features\social_media\instagram\data\datasources\instagram_remote_datasource.dart", "Dart", 53, 0, 11, 64
"d:\projects\flutter\49\49-mobile-app\lib\features\social_media\instagram\data\repositories\instagram_repo_impl.dart", "Dart", 23, 0, 7, 30
"d:\projects\flutter\49\49-mobile-app\lib\features\social_media\instagram\domain\repositories\social_posts_repo.dart", "Dart", 10, 0, 2, 12
"d:\projects\flutter\49\49-mobile-app\lib\features\social_media\instagram\domain\usecases\get_instagram_feed_usecase.dart", "Dart", 16, 0, 2, 18
"d:\projects\flutter\49\49-mobile-app\lib\features\social_media\instagram\domain\usecases\get_instagram_reels_usecase.dart", "Dart", 16, 0, 2, 18
"d:\projects\flutter\49\49-mobile-app\lib\features\social_media\instagram\domain\usecases\get_user_reels_usecase.dart", "Dart", 27, 1, 3, 31
"d:\projects\flutter\49\49-mobile-app\lib\features\social_media\instagram\presentation\cubit\instagram_cubit.dart", "Dart", 256, 58, 39, 353
"d:\projects\flutter\49\49-mobile-app\lib\features\social_media\instagram\presentation\cubit\instagram_state.dart", "Dart", 45, 0, 3, 48
"d:\projects\flutter\49\49-mobile-app\lib\features\social_media\instagram\presentation\pages\instgram_view.dart", "Dart", 93, 0, 12, 105
"d:\projects\flutter\49\49-mobile-app\lib\features\social_media\instagram\presentation\widgets\insta_reel_card.dart", "Dart", 226, 8, 21, 255
"d:\projects\flutter\49\49-mobile-app\lib\features\social_media\instagram\presentation\widgets\instagram_comment_card.dart", "Dart", 130, 4, 4, 138
"d:\projects\flutter\49\49-mobile-app\lib\features\social_media\instagram\presentation\widgets\instagram_comment_replies.dart", "Dart", 186, 4, 6, 196
"d:\projects\flutter\49\49-mobile-app\lib\features\social_media\instagram\presentation\widgets\instagram_global_posts.dart", "Dart", 329, 0, 3, 332
"d:\projects\flutter\49\49-mobile-app\lib\features\social_media\instagram\presentation\widgets\instagram_post_comments.dart", "Dart", 184, 7, 6, 197
"d:\projects\flutter\49\49-mobile-app\lib\features\social_media\instagram\presentation\widgets\instagram_reply_card.dart", "Dart", 144, 0, 4, 148
"d:\projects\flutter\49\49-mobile-app\lib\features\social_media\live_streaming\presentation\cubit\live_streaming_cubit.dart", "Dart", 6, 0, 3, 9
"d:\projects\flutter\49\49-mobile-app\lib\features\social_media\live_streaming\presentation\cubit\live_streaming_state.dart", "Dart", 7, 0, 4, 11
"d:\projects\flutter\49\49-mobile-app\lib\features\social_media\live_streaming\presentation\pages\live_stream_home_screen.dart", "Dart", 35, 0, 5, 40
"d:\projects\flutter\49\49-mobile-app\lib\features\social_media\live_streaming\presentation\pages\live_stream_view.dart", "Dart", 287, 67, 31, 385
"d:\projects\flutter\49\49-mobile-app\lib\features\social_media\live_streaming\presentation\widgets\components\gift_mp4_player.dart", "Dart", 103, 3, 20, 126
"d:\projects\flutter\49\49-mobile-app\lib\features\social_media\live_streaming\presentation\widgets\liveview\gifts\simple_gifts_sheet.dart", "Dart", 120, 2, 4, 126
"d:\projects\flutter\49\49-mobile-app\lib\features\social_media\live_streaming\presentation\widgets\liveview\live_card.dart", "Dart", 200, 5, 9, 214
"d:\projects\flutter\49\49-mobile-app\lib\features\social_media\live_streaming\presentation\widgets\liveview\recharge_coins.dart", "Dart", 91, 0, 8, 99
"d:\projects\flutter\49\49-mobile-app\lib\features\social_media\live_streaming\presentation\widgets\liveview\super_gifts\gift_cache.dart", "Dart", 83, 0, 14, 97
"d:\projects\flutter\49\49-mobile-app\lib\features\social_media\live_streaming\presentation\widgets\liveview\super_gifts\gift_manager.dart", "Dart", 19, 0, 4, 23
"d:\projects\flutter\49\49-mobile-app\lib\features\social_media\live_streaming\presentation\widgets\liveview\super_gifts\gift_playlist.dart", "Dart", 30, 0, 8, 38
"d:\projects\flutter\49\49-mobile-app\lib\features\social_media\live_streaming\presentation\widgets\liveview\super_gifts\gift_protocol.dart", "Dart", 134, 7, 21, 162
"d:\projects\flutter\49\49-mobile-app\lib\features\social_media\live_streaming\presentation\widgets\liveview\super_gifts\gift_sheet.dart", "Dart", 213, 2, 20, 235
"d:\projects\flutter\49\49-mobile-app\lib\features\social_media\live_streaming\presentation\widgets\liveview\super_gifts\mp4_player_widget.dart", "Dart", 108, 3, 18, 129
"d:\projects\flutter\49\49-mobile-app\lib\features\social_media\live_streaming\presentation\widgets\liveview\super_gifts\svga_player_widget.dart", "Dart", 0, 151, 25, 176
"d:\projects\flutter\49\49-mobile-app\lib\features\social_media\live_streaming\presentation\widgets\liveview\super_gifts\zego_gift_item.dart", "Dart", 32, 0, 6, 38
"d:\projects\flutter\49\49-mobile-app\lib\features\social_media\live_streaming\presentation\widgets\pk_widgets\configs.dart", "Dart", 103, 18, 11, 132
"d:\projects\flutter\49\49-mobile-app\lib\features\social_media\live_streaming\presentation\widgets\pk_widgets\events.dart", "Dart", 115, 0, 21, 136
"d:\projects\flutter\49\49-mobile-app\lib\features\social_media\live_streaming\presentation\widgets\pk_widgets\join_widget.dart", "Dart", 0, 90, 8, 98
"d:\projects\flutter\49\49-mobile-app\lib\features\social_media\live_streaming\presentation\widgets\pk_widgets\mute_widget.dart", "Dart", 41, 1, 5, 47
"d:\projects\flutter\49\49-mobile-app\lib\features\social_media\live_streaming\presentation\widgets\pk_widgets\quit_button.dart", "Dart", 68, 0, 8, 76
"d:\projects\flutter\49\49-mobile-app\lib\features\social_media\live_streaming\presentation\widgets\pk_widgets\request_widget.dart", "Dart", 125, 2, 9, 136
"d:\projects\flutter\49\49-mobile-app\lib\features\social_media\live_streaming\presentation\widgets\pk_widgets\requesting_id_value_listenable_widget.dart", "Dart", 34, 0, 5, 39
"d:\projects\flutter\49\49-mobile-app\lib\features\social_media\live_streaming\presentation\widgets\pk_widgets\requesting_list.dart", "Dart", 110, 2, 12, 124
"d:\projects\flutter\49\49-mobile-app\lib\features\social_media\live_streaming\presentation\widgets\pk_widgets\stop_button.dart", "Dart", 67, 0, 8, 75
"d:\projects\flutter\49\49-mobile-app\lib\features\social_media\live_streaming\presentation\widgets\pk_widgets\surfuce.dart", "Dart", 80, 16, 8, 104
"d:\projects\flutter\49\49-mobile-app\lib\features\social_media\live_streaming\presentation\widgets\zego\src\components\audio_video_view_foreground.dart", "Dart", 168, 14, 20, 202
"d:\projects\flutter\49\49-mobile-app\lib\features\social_media\live_streaming\presentation\widgets\zego\src\components\bottom_bar.dart", "Dart", 401, 15, 32, 448
"d:\projects\flutter\49\49-mobile-app\lib\features\social_media\live_streaming\presentation\widgets\zego\src\components\central_audio_video_view.dart", "Dart", 402, 16, 46, 464
"d:\projects\flutter\49\49-mobile-app\lib\features\social_media\live_streaming\presentation\widgets\zego\src\components\components.dart", "Dart", 5, 0, 1, 6
"d:\projects\flutter\49\49-mobile-app\lib\features\social_media\live_streaming\presentation\widgets\zego\src\components\defines.dart", "Dart", 20, 8, 9, 37
"d:\projects\flutter\49\49-mobile-app\lib\features\social_media\live_streaming\presentation\widgets\zego\src\components\duration_time_board.dart", "Dart", 131, 5, 28, 164
"d:\projects\flutter\49\49-mobile-app\lib\features\social_media\live_streaming\presentation\widgets\zego\src\components\effects\beauty_effect_button.dart", "Dart", 64, 6, 8, 78
"d:\projects\flutter\49\49-mobile-app\lib\features\social_media\live_streaming\presentation\widgets\zego\src\components\effects\beauty_effect_reset_button.dart", "Dart", 40, 6, 9, 55
"d:\projects\flutter\49\49-mobile-app\lib\features\social_media\live_streaming\presentation\widgets\zego\src\components\effects\beauty_effect_sheet.dart", "Dart", 276, 12, 27, 315
"d:\projects\flutter\49\49-mobile-app\lib\features\social_media\live_streaming\presentation\widgets\zego\src\components\effects\effect_grid.dart", "Dart", 175, 10, 24, 209
"d:\projects\flutter\49\49-mobile-app\lib\features\social_media\live_streaming\presentation\widgets\zego\src\components\effects\sound_effect_button.dart", "Dart", 69, 5, 11, 85
"d:\projects\flutter\49\49-mobile-app\lib\features\social_media\live_streaming\presentation\widgets\zego\src\components\effects\sound_effect_sheet.dart", "Dart", 301, 5, 24, 330
"d:\projects\flutter\49\49-mobile-app\lib\features\social_media\live_streaming\presentation\widgets\zego\src\components\leave_button.dart", "Dart", 125, 11, 24, 160
"d:\projects\flutter\49\49-mobile-app\lib\features\social_media\live_streaming\presentation\widgets\zego\src\components\live_page.dart", "Dart", 394, 22, 50, 466
"d:\projects\flutter\49\49-mobile-app\lib\features\social_media\live_streaming\presentation\widgets\zego\src\components\live_page_surface.dart", "Dart", 228, 9, 27, 264
"d:\projects\flutter\49\49-mobile-app\lib\features\social_media\live_streaming\presentation\widgets\zego\src\components\live_streaming.dart", "Dart", 553, 33, 87, 673
"d:\projects\flutter\49\49-mobile-app\lib\features\social_media\live_streaming\presentation\widgets\zego\src\components\member\button.dart", "Dart", 166, 8, 22, 196
"d:\projects\flutter\49\49-mobile-app\lib\features\social_media\live_streaming\presentation\widgets\zego\src\components\member\list_sheet.dart", "Dart", 504, 15, 37, 556
"d:\projects\flutter\49\49-mobile-app\lib\features\social_media\live_streaming\presentation\widgets\zego\src\components\message\defines.dart", "Dart", 1, 1, 1, 3
"d:\projects\flutter\49\49-mobile-app\lib\features\social_media\live_streaming\presentation\widgets\zego\src\components\message\disable_chat_button.dart", "Dart", 88, 5, 17, 110
"d:\projects\flutter\49\49-mobile-app\lib\features\social_media\live_streaming\presentation\widgets\zego\src\components\message\enable_property.dart", "Dart", 35, 5, 12, 52
"d:\projects\flutter\49\49-mobile-app\lib\features\social_media\live_streaming\presentation\widgets\zego\src\components\message\input_board.dart", "Dart", 71, 5, 13, 89
"d:\projects\flutter\49\49-mobile-app\lib\features\social_media\live_streaming\presentation\widgets\zego\src\components\message\input_board_button.dart", "Dart", 114, 6, 17, 137
"d:\projects\flutter\49\49-mobile-app\lib\features\social_media\live_streaming\presentation\widgets\zego\src\components\message\view.dart", "Dart", 76, 6, 8, 90
"d:\projects\flutter\49\49-mobile-app\lib\features\social_media\live_streaming\presentation\widgets\zego\src\components\preview_page.dart", "Dart", 594, 63, 50, 707
"d:\projects\flutter\49\49-mobile-app\lib\features\social_media\live_streaming\presentation\widgets\zego\src\components\top_bar.dart", "Dart", 175, 56, 18, 249
"d:\projects\flutter\49\49-mobile-app\lib\features\social_media\live_streaming\presentation\widgets\zego\src\components\utils\dialogs.dart", "Dart", 75, 4, 5, 84
"d:\projects\flutter\49\49-mobile-app\lib\features\social_media\live_streaming\presentation\widgets\zego\src\components\utils\permissions.dart", "Dart", 157, 6, 12, 175
"d:\projects\flutter\49\49-mobile-app\lib\features\social_media\live_streaming\presentation\widgets\zego\src\components\utils\pop_up_manager.dart", "Dart", 19, 2, 6, 27
"d:\projects\flutter\49\49-mobile-app\lib\features\social_media\live_streaming\presentation\widgets\zego\src\components\utils\pop_up_sheet_menu.dart", "Dart", 202, 9, 19, 230
"d:\projects\flutter\49\49-mobile-app\lib\features\social_media\live_streaming\presentation\widgets\zego\src\components\utils\toast.dart", "Dart", 67, 10, 20, 97
"d:\projects\flutter\49\49-mobile-app\lib\features\social_media\live_streaming\presentation\widgets\zego\src\config.dart", "Dart", 534, 462, 159, 1155
"d:\projects\flutter\49\49-mobile-app\lib\features\social_media\live_streaming\presentation\widgets\zego\src\config.defines.dart", "Dart", 92, 96, 42, 230
"d:\projects\flutter\49\49-mobile-app\lib\features\social_media\live_streaming\presentation\widgets\zego\src\controller.dart", "Dart", 59, 17, 20, 96
"d:\projects\flutter\49\49-mobile-app\lib\features\social_media\live_streaming\presentation\widgets\zego\src\controller\audio_video.dart", "Dart", 100, 21, 30, 151
"d:\projects\flutter\49\49-mobile-app\lib\features\social_media\live_streaming\presentation\widgets\zego\src\controller\co.host.dart", "Dart", 636, 36, 114, 786
"d:\projects\flutter\49\49-mobile-app\lib\features\social_media\live_streaming\presentation\widgets\zego\src\controller\message.dart", "Dart", 62, 46, 10, 118
"d:\projects\flutter\49\49-mobile-app\lib\features\social_media\live_streaming\presentation\widgets\zego\src\controller\minimize.dart", "Dart", 118, 9, 22, 149
"d:\projects\flutter\49\49-mobile-app\lib\features\social_media\live_streaming\presentation\widgets\zego\src\controller\pk.dart", "Dart", 132, 58, 23, 213
"d:\projects\flutter\49\49-mobile-app\lib\features\social_media\live_streaming\presentation\widgets\zego\src\controller\private\audio_video.dart", "Dart", 67, 10, 18, 95
"d:\projects\flutter\49\49-mobile-app\lib\features\social_media\live_streaming\presentation\widgets\zego\src\controller\private\co.host.dart", "Dart", 118, 11, 38, 167
"d:\projects\flutter\49\49-mobile-app\lib\features\social_media\live_streaming\presentation\widgets\zego\src\controller\private\message.dart", "Dart", 76, 10, 26, 112
"d:\projects\flutter\49\49-mobile-app\lib\features\social_media\live_streaming\presentation\widgets\zego\src\controller\private\minimize.dart", "Dart", 35, 6, 11, 52
"d:\projects\flutter\49\49-mobile-app\lib\features\social_media\live_streaming\presentation\widgets\zego\src\controller\private\pk.dart", "Dart", 55, 9, 15, 79
"d:\projects\flutter\49\49-mobile-app\lib\features\social_media\live_streaming\presentation\widgets\zego\src\controller\private\private.dart", "Dart", 21, 9, 5, 35
"d:\projects\flutter\49\49-mobile-app\lib\features\social_media\live_streaming\presentation\widgets\zego\src\controller\private\room.dart", "Dart", 130, 12, 18, 160
"d:\projects\flutter\49\49-mobile-app\lib\features\social_media\live_streaming\presentation\widgets\zego\src\controller\private\swiping.dart", "Dart", 31, 6, 11, 48
"d:\projects\flutter\49\49-mobile-app\lib\features\social_media\live_streaming\presentation\widgets\zego\src\controller\private\user.dart", "Dart", 94, 7, 30, 131
"d:\projects\flutter\49\49-mobile-app\lib\features\social_media\live_streaming\presentation\widgets\zego\src\controller\room.dart", "Dart", 265, 36, 48, 349
"d:\projects\flutter\49\49-mobile-app\lib\features\social_media\live_streaming\presentation\widgets\zego\src\controller\screen.dart", "Dart", 11, 5, 5, 21
"d:\projects\flutter\49\49-mobile-app\lib\features\social_media\live_streaming\presentation\widgets\zego\src\controller\swiping.dart", "Dart", 66, 4, 19, 89
"d:\projects\flutter\49\49-mobile-app\lib\features\social_media\live_streaming\presentation\widgets\zego\src\controller\user.dart", "Dart", 43, 10, 12, 65
"d:\projects\flutter\49\49-mobile-app\lib\features\social_media\live_streaming\presentation\widgets\zego\src\core\co_host_control_button.dart", "Dart", 185, 6, 26, 217
"d:\projects\flutter\49\49-mobile-app\lib\features\social_media\live_streaming\presentation\widgets\zego\src\core\_manager.dart", "Dart", 880, 23, 159, 1062
"d:\projects\flutter\49\49-mobile-app\lib\features\social_media\live_streaming\presentation\widgets\zego\src\core\core_manager.audio_video.dart", "Dart", 83, 1, 14, 98
"d:\projects\flutter\49\49-mobile-app\lib\features\social_media\live_streaming\presentation\widgets\zego\src\core\core_managers.dart", "Dart", 162, 4, 41, 207
"d:\projects\flutter\49\49-mobile-app\lib\features\social_media\live_streaming\presentation\widgets\zego\src\core\defines.dart", "Dart", 30, 12, 10, 52
"d:\projects\flutter\49\49-mobile-app\lib\features\social_media\live_streaming\presentation\widgets\zego\src\core\host_manager.dart", "Dart", 239, 15, 37, 291
"d:\projects\flutter\49\49-mobile-app\lib\features\social_media\live_streaming\presentation\widgets\zego\src\core\live_duration_manager.dart", "Dart", 144, 23, 36, 203
"d:\projects\flutter\49\49-mobile-app\lib\features\social_media\live_streaming\presentation\widgets\zego\src\core\live_status_manager.dart", "Dart", 185, 13, 40, 238
"d:\projects\flutter\49\49-mobile-app\lib\features\social_media\live_streaming\presentation\widgets\zego\src\core\pk_service.dart", "Dart", 158, 17, 47, 222
"d:\projects\flutter\49\49-mobile-app\lib\features\social_media\live_streaming\presentation\widgets\zego\src\core\plugins.dart", "Dart", 447, 9, 79, 535
"d:\projects\flutter\49\49-mobile-app\lib\features\social_media\live_streaming\presentation\widgets\zego\src\defines.dart", "Dart", 59, 86, 34, 179
"d:\projects\flutter\49\49-mobile-app\lib\features\social_media\live_streaming\presentation\widgets\zego\src\deprecated\deprecated.dart", "Dart", 10, 0, 1, 11
"d:\projects\flutter\49\49-mobile-app\lib\features\social_media\live_streaming\presentation\widgets\zego\src\deprecated\deprecated_300.dart", "Dart", 468, 2, 134, 604
"d:\projects\flutter\49\49-mobile-app\lib\features\social_media\live_streaming\presentation\widgets\zego\src\deprecated\deprecated_302.dart", "Dart", 10, 1, 5, 16
"d:\projects\flutter\49\49-mobile-app\lib\features\social_media\live_streaming\presentation\widgets\zego\src\deprecated\deprecated_303.dart", "Dart", 12, 1, 5, 18
"d:\projects\flutter\49\49-mobile-app\lib\features\social_media\live_streaming\presentation\widgets\zego\src\deprecated\deprecated_310.dart", "Dart", 7, 1, 4, 12
"d:\projects\flutter\49\49-mobile-app\lib\features\social_media\live_streaming\presentation\widgets\zego\src\deprecated\deprecated_317.dart", "Dart", 51, 2, 17, 70
"d:\projects\flutter\49\49-mobile-app\lib\features\social_media\live_streaming\presentation\widgets\zego\src\deprecated\deprecated_330.dart", "Dart", 33, 1, 11, 45
"d:\projects\flutter\49\49-mobile-app\lib\features\social_media\live_streaming\presentation\widgets\zego\src\deprecated\deprecated_340.dart", "Dart", 32, 1, 11, 44
"d:\projects\flutter\49\49-mobile-app\lib\features\social_media\live_streaming\presentation\widgets\zego\src\deprecated\deprecated_350.dart", "Dart", 21, 2, 6, 29
"d:\projects\flutter\49\49-mobile-app\lib\features\social_media\live_streaming\presentation\widgets\zego\src\deprecated\deprecated_352.dart", "Dart", 26, 2, 7, 35
"d:\projects\flutter\49\49-mobile-app\lib\features\social_media\live_streaming\presentation\widgets\zego\src\deprecated\deprecated_390.dart", "Dart", 7, 1, 4, 12
"d:\projects\flutter\49\49-mobile-app\lib\features\social_media\live_streaming\presentation\widgets\zego\src\error.dart", "Dart", 3, 27, 2, 32
"d:\projects\flutter\49\49-mobile-app\lib\features\social_media\live_streaming\presentation\widgets\zego\src\events.dart", "Dart", 258, 284, 84, 626
"d:\projects\flutter\49\49-mobile-app\lib\features\social_media\live_streaming\presentation\widgets\zego\src\events.defines.dart", "Dart", 166, 20, 42, 228
"d:\projects\flutter\49\49-mobile-app\lib\features\social_media\live_streaming\presentation\widgets\zego\src\inner_text.dart", "Dart", 312, 170, 75, 557
"d:\projects\flutter\49\49-mobile-app\lib\features\social_media\live_streaming\presentation\widgets\zego\src\internal\defines.dart", "Dart", 39, 4, 7, 50
"d:\projects\flutter\49\49-mobile-app\lib\features\social_media\live_streaming\presentation\widgets\zego\src\internal\events.dart", "Dart", 82, 3, 18, 103
"d:\projects\flutter\49\49-mobile-app\lib\features\social_media\live_streaming\presentation\widgets\zego\src\internal\internal.dart", "Dart", 1, 0, 1, 2
"d:\projects\flutter\49\49-mobile-app\lib\features\social_media\live_streaming\presentation\widgets\zego\src\internal\pk_combine_notifier.dart", "Dart", 69, 3, 19, 91
"d:\projects\flutter\49\49-mobile-app\lib\features\social_media\live_streaming\presentation\widgets\zego\src\live_streaming.dart", "Dart", 58, 28, 15, 101
"d:\projects\flutter\49\49-mobile-app\lib\features\social_media\live_streaming\presentation\widgets\zego\src\minimizing\data.dart", "Dart", 36, 10, 13, 59
"d:\projects\flutter\49\49-mobile-app\lib\features\social_media\live_streaming\presentation\widgets\zego\src\minimizing\defines.dart", "Dart", 5, 1, 1, 7
"d:\projects\flutter\49\49-mobile-app\lib\features\social_media\live_streaming\presentation\widgets\zego\src\minimizing\export.dart", "Dart", 2, 0, 1, 3
"d:\projects\flutter\49\49-mobile-app\lib\features\social_media\live_streaming\presentation\widgets\zego\src\minimizing\mini_button.dart", "Dart", 66, 8, 16, 90
"d:\projects\flutter\49\49-mobile-app\lib\features\social_media\live_streaming\presentation\widgets\zego\src\minimizing\overlay_machine.dart", "Dart", 151, 8, 34, 193
"d:\projects\flutter\49\49-mobile-app\lib\features\social_media\live_streaming\presentation\widgets\zego\src\minimizing\overlay_page.dart", "Dart", 569, 76, 61, 706
"d:\projects\flutter\49\49-mobile-app\lib\features\social_media\live_streaming\presentation\widgets\zego\src\pk\components\audience_view.dart", "Dart", 198, 5, 21, 224
"d:\projects\flutter\49\49-mobile-app\lib\features\social_media\live_streaming\presentation\widgets\zego\src\pk\components\common.dart", "Dart", 17, 2, 3, 22
"d:\projects\flutter\49\49-mobile-app\lib\features\social_media\live_streaming\presentation\widgets\zego\src\pk\components\host_view.dart", "Dart", 127, 3, 14, 144
"d:\projects\flutter\49\49-mobile-app\lib\features\social_media\live_streaming\presentation\widgets\zego\src\pk\components\view.dart", "Dart", 138, 9, 16, 163
"d:\projects\flutter\49\49-mobile-app\lib\features\social_media\live_streaming\presentation\widgets\zego\src\pk\core\core.dart", "Dart", 87, 3, 24, 114
"d:\projects\flutter\49\49-mobile-app\lib\features\social_media\live_streaming\presentation\widgets\zego\src\pk\core\data.dart", "Dart", 177, 27, 43, 247
"d:\projects\flutter\49\49-mobile-app\lib\features\social_media\live_streaming\presentation\widgets\zego\src\pk\core\defines.dart", "Dart", 30, 2, 10, 42
"d:\projects\flutter\49\49-mobile-app\lib\features\social_media\live_streaming\presentation\widgets\zego\src\pk\core\event\defines.dart", "Dart", 160, 25, 42, 227
"d:\projects\flutter\49\49-mobile-app\lib\features\social_media\live_streaming\presentation\widgets\zego\src\pk\core\event\events.dart", "Dart", 1032, 38, 145, 1215
"d:\projects\flutter\49\49-mobile-app\lib\features\social_media\live_streaming\presentation\widgets\zego\src\pk\core\mixer.dart", "Dart", 191, 6, 46, 243
"d:\projects\flutter\49\49-mobile-app\lib\features\social_media\live_streaming\presentation\widgets\zego\src\pk\core\service\completer.dart", "Dart", 28, 0, 3, 31
"d:\projects\flutter\49\49-mobile-app\lib\features\social_media\live_streaming\presentation\widgets\zego\src\pk\core\service\defines.dart", "Dart", 35, 17, 12, 64
"d:\projects\flutter\49\49-mobile-app\lib\features\social_media\live_streaming\presentation\widgets\zego\src\pk\core\service\dialogs.dart", "Dart", 132, 0, 18, 150
"d:\projects\flutter\49\49-mobile-app\lib\features\social_media\live_streaming\presentation\widgets\zego\src\pk\core\service\host.pk.dart", "Dart", 97, 7, 14, 118
"d:\projects\flutter\49\49-mobile-app\lib\features\social_media\live_streaming\presentation\widgets\zego\src\pk\core\service\host.request.dart", "Dart", 487, 11, 41, 539
"d:\projects\flutter\49\49-mobile-app\lib\features\social_media\live_streaming\presentation\widgets\zego\src\pk\core\service\pk_users.dart", "Dart", 346, 16, 61, 423
"d:\projects\flutter\49\49-mobile-app\lib\features\social_media\live_streaming\presentation\widgets\zego\src\pk\core\service\protocol.dart", "Dart", 73, 3, 14, 90
"d:\projects\flutter\49\49-mobile-app\lib\features\social_media\live_streaming\presentation\widgets\zego\src\pk\core\service\services.dart", "Dart", 126, 4, 40, 170
"d:\projects\flutter\49\49-mobile-app\lib\features\social_media\live_streaming\presentation\widgets\zego\src\pk\export.dart", "Dart", 4, 0, 1, 5
"d:\projects\flutter\49\49-mobile-app\lib\features\social_media\live_streaming\presentation\widgets\zego\src\pk\layout\gird_layout.dart", "Dart", 83, 8, 18, 109
"d:\projects\flutter\49\49-mobile-app\lib\features\social_media\live_streaming\presentation\widgets\zego\src\pk\layout\layout.dart", "Dart", 19, 10, 8, 37
"d:\projects\flutter\49\49-mobile-app\lib\features\social_media\live_streaming\presentation\widgets\zego\src\pk\layout\prefer_gird_layout.dart", "Dart", 132, 3, 13, 148
"d:\projects\flutter\49\49-mobile-app\lib\features\social_media\live_streaming\presentation\widgets\zego\src\swiping\config.dart", "Dart", 11, 7, 5, 23
"d:\projects\flutter\49\49-mobile-app\lib\features\social_media\live_streaming\presentation\widgets\zego\src\swiping\loading_builder.dart", "Dart", 84, 6, 18, 108
"d:\projects\flutter\49\49-mobile-app\lib\features\social_media\live_streaming\presentation\widgets\zego\src\swiping\login_notifier.dart", "Dart", 190, 4, 44, 238
"d:\projects\flutter\49\49-mobile-app\lib\features\social_media\live_streaming\presentation\widgets\zego\src\swiping\logout_notifier.dart", "Dart", 140, 4, 38, 182
"d:\projects\flutter\49\49-mobile-app\lib\features\social_media\live_streaming\presentation\widgets\zego\src\swiping\page.dart", "Dart", 219, 17, 51, 287
"d:\projects\flutter\49\49-mobile-app\lib\features\social_media\live_streaming\presentation\widgets\zego\zego_uikit_prebuilt_live_streaming.dart", "Dart", 14, 0, 5, 19
"d:\projects\flutter\49\49-mobile-app\lib\features\social_media\reels\data\data_sources\reels_remote_data_source.dart", "Dart", 30, 0, 5, 35
"d:\projects\flutter\49\49-mobile-app\lib\features\social_media\reels\data\models\new_reels_model.dart", "Dart", 162, 0, 20, 182
"d:\projects\flutter\49\49-mobile-app\lib\features\social_media\reels\data\models\reel_model.dart", "Dart", 24, 0, 3, 27
"d:\projects\flutter\49\49-mobile-app\lib\features\social_media\reels\data\repositories\reels_repository_impl.dart", "Dart", 24, 19, 7, 50
"d:\projects\flutter\49\49-mobile-app\lib\features\social_media\reels\domain\entities\reel_entity.dart", "Dart", 32, 0, 4, 36
"d:\projects\flutter\49\49-mobile-app\lib\features\social_media\reels\domain\repositories\reels_repository.dart", "Dart", 6, 0, 3, 9
"d:\projects\flutter\49\49-mobile-app\lib\features\social_media\reels\domain\use_case\get_explore_reels_use_case.dart", "Dart", 13, 0, 5, 18
"d:\projects\flutter\49\49-mobile-app\lib\features\social_media\reels\presentation\controllers\explore_reels_cubit\explore_reels_cubit.dart", "Dart", 48, 38, 10, 96
"d:\projects\flutter\49\49-mobile-app\lib\features\social_media\reels\presentation\pages\music_reels.dart", "Dart", 72, 0, 6, 78
"d:\projects\flutter\49\49-mobile-app\lib\features\social_media\reels\presentation\pages\reel_view.dart", "Dart", 605, 54, 64, 723
"d:\projects\flutter\49\49-mobile-app\lib\features\social_media\reels\presentation\widgets\add_comment.dart", "Dart", 0, 19, 5, 24
"d:\projects\flutter\49\49-mobile-app\lib\features\social_media\reels\presentation\widgets\reel_account_info.dart", "Dart", 48, 0, 5, 53
"d:\projects\flutter\49\49-mobile-app\lib\features\social_media\reels\presentation\widgets\reel_actions.dart", "Dart", 75, 0, 5, 80
"d:\projects\flutter\49\49-mobile-app\lib\features\social_media\reels\presentation\widgets\reel_card.dart", "Dart", 235, 6, 22, 263
"d:\projects\flutter\49\49-mobile-app\lib\features\social_media\social_posts\data\datasources\social_posts_remote_datasource.dart", "Dart", 229, 0, 33, 262
"d:\projects\flutter\49\49-mobile-app\lib\features\social_media\social_posts\data\models\comment_model.dart", "Dart", 47, 0, 3, 50
"d:\projects\flutter\49\49-mobile-app\lib\features\social_media\social_posts\data\models\main_post_model.dart", "Dart", 42, 4, 2, 48
"d:\projects\flutter\49\49-mobile-app\lib\features\social_media\social_posts\data\models\post_model.dart", "Dart", 113, 1, 2, 116
"d:\projects\flutter\49\49-mobile-app\lib\features\social_media\social_posts\data\models\suggest_user_model.dart", "Dart", 21, 0, 2, 23
"d:\projects\flutter\49\49-mobile-app\lib\features\social_media\social_posts\data\models\user_profile_model.dart", "Dart", 39, 0, 3, 42
"d:\projects\flutter\49\49-mobile-app\lib\features\social_media\social_posts\data\repositories\social_posts_repo_impl.dart", "Dart", 124, 0, 25, 149
"d:\projects\flutter\49\49-mobile-app\lib\features\social_media\social_posts\domain\entities\comment_entity.dart", "Dart", 46, 0, 3, 49
"d:\projects\flutter\49\49-mobile-app\lib\features\social_media\social_posts\domain\entities\main_post_entity.dart", "Dart", 32, 0, 5, 37
"d:\projects\flutter\49\49-mobile-app\lib\features\social_media\social_posts\domain\entities\post_entity.dart", "Dart", 146, 3, 11, 160
"d:\projects\flutter\49\49-mobile-app\lib\features\social_media\social_posts\domain\entities\react_entity.dart", "Dart", 5, 0, 1, 6
"d:\projects\flutter\49\49-mobile-app\lib\features\social_media\social_posts\domain\entities\suggest_user_entity.dart", "Dart", 20, 0, 2, 22
"d:\projects\flutter\49\49-mobile-app\lib\features\social_media\social_posts\domain\entities\user_profile_entity.dart", "Dart", 38, 0, 4, 42
"d:\projects\flutter\49\49-mobile-app\lib\features\social_media\social_posts\domain\repositories\social_posts_repo.dart", "Dart", 50, 0, 3, 53
"d:\projects\flutter\49\49-mobile-app\lib\features\social_media\social_posts\domain\usecases\add_reply_usecase.dart", "Dart", 29, 1, 3, 33
"d:\projects\flutter\49\49-mobile-app\lib\features\social_media\social_posts\domain\usecases\block_user_usecase.dart", "Dart", 12, 0, 2, 14
"d:\projects\flutter\49\49-mobile-app\lib\features\social_media\social_posts\domain\usecases\comment_react_usecase.dart", "Dart", 13, 0, 2, 15
"d:\projects\flutter\49\49-mobile-app\lib\features\social_media\social_posts\domain\usecases\delete_comment_usecase.dart", "Dart", 12, 0, 2, 14
"d:\projects\flutter\49\49-mobile-app\lib\features\social_media\social_posts\domain\usecases\delete_post_usecase.dart", "Dart", 12, 0, 2, 14
"d:\projects\flutter\49\49-mobile-app\lib\features\social_media\social_posts\domain\usecases\face_advertisement_use_case.dart", "Dart", 16, 0, 2, 18
"d:\projects\flutter\49\49-mobile-app\lib\features\social_media\social_posts\domain\usecases\face_tweet_use_case.dart", "Dart", 15, 0, 2, 17
"d:\projects\flutter\49\49-mobile-app\lib\features\social_media\social_posts\domain\usecases\follow_user_usecase.dart", "Dart", 12, 0, 2, 14
"d:\projects\flutter\49\49-mobile-app\lib\features\social_media\social_posts\domain\usecases\friend_request_usecase.dart", "Dart", 12, 0, 2, 14
"d:\projects\flutter\49\49-mobile-app\lib\features\social_media\social_posts\domain\usecases\get_feed_usecase.dart", "Dart", 15, 0, 2, 17
"d:\projects\flutter\49\49-mobile-app\lib\features\social_media\social_posts\domain\usecases\get_post_comment_replies_usecase.dart", "Dart", 16, 0, 2, 18
"d:\projects\flutter\49\49-mobile-app\lib\features\social_media\social_posts\domain\usecases\get_post_comments_usecase.dart", "Dart", 40, 0, 3, 43
"d:\projects\flutter\49\49-mobile-app\lib\features\social_media\social_posts\domain\usecases\get_post_usecase.dart", "Dart", 13, 0, 2, 15
"d:\projects\flutter\49\49-mobile-app\lib\features\social_media\social_posts\domain\usecases\get_user_posts_usecase.dart", "Dart", 27, 0, 3, 30
"d:\projects\flutter\49\49-mobile-app\lib\features\social_media\social_posts\domain\usecases\hide_post_usecase.dart", "Dart", 12, 0, 2, 14
"d:\projects\flutter\49\49-mobile-app\lib\features\social_media\social_posts\domain\usecases\post_comment_usecase.dart", "Dart", 24, 1, 3, 28
"d:\projects\flutter\49\49-mobile-app\lib\features\social_media\social_posts\domain\usecases\post_react_usecase.dart", "Dart", 23, 1, 3, 27
"d:\projects\flutter\49\49-mobile-app\lib\features\social_media\social_posts\domain\usecases\remove_friend_request_usecase.dart", "Dart", 12, 0, 2, 14
"d:\projects\flutter\49\49-mobile-app\lib\features\social_media\social_posts\domain\usecases\remove_suggest_user_usecase.dart", "Dart", 12, 0, 2, 14
"d:\projects\flutter\49\49-mobile-app\lib\features\social_media\social_posts\domain\usecases\send_greet_message_usecase.dart", "Dart", 12, 0, 2, 14
"d:\projects\flutter\49\49-mobile-app\lib\features\social_media\social_posts\domain\usecases\share_post_usecase.dart", "Dart", 12, 3, 2, 17
"d:\projects\flutter\49\49-mobile-app\lib\features\social_media\social_posts\domain\usecases\suggest_friends_usecase.dart", "Dart", 27, 0, 3, 30
"d:\projects\flutter\49\49-mobile-app\lib\features\social_media\social_posts\domain\usecases\un_follow_user_usecase.dart", "Dart", 12, 0, 2, 14
"d:\projects\flutter\49\49-mobile-app\lib\features\social_media\social_posts\domain\usecases\user_profile_usecase.dart", "Dart", 13, 0, 2, 15
"d:\projects\flutter\49\49-mobile-app\lib\features\social_media\social_posts\presentation\cubit\social_posts_cubit.dart", "Dart", 584, 15, 51, 650
"d:\projects\flutter\49\49-mobile-app\lib\features\social_media\social_posts\presentation\cubit\social_posts_state.dart", "Dart", 61, 0, 2, 63
"d:\projects\flutter\49\49-mobile-app\lib\features\social_media\social_posts\presentation\pages\Social_home.dart", "Dart", 113, 2, 7, 122
"d:\projects\flutter\49\49-mobile-app\lib\features\social_media\social_posts\presentation\pages\my_account_view.dart", "Dart", 159, 1, 5, 165
"d:\projects\flutter\49\49-mobile-app\lib\features\social_media\social_posts\presentation\pages\other_account_view.dart", "Dart", 332, 10, 11, 353
"d:\projects\flutter\49\49-mobile-app\lib\features\social_media\social_posts\presentation\pages\post_details_page.dart", "Dart", 256, 4, 9, 269
"d:\projects\flutter\49\49-mobile-app\lib\features\social_media\social_posts\presentation\pages\show_post_images.dart", "Dart", 62, 3, 6, 71
"d:\projects\flutter\49\49-mobile-app\lib\features\social_media\social_posts\presentation\widgets\account\high_lights_section.dart", "Dart", 8, 4, 3, 15
"d:\projects\flutter\49\49-mobile-app\lib\features\social_media\social_posts\presentation\widgets\account\media_section.dart", "Dart", 20, 0, 4, 24
"d:\projects\flutter\49\49-mobile-app\lib\features\social_media\social_posts\presentation\widgets\account\posts_section.dart", "Dart", 8, 4, 3, 15
"d:\projects\flutter\49\49-mobile-app\lib\features\social_media\social_posts\presentation\widgets\account\user_post_card.dart", "Dart", 545, 7, 21, 573
"d:\projects\flutter\49\49-mobile-app\lib\features\social_media\social_posts\presentation\widgets\account\user_posts.dart", "Dart", 109, 7, 6, 122
"d:\projects\flutter\49\49-mobile-app\lib\features\social_media\social_posts\presentation\widgets\account\user_reels.dart", "Dart", 85, 0, 4, 89
"d:\projects\flutter\49\49-mobile-app\lib\features\social_media\social_posts\presentation\widgets\account\user_tweets.dart", "Dart", 153, 6, 6, 165
"d:\projects\flutter\49\49-mobile-app\lib\features\social_media\social_posts\presentation\widgets\facebook_widgets\build_facebook_body.dart", "Dart", 184, 3, 6, 193
"d:\projects\flutter\49\49-mobile-app\lib\features\social_media\social_posts\presentation\widgets\facebook_widgets\build_people_you_may_know.dart", "Dart", 386, 4, 8, 398
"d:\projects\flutter\49\49-mobile-app\lib\features\social_media\social_posts\presentation\widgets\facebook_widgets\build_reactions_buttons.dart", "Dart", 316, 0, 17, 333
"d:\projects\flutter\49\49-mobile-app\lib\features\social_media\social_posts\presentation\widgets\facebook_widgets\image_from_internet.dart", "Dart", 67, 0, 3, 70
"d:\projects\flutter\49\49-mobile-app\lib\features\social_media\social_posts\presentation\widgets\facebook_widgets\new_reactions.dart", "Dart", 63, 0, 9, 72
"d:\projects\flutter\49\49-mobile-app\lib\features\social_media\social_posts\presentation\widgets\facebook_widgets\user_image.dart", "Dart", 41, 0, 4, 45
"d:\projects\flutter\49\49-mobile-app\lib\features\social_media\social_posts\presentation\widgets\posts\PostCard.dart", "Dart", 0, 599, 23, 622
"d:\projects\flutter\49\49-mobile-app\lib\features\social_media\social_posts\presentation\widgets\posts\PostOptions.dart", "Dart", 0, 142, 1, 143
"d:\projects\flutter\49\49-mobile-app\lib\features\social_media\social_posts\presentation\widgets\posts\Stories.dart", "Dart", 131, 0, 6, 137
"d:\projects\flutter\49\49-mobile-app\lib\features\social_media\social_posts\presentation\widgets\posts\comment_card.dart", "Dart", 129, 10, 4, 143
"d:\projects\flutter\49\49-mobile-app\lib\features\social_media\social_posts\presentation\widgets\posts\comment_replies.dart", "Dart", 194, 3, 6, 203
"d:\projects\flutter\49\49-mobile-app\lib\features\social_media\social_posts\presentation\widgets\posts\create_post_banner.dart", "Dart", 64, 0, 4, 68
"d:\projects\flutter\49\49-mobile-app\lib\features\social_media\social_posts\presentation\widgets\posts\facebook_advirtesement_card.dart", "Dart", 117, 19, 3, 139
"d:\projects\flutter\49\49-mobile-app\lib\features\social_media\social_posts\presentation\widgets\posts\facebook_global_posts.dart", "Dart", 0, 0, 2, 2
"d:\projects\flutter\49\49-mobile-app\lib\features\social_media\social_posts\presentation\widgets\posts\facebook_post_card.dart", "Dart", 658, 8, 19, 685
"d:\projects\flutter\49\49-mobile-app\lib\features\social_media\social_posts\presentation\widgets\posts\facebook_post_comments.dart", "Dart", 200, 2, 6, 208
"d:\projects\flutter\49\49-mobile-app\lib\features\social_media\social_posts\presentation\widgets\posts\facebook_tweet_card.dart", "Dart", 329, 9, 5, 343
"d:\projects\flutter\49\49-mobile-app\lib\features\social_media\social_posts\presentation\widgets\posts\reply_card.dart", "Dart", 97, 0, 4, 101
"d:\projects\flutter\49\49-mobile-app\lib\features\social_media\tinder\authentication\presentation\controllers\user_cubit\user_cubit.dart", "Dart", 0, 1, 1, 2
"d:\projects\flutter\49\49-mobile-app\lib\features\social_media\tinder\data\models\add_category_model.dart", "Dart", 58, 0, 12, 70
"d:\projects\flutter\49\49-mobile-app\lib\features\social_media\tinder\data\models\anonymous_chat_model.dart", "Dart", 148, 0, 16, 164
"d:\projects\flutter\49\49-mobile-app\lib\features\social_media\tinder\data\models\fav_category_model.dart", "Dart", 295, 0, 26, 321
"d:\projects\flutter\49\49-mobile-app\lib\features\social_media\tinder\data\models\get_fav_sub_category_model.dart", "Dart", 83, 93, 13, 189
"d:\projects\flutter\49\49-mobile-app\lib\features\social_media\tinder\data\models\gift_model.dart", "Dart", 46, 0, 9, 55
"d:\projects\flutter\49\49-mobile-app\lib\features\social_media\tinder\data\models\last_seen_model.dart", "Dart", 55, 0, 10, 65
"d:\projects\flutter\49\49-mobile-app\lib\features\social_media\tinder\data\models\main_category_model.dart", "Dart", 76, 0, 12, 88
"d:\projects\flutter\49\49-mobile-app\lib\features\social_media\tinder\data\models\near_by_model.dart", "Dart", 33, 0, 9, 42
"d:\projects\flutter\49\49-mobile-app\lib\features\social_media\tinder\data\models\normal_chat_model.dart", "Dart", 152, 0, 16, 168
"d:\projects\flutter\49\49-mobile-app\lib\features\social_media\tinder\data\models\profile_user_model.dart", "Dart", 150, 0, 23, 173
"d:\projects\flutter\49\49-mobile-app\lib\features\social_media\tinder\data\models\send_gift_model.dart", "Dart", 65, 0, 11, 76
"d:\projects\flutter\49\49-mobile-app\lib\features\social_media\tinder\data\models\tinder_person_model.dart", "Dart", 126, 0, 17, 143
"d:\projects\flutter\49\49-mobile-app\lib\features\social_media\tinder\data\models\tinder_subcategory_model.dart", "Dart", 217, 0, 10, 227
"d:\projects\flutter\49\49-mobile-app\lib\features\social_media\tinder\data\shared\shared.dart", "Dart", 169, 74, 20, 263
"d:\projects\flutter\49\49-mobile-app\lib\features\social_media\tinder\data\shared\tinder_shared_utils.dart", "Dart", 157, 0, 17, 174
"d:\projects\flutter\49\49-mobile-app\lib\features\social_media\tinder\presentation\cubit\gift_cubit.dart", "Dart", 71, 0, 16, 87
"d:\projects\flutter\49\49-mobile-app\lib\features\social_media\tinder\presentation\cubit\tinder_cubit.dart", "Dart", 440, 146, 87, 673
"d:\projects\flutter\49\49-mobile-app\lib\features\social_media\tinder\presentation\cubit\tinder_state.dart", "Dart", 224, 7, 27, 258
"d:\projects\flutter\49\49-mobile-app\lib\features\social_media\tinder\presentation\pages\tinder_sub_category_ads_view.dart", "Dart", 209, 1, 21, 231
"d:\projects\flutter\49\49-mobile-app\lib\features\social_media\tinder\presentation\pages\tinder_view.dart", "Dart", 262, 336, 33, 631
"d:\projects\flutter\49\49-mobile-app\lib\features\social_media\tinder\presentation\pages\user_profile.dart", "Dart", 316, 0, 34, 350
"d:\projects\flutter\49\49-mobile-app\lib\features\social_media\tinder\presentation\widgets\tinder_card_stack.dart", "Dart", 628, 11, 25, 664
"d:\projects\flutter\49\49-mobile-app\lib\features\social_media\tinder\presentation\widgets\tinder_person_card.dart", "Dart", 0, 91, 1, 92
"d:\projects\flutter\49\49-mobile-app\lib\features\social_media\tinder\presentation\widgets\tinder_person_options_widget.dart", "Dart", 0, 10, 1, 11
"d:\projects\flutter\49\49-mobile-app\lib\features\social_media\tinder\presentation\widgets\tinder_sub_category_card.dart", "Dart", 164, 252, 11, 427
"d:\projects\flutter\49\49-mobile-app\lib\features\social_media\twitter\data\datasources\twitter_remote_datasource.dart", "Dart", 153, 1, 25, 179
"d:\projects\flutter\49\49-mobile-app\lib\features\social_media\twitter\data\models\twitter_comment_model.dart", "Dart", 31, 0, 2, 33
"d:\projects\flutter\49\49-mobile-app\lib\features\social_media\twitter\data\models\twitter_comment_reply_model.dart", "Dart", 32, 0, 2, 34
"d:\projects\flutter\49\49-mobile-app\lib\features\social_media\twitter\data\models\twitter_main_post_model.dart", "Dart", 36, 7, 2, 45
"d:\projects\flutter\49\49-mobile-app\lib\features\social_media\twitter\data\models\twitter_post_comment_model.dart", "Dart", 35, 2, 2, 39
"d:\projects\flutter\49\49-mobile-app\lib\features\social_media\twitter\data\models\twitter_post_model.dart", "Dart", 54, 3, 3, 60
"d:\projects\flutter\49\49-mobile-app\lib\features\social_media\twitter\data\models\twitter_user_model.dart", "Dart", 25, 0, 2, 27
"d:\projects\flutter\49\49-mobile-app\lib\features\social_media\twitter\data\repositories\twitter_repo_impl.dart", "Dart", 87, 0, 16, 103
"d:\projects\flutter\49\49-mobile-app\lib\features\social_media\twitter\domain\entities\category_report_entity.dart", "Dart", 5, 0, 2, 7
"d:\projects\flutter\49\49-mobile-app\lib\features\social_media\twitter\domain\entities\twitter_comment_entity.dart", "Dart", 31, 0, 4, 35
"d:\projects\flutter\49\49-mobile-app\lib\features\social_media\twitter\domain\entities\twitter_comment_reply_entity.dart", "Dart", 30, 0, 3, 33
"d:\projects\flutter\49\49-mobile-app\lib\features\social_media\twitter\domain\entities\twitter_main_post_entity.dart", "Dart", 80, 0, 9, 89
"d:\projects\flutter\49\49-mobile-app\lib\features\social_media\twitter\domain\entities\twitter_post_comment_entity.dart", "Dart", 34, 2, 3, 39
"d:\projects\flutter\49\49-mobile-app\lib\features\social_media\twitter\domain\entities\twitter_post_entity.dart", "Dart", 86, 0, 8, 94
"d:\projects\flutter\49\49-mobile-app\lib\features\social_media\twitter\domain\entities\twitter_user_entity.dart", "Dart", 22, 0, 3, 25
"d:\projects\flutter\49\49-mobile-app\lib\features\social_media\twitter\domain\repositories\twitter_repo.dart", "Dart", 41, 0, 3, 44
"d:\projects\flutter\49\49-mobile-app\lib\features\social_media\twitter\domain\usecases\comment_react_usecase.dart", "Dart", 24, 0, 3, 27
"d:\projects\flutter\49\49-mobile-app\lib\features\social_media\twitter\domain\usecases\comment_reply_usecase.dart", "Dart", 30, 0, 3, 33
"d:\projects\flutter\49\49-mobile-app\lib\features\social_media\twitter\domain\usecases\delete_twitter_post_usecase.dart", "Dart", 12, 0, 2, 14
"d:\projects\flutter\49\49-mobile-app\lib\features\social_media\twitter\domain\usecases\get_comment_replies_usecase.dart", "Dart", 16, 0, 2, 18
"d:\projects\flutter\49\49-mobile-app\lib\features\social_media\twitter\domain\usecases\get_feed_usecase.dart", "Dart", 25, 1, 3, 29
"d:\projects\flutter\49\49-mobile-app\lib\features\social_media\twitter\domain\usecases\get_post_comment_reply_usecase.dart", "Dart", 16, 0, 2, 18
"d:\projects\flutter\49\49-mobile-app\lib\features\social_media\twitter\domain\usecases\get_post_comments_usecase.dart", "Dart", 16, 0, 2, 18
"d:\projects\flutter\49\49-mobile-app\lib\features\social_media\twitter\domain\usecases\get_twitter_post_usecase.dart", "Dart", 13, 0, 2, 15
"d:\projects\flutter\49\49-mobile-app\lib\features\social_media\twitter\domain\usecases\get_user_posts_usecase.dart", "Dart", 24, 0, 4, 28
"d:\projects\flutter\49\49-mobile-app\lib\features\social_media\twitter\domain\usecases\hide_twitter_post_usecase.dart", "Dart", 12, 0, 2, 14
"d:\projects\flutter\49\49-mobile-app\lib\features\social_media\twitter\domain\usecases\post_comment_usecase.dart", "Dart", 26, 1, 3, 30
"d:\projects\flutter\49\49-mobile-app\lib\features\social_media\twitter\domain\usecases\post_react_usecase.dart", "Dart", 22, 0, 3, 25
"d:\projects\flutter\49\49-mobile-app\lib\features\social_media\twitter\domain\usecases\request_document_usecase.dart", "Dart", 25, 0, 4, 29
"d:\projects\flutter\49\49-mobile-app\lib\features\social_media\twitter\domain\usecases\share_twitter_post_usecase.dart", "Dart", 12, 3, 2, 17
"d:\projects\flutter\49\49-mobile-app\lib\features\social_media\twitter\domain\usecases\twitter_report_usecase.dart", "Dart", 34, 0, 3, 37
"d:\projects\flutter\49\49-mobile-app\lib\features\social_media\twitter\presentation\bloc\twitter_bloc.dart", "Dart", 352, 10, 43, 405
"d:\projects\flutter\49\49-mobile-app\lib\features\social_media\twitter\presentation\bloc\twitter_state.dart", "Dart", 89, 0, 5, 94
"d:\projects\flutter\49\49-mobile-app\lib\features\social_media\twitter\presentation\pages\twitter_post_details.dart", "Dart", 135, 8, 7, 150
"d:\projects\flutter\49\49-mobile-app\lib\features\social_media\twitter\presentation\pages\twitter_view.dart", "Dart", 210, 12, 14, 236
"d:\projects\flutter\49\49-mobile-app\lib\features\social_media\twitter\presentation\widgets\build_meta_verified.dart", "Dart", 251, 6, 11, 268
"d:\projects\flutter\49\49-mobile-app\lib\features\social_media\twitter\presentation\widgets\build_twitter_document_card.dart", "Dart", 81, 0, 4, 85
"d:\projects\flutter\49\49-mobile-app\lib\features\social_media\twitter\presentation\widgets\report_view.dart", "Dart", 155, 162, 8, 325
"d:\projects\flutter\49\49-mobile-app\lib\features\social_media\twitter\presentation\widgets\twitter_comment_card.dart", "Dart", 117, 0, 4, 121
"d:\projects\flutter\49\49-mobile-app\lib\features\social_media\twitter\presentation\widgets\twitter_comment_replied.dart", "Dart", 182, 0, 6, 188
"d:\projects\flutter\49\49-mobile-app\lib\features\social_media\twitter\presentation\widgets\twitter_global_posts.dart", "Dart", 0, 119, 6, 125
"d:\projects\flutter\49\49-mobile-app\lib\features\social_media\twitter\presentation\widgets\twitter_post_card.dart", "Dart", 503, 42, 17, 562
"d:\projects\flutter\49\49-mobile-app\lib\features\social_media\twitter\presentation\widgets\twitter_post_comments.dart", "Dart", 210, 15, 12, 237
"d:\projects\flutter\49\49-mobile-app\lib\features\social_media\twitter\presentation\widgets\twitter_reply_card.dart", "Dart", 110, 0, 4, 114
"d:\projects\flutter\49\49-mobile-app\lib\features\social_media\voice_meeting\presentation\bloc\voice_meeting_bloc.dart", "Dart", 10, 1, 3, 14
"d:\projects\flutter\49\49-mobile-app\lib\features\social_media\voice_meeting\presentation\bloc\voice_meeting_event.dart", "Dart", 6, 0, 3, 9
"d:\projects\flutter\49\49-mobile-app\lib\features\social_media\voice_meeting\presentation\bloc\voice_meeting_state.dart", "Dart", 7, 0, 4, 11
"d:\projects\flutter\49\49-mobile-app\lib\features\subcategories\data\datasources\subcategories_remote_datasource.dart", "Dart", 38, 0, 8, 46
"d:\projects\flutter\49\49-mobile-app\lib\features\subcategories\data\models\sub_category_model.dart", "Dart", 30, 0, 5, 35
"d:\projects\flutter\49\49-mobile-app\lib\features\subcategories\data\repositories\subcategories_repo_impl.dart", "Dart", 19, 0, 5, 24
"d:\projects\flutter\49\49-mobile-app\lib\features\subcategories\domain\entities\sub_category_entity.dart", "Dart", 14, 0, 2, 16
"d:\projects\flutter\49\49-mobile-app\lib\features\subcategories\domain\repositories\subcategories_repo.dart", "Dart", 9, 0, 3, 12
"d:\projects\flutter\49\49-mobile-app\lib\features\subcategories\domain\usecases\get_sub_categories_use_case.dart", "Dart", 22, 0, 5, 27
"d:\projects\flutter\49\49-mobile-app\lib\features\subcategories\domain\usecases\toggle_favorite_subcategory.dart", "Dart", 12, 0, 4, 16
"d:\projects\flutter\49\49-mobile-app\lib\features\subcategories\presentation\cubit\subcategories_cubit.dart", "Dart", 27, 0, 8, 35
"d:\projects\flutter\49\49-mobile-app\lib\features\subcategories\presentation\cubit\subcategories_state.dart", "Dart", 27, 0, 5, 32
"d:\projects\flutter\49\49-mobile-app\lib\features\subcategories\presentation\pages\subcategories_view.dart", "Dart", 51, 0, 6, 57
"d:\projects\flutter\49\49-mobile-app\lib\features\subcategories\presentation\widgets\subcategory_card.dart", "Dart", 97, 0, 6, 103
"d:\projects\flutter\49\49-mobile-app\lib\features\subcategories\presentation\widgets\subcategory_card_selected.dart", "Dart", 93, 14, 4, 111
"d:\projects\flutter\49\49-mobile-app\lib\features\subscripe\data\datasources\subscribe_remote_datasource.dart", "Dart", 58, 0, 10, 68
"d:\projects\flutter\49\49-mobile-app\lib\features\subscripe\data\models\subscribtion_plans_model.dart", "Dart", 10, 0, 2, 12
"d:\projects\flutter\49\49-mobile-app\lib\features\subscripe\data\models\subscription_amount_model.dart", "Dart", 16, 0, 3, 19
"d:\projects\flutter\49\49-mobile-app\lib\features\subscripe\data\repositories\subscribtion_plans_repo_impl.dart", "Dart", 30, 0, 9, 39
"d:\projects\flutter\49\49-mobile-app\lib\features\subscripe\domain\entities\subscription_amount_entity.dart", "Dart", 12, 0, 2, 14
"d:\projects\flutter\49\49-mobile-app\lib\features\subscripe\domain\entities\subscription_plans_entity.dart", "Dart", 8, 0, 1, 9
"d:\projects\flutter\49\49-mobile-app\lib\features\subscripe\domain\repositories\subscription_plans_repo.dart", "Dart", 14, 0, 3, 17
"d:\projects\flutter\49\49-mobile-app\lib\features\subscripe\domain\usecases\check_if_user_subscribed_usecase.dart", "Dart", 12, 0, 2, 14
"d:\projects\flutter\49\49-mobile-app\lib\features\subscripe\domain\usecases\get_active_subscription_amounts.dart", "Dart", 15, 0, 4, 19
"d:\projects\flutter\49\49-mobile-app\lib\features\subscripe\domain\usecases\get_subscription_plans_usecase.dart", "Dart", 14, 0, 2, 16
"d:\projects\flutter\49\49-mobile-app\lib\features\subscripe\domain\usecases\subscribe_usecase.dart", "Dart", 30, 0, 3, 33
"d:\projects\flutter\49\49-mobile-app\lib\features\subscripe\presentation\controllers\subscription_controller.dart", "Dart", 102, 3, 9, 114
"d:\projects\flutter\49\49-mobile-app\lib\features\subscripe\presentation\widgets\amounts.dart", "Dart", 64, 0, 5, 69
"d:\projects\flutter\49\49-mobile-app\lib\features\subscripe\presentation\widgets\subscription_plans.dart", "Dart", 158, 0, 8, 166
"d:\projects\flutter\49\49-mobile-app\lib\features\subscripe\presentation\widgets\wallets.dart", "Dart", 20, 0, 3, 23
"d:\projects\flutter\49\49-mobile-app\lib\features\youtube\presentation\bloc\youtube_bloc.dart", "Dart", 10, 1, 3, 14
"d:\projects\flutter\49\49-mobile-app\lib\features\youtube\presentation\bloc\youtube_event.dart", "Dart", 6, 0, 3, 9
"d:\projects\flutter\49\49-mobile-app\lib\features\youtube\presentation\bloc\youtube_state.dart", "Dart", 7, 0, 4, 11
"d:\projects\flutter\49\49-mobile-app\lib\features\youtube\presentation\pages\play_video.dart", "Dart", 138, 2, 10, 150
"d:\projects\flutter\49\49-mobile-app\lib\features\youtube\presentation\pages\youtube.dart", "Dart", 35, 0, 5, 40
"d:\projects\flutter\49\49-mobile-app\lib\features\youtube\presentation\widgets\youtube_video_card.dart", "Dart", 103, 0, 6, 109
"d:\projects\flutter\49\49-mobile-app\lib\features\zoom\data\data_source\meeting_data_source.dart", "Dart", 35, 2, 7, 44
"d:\projects\flutter\49\49-mobile-app\lib\features\zoom\data\repository\meeting_repository_impl.dart", "Dart", 21, 0, 8, 29
"d:\projects\flutter\49\49-mobile-app\lib\features\zoom\domain\repositories\meeting_repository.dart", "Dart", 8, 0, 3, 11
"d:\projects\flutter\49\49-mobile-app\lib\features\zoom\domain\usecases\add_room_use_case.dart", "Dart", 26, 1, 7, 34
"d:\projects\flutter\49\49-mobile-app\lib\features\zoom\domain\usecases\end_room_use_case.dart", "Dart", 13, 0, 4, 17
"d:\projects\flutter\49\49-mobile-app\lib\features\zoom\domain\usecases\join_room_use_case.dart", "Dart", 13, 0, 4, 17
"d:\projects\flutter\49\49-mobile-app\lib\features\zoom\presentation\bloc\signal_service.dart", "Dart", 20, 5, 7, 32
"d:\projects\flutter\49\49-mobile-app\lib\features\zoom\presentation\bloc\zoom_cubit.dart", "Dart", 49, 1, 7, 57
"d:\projects\flutter\49\49-mobile-app\lib\features\zoom\presentation\bloc\zoom_state.dart", "Dart", 22, 0, 14, 36
"d:\projects\flutter\49\49-mobile-app\lib\features\zoom\presentation\pages\meeting_room.dart", "Dart", 175, 8, 13, 196
"d:\projects\flutter\49\49-mobile-app\lib\features\zoom\presentation\pages\meeting_view.dart", "Dart", 97, 2, 7, 106
"d:\projects\flutter\49\49-mobile-app\lib\features\zoom\presentation\widgets\custom_avatar_builder.dart", "Dart", 32, 0, 3, 35
"d:\projects\flutter\49\49-mobile-app\lib\features\zoom\presentation\widgets\meeting_dialogue.dart", "Dart", 124, 4, 8, 136
"d:\projects\flutter\49\49-mobile-app\lib\features\zoom\presentation\widgets\meeting_participants.dart", "Dart", 52, 0, 4, 56
"d:\projects\flutter\49\49-mobile-app\lib\firebase_options.dart", "Dart", 57, 12, 4, 73
"d:\projects\flutter\49\49-mobile-app\lib\helpers\BitmapDescriptor.dart", "Dart", 61, 6, 17, 84
"d:\projects\flutter\49\49-mobile-app\lib\helpers\social_login_helpers.dart", "Dart", 0, 18, 4, 22
"d:\projects\flutter\49\49-mobile-app\lib\main.dart", "Dart", 66, 17, 6, 89
"d:\projects\flutter\49\49-mobile-app\lib\res\assets\assets.dart", "Dart", 69, 5, 7, 81
"d:\projects\flutter\49\49-mobile-app\lib\res\assets\jsons.dart", "Dart", 49, 4, 1, 54
"d:\projects\flutter\49\49-mobile-app\lib\res\strings\labels.dart", "Dart", 177, 1, 2, 180
"d:\projects\flutter\49\49-mobile-app\lib\res\style\app_colors.dart", "Dart", 70, 1, 12, 83
"d:\projects\flutter\49\49-mobile-app\lib\res\style\const.dart", "Dart", 31, 2, 6, 39
"d:\projects\flutter\49\49-mobile-app\lib\res\style\styles.dart", "Dart", 43, 2, 4, 49
"d:\projects\flutter\49\49-mobile-app\lib\routes\pages.dart", "Dart", 964, 29, 16, 1009
"d:\projects\flutter\49\49-mobile-app\lib\routes\routes.dart", "Dart", 207, 1, 21, 229
"d:\projects\flutter\49\49-mobile-app\lib\service_locator\account_service_locator.dart", "Dart", 78, 1, 7, 86
"d:\projects\flutter\49\49-mobile-app\lib\service_locator\auction_service_locator.dart", "Dart", 71, 1, 6, 78
"d:\projects\flutter\49\49-mobile-app\lib\service_locator\auth_service_locator.dart", "Dart", 150, 4, 6, 160
"d:\projects\flutter\49\49-mobile-app\lib\service_locator\club_voice_service_locator.dart", "Dart", 42, 3, 4, 49
"d:\projects\flutter\49\49-mobile-app\lib\service_locator\food_service_locator.dart", "Dart", 147, 1, 6, 154
"d:\projects\flutter\49\49-mobile-app\lib\service_locator\fourty_nine_service_locator.dart", "Dart", 363, 4, 12, 379
"d:\projects\flutter\49\49-mobile-app\lib\service_locator\health_service_locator.dart", "Dart", 268, 4, 19, 291
"d:\projects\flutter\49\49-mobile-app\lib\service_locator\installment_service_locator.dart", "Dart", 61, 0, 6, 67
"d:\projects\flutter\49\49-mobile-app\lib\service_locator\meeting_service_locator.dart", "Dart", 30, 3, 4, 37
"d:\projects\flutter\49\49-mobile-app\lib\service_locator\reels_service_locator.dart", "Dart", 0, 36, 1, 37
"d:\projects\flutter\49\49-mobile-app\lib\service_locator\ride_service_locator.dart", "Dart", 130, 5, 8, 143
"d:\projects\flutter\49\49-mobile-app\lib\service_locator\service_locator.dart", "Dart", 116, 23, 13, 152
"d:\projects\flutter\49\49-mobile-app\lib\service_locator\shipping_service_locatior.dart", "Dart", 31, 3, 2, 36
"d:\projects\flutter\49\49-mobile-app\lib\service_locator\social_service_locator.dart", "Dart", 380, 1, 67, 448
"d:\projects\flutter\49\49-mobile-app\lib\service_locator\subcategories_service_locator.dart", "Dart", 18, 4, 2, 24
"d:\projects\flutter\49\49-mobile-app\lib\service_locator\subscribe_service_locator.dart", "Dart", 44, 4, 3, 51
"d:\projects\flutter\49\49-mobile-app\lib\service_locator\theme_service_locator.dart", "Dart", 7, 0, 3, 10
"d:\projects\flutter\49\49-mobile-app\lib\service_locator\tinder_service_locator.dart", "Dart", 0, 28, 1, 29
"d:\projects\flutter\49\49-mobile-app\lib\service_locator\wheel_service_locator.dart", "Dart", 54, 2, 7, 63
"Total", "-", 95704, 8632, 11769, 116105